[prepare] llama-quantize found: /opt/homebrew/bin/llama-quantize
[prepare] === gemma3-4b ===
[prepare] quantized file exists, skipping: ./models/gemma3-4b/gemma3-4b-Q8_0.gguf (3.9G)
[prepare] quantized file exists, skipping: ./models/gemma3-4b/gemma3-4b-Q4_K_M.gguf (2.3G)
[prepare] quantized file exists, skipping: ./models/gemma3-4b/gemma3-4b-Q4_0.gguf (2.2G)
[prepare] quantized file exists, skipping: ./models/gemma3-4b/gemma3-4b-Q2_K.gguf (1.6G)
[prepare] === gemma4-e2b ===
[prepare] existing quantized file looks partial; rebuilding: ./models/gemma4-e2b/gemma4-e2b-Q8_0.gguf (41M)
[prepare] quantizing: ./models/gemma4-e2b/google_gemma-4-E2B-it-bf16.gguf -> ./models/gemma4-e2b/gemma4-e2b-Q8_0.gguf (Q8_0)
load_backend: loaded BLAS backend from /opt/homebrew/Cellar/ggml/0.13.1/libexec/libggml-blas.so
ggml_metal_device_init: tensor API disabled for pre-M5 and pre-A19 devices
ggml_metal_library_init: using embedded metal library
ggml_metal_library_init: loaded in 0.023 sec
ggml_metal_rsets_init: creating a residency set collection (keep_alive = 180 s)
ggml_metal_device_init: GPU name:   MTL0 (Apple M4)
ggml_metal_device_init: GPU family: MTLGPUFamilyApple9  (1009)
ggml_metal_device_init: GPU family: MTLGPUFamilyCommon3 (3003)
ggml_metal_device_init: GPU family: MTLGPUFamilyMetal4  (5002)
ggml_metal_device_init: simdgroup reduction   = true
ggml_metal_device_init: simdgroup matrix mul. = true
ggml_metal_device_init: has unified memory    = true
ggml_metal_device_init: has bfloat            = true
ggml_metal_device_init: has tensor            = false
ggml_metal_device_init: use residency sets    = true
ggml_metal_device_init: use shared buffers    = true
ggml_metal_device_init: recommendedMaxWorkingSetSize  = 12713.12 MB
load_backend: loaded MTL backend from /opt/homebrew/Cellar/ggml/0.13.1/libexec/libggml-metal.so
load_backend: loaded CPU backend from /opt/homebrew/Cellar/ggml/0.13.1/libexec/libggml-cpu-apple_m4.so
llama_print_build_info: build = 9430 (d48a56eff)
llama_print_build_info: built with AppleClang 21.0.0.21000099 for Darwin arm64
llama_quantize: quantizing './models/gemma4-e2b/google_gemma-4-E2B-it-bf16.gguf' to './models/gemma4-e2b/gemma4-e2b-Q8_0.gguf.incomplete' as Q8_0
llama_model_loader: loaded meta data with 45 key-value pairs and 601 tensors from ./models/gemma4-e2b/google_gemma-4-E2B-it-bf16.gguf (version GGUF V3 (latest))
llama_model_loader: Dumping metadata keys/values. Note: KV overrides do not apply in this output.
llama_model_loader: - kv   0:                       general.architecture str              = gemma4
llama_model_loader: - kv   1:                               general.type str              = model
llama_model_loader: - kv   2:                     general.sampling.top_k i32              = 64
llama_model_loader: - kv   3:                     general.sampling.top_p f32              = 0.950000
llama_model_loader: - kv   4:                      general.sampling.temp f32              = 1.000000
llama_model_loader: - kv   5:                               general.name str              = Gemma 4 E2B It
llama_model_loader: - kv   6:                         general.size_label str              = 4.6B
llama_model_loader: - kv   7:                            general.license str              = apache-2.0
llama_model_loader: - kv   8:                       general.license.link str              = https://ai.google.dev/gemma/docs/gemm...
llama_model_loader: - kv   9:                               general.tags arr[str,1]       = ["any-to-any"]
llama_model_loader: - kv  10:                         gemma4.block_count u32              = 35
llama_model_loader: - kv  11:                      gemma4.context_length u32              = 131072
llama_model_loader: - kv  12:                    gemma4.embedding_length u32              = 1536
llama_model_loader: - kv  13:                 gemma4.feed_forward_length arr[i32,35]      = [6144, 6144, 6144, 6144, 6144, 6144, ...
llama_model_loader: - kv  14:                gemma4.attention.head_count u32              = 8
llama_model_loader: - kv  15:             gemma4.attention.head_count_kv u32              = 1
llama_model_loader: - kv  16:                      gemma4.rope.freq_base f32              = 1000000.000000
llama_model_loader: - kv  17:                  gemma4.rope.freq_base_swa f32              = 10000.000000
llama_model_loader: - kv  18:    gemma4.attention.layer_norm_rms_epsilon f32              = 0.000001
llama_model_loader: - kv  19:                gemma4.attention.key_length u32              = 512
llama_model_loader: - kv  20:              gemma4.attention.value_length u32              = 512
llama_model_loader: - kv  21:                          general.file_type u32              = 32
llama_model_loader: - kv  22:             gemma4.final_logit_softcapping f32              = 30.000000
llama_model_loader: - kv  23:            gemma4.attention.sliding_window u32              = 512
llama_model_loader: - kv  24:          gemma4.attention.shared_kv_layers u32              = 20
llama_model_loader: - kv  25:    gemma4.embedding_length_per_layer_input u32              = 256
llama_model_loader: - kv  26:    gemma4.attention.sliding_window_pattern arr[bool,35]     = [true, true, true, true, false, true,...
llama_model_loader: - kv  27:            gemma4.attention.key_length_swa u32              = 256
llama_model_loader: - kv  28:          gemma4.attention.value_length_swa u32              = 256
llama_model_loader: - kv  29:                gemma4.rope.dimension_count u32              = 512
llama_model_loader: - kv  30:            gemma4.rope.dimension_count_swa u32              = 256
llama_model_loader: - kv  31:               general.quantization_version u32              = 2
llama_model_loader: - kv  32:                       tokenizer.ggml.model str              = gemma4
llama_model_loader: - kv  33:                      tokenizer.ggml.tokens arr[str,262144]  = ["<pad>", "<eos>", "<bos>", "<unk>", ...
llama_model_loader: - kv  34:                      tokenizer.ggml.scores arr[f32,262144]  = [-1000.000000, -1000.000000, -1000.00...
llama_model_loader: - kv  35:                  tokenizer.ggml.token_type arr[i32,262144]  = [3, 3, 3, 3, 3, 1, 1, 1, 1, 1, 1, 1, ...
llama_model_loader: - kv  36:                      tokenizer.ggml.merges arr[str,514906]  = ["\n\n\n\n\n\n\n\n\n\n\n\n\n\n\n\n\n\n\n\n\n\n\n\n\n\n\n\n\n\n \n", ...
llama_model_loader: - kv  37:                tokenizer.ggml.bos_token_id u32              = 2
llama_model_loader: - kv  38:                tokenizer.ggml.eos_token_id u32              = 1
llama_model_loader: - kv  39:            tokenizer.ggml.unknown_token_id u32              = 3
llama_model_loader: - kv  40:            tokenizer.ggml.padding_token_id u32              = 0
llama_model_loader: - kv  41:               tokenizer.ggml.mask_token_id u32              = 4
llama_model_loader: - kv  42:            tokenizer.ggml.add_space_prefix bool             = false
llama_model_loader: - kv  43:               tokenizer.ggml.add_bos_token bool             = true
llama_model_loader: - kv  44:                    tokenizer.chat_template str              = {%- macro format_parameters(propertie...
llama_model_loader: - type  f32:  283 tensors
llama_model_loader: - type bf16:  318 tensors
[   1/ 601] output_norm.weight                   - [  1536,      1,      1,      1], type =    f32, size =    0.006 MiB
[   2/ 601] per_layer_model_proj.weight          - [  1536,   8960,      1,      1], type =   bf16, size =   26.250 MiB
[   3/ 601] per_layer_proj_norm.weight           - [   256,      1,      1,      1], type =    f32, size =    0.001 MiB
[   4/ 601] per_layer_token_embd.weight          - [  8960, 262144,      1,      1], type =   bf16, converting to q8_0 .. size =  4480.00 MiB ->  2380.00 MiB
[   5/ 601] rope_freqs.weight                    - [   256,      1,      1,      1], type =    f32, size =    0.001 MiB
[   6/ 601] token_embd.weight                    - [  1536, 262144,      1,      1], type =   bf16, converting to q8_0 .. size =   768.00 MiB ->   408.00 MiB
[   7/ 601] blk.0.attn_k.weight                  - [  1536,    256,      1,      1], type =   bf16, converting to q8_0 .. size =     0.75 MiB ->     0.40 MiB
[   8/ 601] blk.0.attn_k_norm.weight             - [   256,      1,      1,      1], type =    f32, size =    0.001 MiB
[   9/ 601] blk.0.attn_norm.weight               - [  1536,      1,      1,      1], type =    f32, size =    0.006 MiB
[  10/ 601] blk.0.attn_output.weight             - [  2048,   1536,      1,      1], type =   bf16, converting to q8_0 .. size =     6.00 MiB ->     3.19 MiB
[  11/ 601] blk.0.attn_q.weight                  - [  1536,   2048,      1,      1], type =   bf16, converting to q8_0 .. size =     6.00 MiB ->     3.19 MiB
[  12/ 601] blk.0.attn_q_norm.weight             - [   256,      1,      1,      1], type =    f32, size =    0.001 MiB
[  13/ 601] blk.0.attn_v.weight                  - [  1536,    256,      1,      1], type =   bf16, converting to q8_0 .. size =     0.75 MiB ->     0.40 MiB
[  14/ 601] blk.0.ffn_down.weight                - [  6144,   1536,      1,      1], type =   bf16, converting to q8_0 .. size =    18.00 MiB ->     9.56 MiB
[  15/ 601] blk.0.ffn_gate.weight                - [  1536,   6144,      1,      1], type =   bf16, converting to q8_0 .. size =    18.00 MiB ->     9.56 MiB
[  16/ 601] blk.0.ffn_norm.weight                - [  1536,      1,      1,      1], type =    f32, size =    0.006 MiB
[  17/ 601] blk.0.ffn_up.weight                  - [  1536,   6144,      1,      1], type =   bf16, converting to q8_0 .. size =    18.00 MiB ->     9.56 MiB
[  18/ 601] blk.0.inp_gate.weight                - [  1536,    256,      1,      1], type =   bf16, converting to q8_0 .. size =     0.75 MiB ->     0.40 MiB
[  19/ 601] blk.0.layer_output_scale.weight      - [     1,      1,      1,      1], type =    f32, size =    0.000 MiB
[  20/ 601] blk.0.post_attention_norm.weight     - [  1536,      1,      1,      1], type =    f32, size =    0.006 MiB
[  21/ 601] blk.0.post_ffw_norm.weight           - [  1536,      1,      1,      1], type =    f32, size =    0.006 MiB
[  22/ 601] blk.0.post_norm.weight               - [  1536,      1,      1,      1], type =    f32, size =    0.006 MiB
[  23/ 601] blk.0.proj.weight                    - [   256,   1536,      1,      1], type =   bf16, converting to q8_0 .. size =     0.75 MiB ->     0.40 MiB
[  24/ 601] blk.1.attn_k.weight                  - [  1536,    256,      1,      1], type =   bf16, converting to q8_0 .. size =     0.75 MiB ->     0.40 MiB
[  25/ 601] blk.1.attn_k_norm.weight             - [   256,      1,      1,      1], type =    f32, size =    0.001 MiB
[  26/ 601] blk.1.attn_norm.weight               - [  1536,      1,      1,      1], type =    f32, size =    0.006 MiB
[  27/ 601] blk.1.attn_output.weight             - [  2048,   1536,      1,      1], type =   bf16, converting to q8_0 .. size =     6.00 MiB ->     3.19 MiB
[  28/ 601] blk.1.attn_q.weight                  - [  1536,   2048,      1,      1], type =   bf16, converting to q8_0 .. size =     6.00 MiB ->     3.19 MiB
[  29/ 601] blk.1.attn_q_norm.weight             - [   256,      1,      1,      1], type =    f32, size =    0.001 MiB
[  30/ 601] blk.1.attn_v.weight                  - [  1536,    256,      1,      1], type =   bf16, converting to q8_0 .. size =     0.75 MiB ->     0.40 MiB
[  31/ 601] blk.1.ffn_down.weight                - [  6144,   1536,      1,      1], type =   bf16, converting to q8_0 .. size =    18.00 MiB ->     9.56 MiB
[  32/ 601] blk.1.ffn_gate.weight                - [  1536,   6144,      1,      1], type =   bf16, converting to q8_0 .. size =    18.00 MiB ->     9.56 MiB
[  33/ 601] blk.1.ffn_norm.weight                - [  1536,      1,      1,      1], type =    f32, size =    0.006 MiB
[  34/ 601] blk.1.ffn_up.weight                  - [  1536,   6144,      1,      1], type =   bf16, converting to q8_0 .. size =    18.00 MiB ->     9.56 MiB
[  35/ 601] blk.1.inp_gate.weight                - [  1536,    256,      1,      1], type =   bf16, converting to q8_0 .. size =     0.75 MiB ->     0.40 MiB
[  36/ 601] blk.1.layer_output_scale.weight      - [     1,      1,      1,      1], type =    f32, size =    0.000 MiB
[  37/ 601] blk.1.post_attention_norm.weight     - [  1536,      1,      1,      1], type =    f32, size =    0.006 MiB
[  38/ 601] blk.1.post_ffw_norm.weight           - [  1536,      1,      1,      1], type =    f32, size =    0.006 MiB
[  39/ 601] blk.1.post_norm.weight               - [  1536,      1,      1,      1], type =    f32, size =    0.006 MiB
[  40/ 601] blk.1.proj.weight                    - [   256,   1536,      1,      1], type =   bf16, converting to q8_0 .. size =     0.75 MiB ->     0.40 MiB
[  41/ 601] blk.2.attn_k.weight                  - [  1536,    256,      1,      1], type =   bf16, converting to q8_0 .. size =     0.75 MiB ->     0.40 MiB
[  42/ 601] blk.2.attn_k_norm.weight             - [   256,      1,      1,      1], type =    f32, size =    0.001 MiB
[  43/ 601] blk.2.attn_norm.weight               - [  1536,      1,      1,      1], type =    f32, size =    0.006 MiB
[  44/ 601] blk.2.attn_output.weight             - [  2048,   1536,      1,      1], type =   bf16, converting to q8_0 .. size =     6.00 MiB ->     3.19 MiB
[  45/ 601] blk.2.attn_q.weight                  - [  1536,   2048,      1,      1], type =   bf16, converting to q8_0 .. size =     6.00 MiB ->     3.19 MiB
[  46/ 601] blk.2.attn_q_norm.weight             - [   256,      1,      1,      1], type =    f32, size =    0.001 MiB
[  47/ 601] blk.2.attn_v.weight                  - [  1536,    256,      1,      1], type =   bf16, converting to q8_0 .. size =     0.75 MiB ->     0.40 MiB
[  48/ 601] blk.2.ffn_down.weight                - [  6144,   1536,      1,      1], type =   bf16, converting to q8_0 .. size =    18.00 MiB ->     9.56 MiB
[  49/ 601] blk.2.ffn_gate.weight                - [  1536,   6144,      1,      1], type =   bf16, converting to q8_0 .. size =    18.00 MiB ->     9.56 MiB
[  50/ 601] blk.2.ffn_norm.weight                - [  1536,      1,      1,      1], type =    f32, size =    0.006 MiB
[  51/ 601] blk.2.ffn_up.weight                  - [  1536,   6144,      1,      1], type =   bf16, converting to q8_0 .. size =    18.00 MiB ->     9.56 MiB
[  52/ 601] blk.2.inp_gate.weight                - [  1536,    256,      1,      1], type =   bf16, converting to q8_0 .. size =     0.75 MiB ->     0.40 MiB
[  53/ 601] blk.2.layer_output_scale.weight      - [     1,      1,      1,      1], type =    f32, size =    0.000 MiB
[  54/ 601] blk.2.post_attention_norm.weight     - [  1536,      1,      1,      1], type =    f32, size =    0.006 MiB
[  55/ 601] blk.2.post_ffw_norm.weight           - [  1536,      1,      1,      1], type =    f32, size =    0.006 MiB
[  56/ 601] blk.2.post_norm.weight               - [  1536,      1,      1,      1], type =    f32, size =    0.006 MiB
[  57/ 601] blk.2.proj.weight                    - [   256,   1536,      1,      1], type =   bf16, converting to q8_0 .. size =     0.75 MiB ->     0.40 MiB
[  58/ 601] blk.3.attn_k.weight                  - [  1536,    256,      1,      1], type =   bf16, converting to q8_0 .. size =     0.75 MiB ->     0.40 MiB
[  59/ 601] blk.3.attn_k_norm.weight             - [   256,      1,      1,      1], type =    f32, size =    0.001 MiB
[  60/ 601] blk.3.attn_norm.weight               - [  1536,      1,      1,      1], type =    f32, size =    0.006 MiB
[  61/ 601] blk.3.attn_output.weight             - [  2048,   1536,      1,      1], type =   bf16, converting to q8_0 .. size =     6.00 MiB ->     3.19 MiB
[  62/ 601] blk.3.attn_q.weight                  - [  1536,   2048,      1,      1], type =   bf16, converting to q8_0 .. size =     6.00 MiB ->     3.19 MiB
[  63/ 601] blk.3.attn_q_norm.weight             - [   256,      1,      1,      1], type =    f32, size =    0.001 MiB
[  64/ 601] blk.3.attn_v.weight                  - [  1536,    256,      1,      1], type =   bf16, converting to q8_0 .. size =     0.75 MiB ->     0.40 MiB
[  65/ 601] blk.3.ffn_down.weight                - [  6144,   1536,      1,      1], type =   bf16, converting to q8_0 .. size =    18.00 MiB ->     9.56 MiB
[  66/ 601] blk.3.ffn_gate.weight                - [  1536,   6144,      1,      1], type =   bf16, converting to q8_0 .. size =    18.00 MiB ->     9.56 MiB
[  67/ 601] blk.3.ffn_norm.weight                - [  1536,      1,      1,      1], type =    f32, size =    0.006 MiB
[  68/ 601] blk.3.ffn_up.weight                  - [  1536,   6144,      1,      1], type =   bf16, converting to q8_0 .. size =    18.00 MiB ->     9.56 MiB
[  69/ 601] blk.3.inp_gate.weight                - [  1536,    256,      1,      1], type =   bf16, converting to q8_0 .. size =     0.75 MiB ->     0.40 MiB
[  70/ 601] blk.3.layer_output_scale.weight      - [     1,      1,      1,      1], type =    f32, size =    0.000 MiB
[  71/ 601] blk.3.post_attention_norm.weight     - [  1536,      1,      1,      1], type =    f32, size =    0.006 MiB
[  72/ 601] blk.3.post_ffw_norm.weight           - [  1536,      1,      1,      1], type =    f32, size =    0.006 MiB
[  73/ 601] blk.3.post_norm.weight               - [  1536,      1,      1,      1], type =    f32, size =    0.006 MiB
[  74/ 601] blk.3.proj.weight                    - [   256,   1536,      1,      1], type =   bf16, converting to q8_0 .. size =     0.75 MiB ->     0.40 MiB
[  75/ 601] blk.4.attn_k.weight                  - [  1536,    512,      1,      1], type =   bf16, converting to q8_0 .. size =     1.50 MiB ->     0.80 MiB
[  76/ 601] blk.4.attn_k_norm.weight             - [   512,      1,      1,      1], type =    f32, size =    0.002 MiB
[  77/ 601] blk.4.attn_norm.weight               - [  1536,      1,      1,      1], type =    f32, size =    0.006 MiB
[  78/ 601] blk.4.attn_output.weight             - [  4096,   1536,      1,      1], type =   bf16, converting to q8_0 .. size =    12.00 MiB ->     6.38 MiB
[  79/ 601] blk.4.attn_q.weight                  - [  1536,   4096,      1,      1], type =   bf16, converting to q8_0 .. size =    12.00 MiB ->     6.38 MiB
[  80/ 601] blk.4.attn_q_norm.weight             - [   512,      1,      1,      1], type =    f32, size =    0.002 MiB
[  81/ 601] blk.4.attn_v.weight                  - [  1536,    512,      1,      1], type =   bf16, converting to q8_0 .. size =     1.50 MiB ->     0.80 MiB
[  82/ 601] blk.4.ffn_down.weight                - [  6144,   1536,      1,      1], type =   bf16, converting to q8_0 .. size =    18.00 MiB ->     9.56 MiB
[  83/ 601] blk.4.ffn_gate.weight                - [  1536,   6144,      1,      1], type =   bf16, converting to q8_0 .. size =    18.00 MiB ->     9.56 MiB
[  84/ 601] blk.4.ffn_norm.weight                - [  1536,      1,      1,      1], type =    f32, size =    0.006 MiB
[  85/ 601] blk.4.ffn_up.weight                  - [  1536,   6144,      1,      1], type =   bf16, converting to q8_0 .. size =    18.00 MiB ->     9.56 MiB
[  86/ 601] blk.4.inp_gate.weight                - [  1536,    256,      1,      1], type =   bf16, converting to q8_0 .. size =     0.75 MiB ->     0.40 MiB
[  87/ 601] blk.4.layer_output_scale.weight      - [     1,      1,      1,      1], type =    f32, size =    0.000 MiB
[  88/ 601] blk.4.post_attention_norm.weight     - [  1536,      1,      1,      1], type =    f32, size =    0.006 MiB
[  89/ 601] blk.4.post_ffw_norm.weight           - [  1536,      1,      1,      1], type =    f32, size =    0.006 MiB
[  90/ 601] blk.4.post_norm.weight               - [  1536,      1,      1,      1], type =    f32, size =    0.006 MiB
[  91/ 601] blk.4.proj.weight                    - [   256,   1536,      1,      1], type =   bf16, converting to q8_0 .. size =     0.75 MiB ->     0.40 MiB
[  92/ 601] blk.5.attn_k.weight                  - [  1536,    256,      1,      1], type =   bf16, converting to q8_0 .. size =     0.75 MiB ->     0.40 MiB
[  93/ 601] blk.5.attn_k_norm.weight             - [   256,      1,      1,      1], type =    f32, size =    0.001 MiB
[  94/ 601] blk.5.attn_norm.weight               - [  1536,      1,      1,      1], type =    f32, size =    0.006 MiB
[  95/ 601] blk.5.attn_output.weight             - [  2048,   1536,      1,      1], type =   bf16, converting to q8_0 .. size =     6.00 MiB ->     3.19 MiB
[  96/ 601] blk.5.attn_q.weight                  - [  1536,   2048,      1,      1], type =   bf16, converting to q8_0 .. size =     6.00 MiB ->     3.19 MiB
[  97/ 601] blk.5.attn_q_norm.weight             - [   256,      1,      1,      1], type =    f32, size =    0.001 MiB
[  98/ 601] blk.5.attn_v.weight                  - [  1536,    256,      1,      1], type =   bf16, converting to q8_0 .. size =     0.75 MiB ->     0.40 MiB
[  99/ 601] blk.5.ffn_down.weight                - [  6144,   1536,      1,      1], type =   bf16, converting to q8_0 .. size =    18.00 MiB ->     9.56 MiB
[ 100/ 601] blk.5.ffn_gate.weight                - [  1536,   6144,      1,      1], type =   bf16, converting to q8_0 .. size =    18.00 MiB ->     9.56 MiB
[ 101/ 601] blk.5.ffn_norm.weight                - [  1536,      1,      1,      1], type =    f32, size =    0.006 MiB
[ 102/ 601] blk.5.ffn_up.weight                  - [  1536,   6144,      1,      1], type =   bf16, converting to q8_0 .. size =    18.00 MiB ->     9.56 MiB
[ 103/ 601] blk.5.inp_gate.weight                - [  1536,    256,      1,      1], type =   bf16, converting to q8_0 .. size =     0.75 MiB ->     0.40 MiB
[ 104/ 601] blk.5.layer_output_scale.weight      - [     1,      1,      1,      1], type =    f32, size =    0.000 MiB
[ 105/ 601] blk.5.post_attention_norm.weight     - [  1536,      1,      1,      1], type =    f32, size =    0.006 MiB
[ 106/ 601] blk.5.post_ffw_norm.weight           - [  1536,      1,      1,      1], type =    f32, size =    0.006 MiB
[ 107/ 601] blk.5.post_norm.weight               - [  1536,      1,      1,      1], type =    f32, size =    0.006 MiB
[ 108/ 601] blk.5.proj.weight                    - [   256,   1536,      1,      1], type =   bf16, converting to q8_0 .. size =     0.75 MiB ->     0.40 MiB
[ 109/ 601] blk.6.attn_k.weight                  - [  1536,    256,      1,      1], type =   bf16, converting to q8_0 .. size =     0.75 MiB ->     0.40 MiB
[ 110/ 601] blk.6.attn_k_norm.weight             - [   256,      1,      1,      1], type =    f32, size =    0.001 MiB
[ 111/ 601] blk.6.attn_norm.weight               - [  1536,      1,      1,      1], type =    f32, size =    0.006 MiB
[ 112/ 601] blk.6.attn_output.weight             - [  2048,   1536,      1,      1], type =   bf16, converting to q8_0 .. size =     6.00 MiB ->     3.19 MiB
[ 113/ 601] blk.6.attn_q.weight                  - [  1536,   2048,      1,      1], type =   bf16, converting to q8_0 .. size =     6.00 MiB ->     3.19 MiB
[ 114/ 601] blk.6.attn_q_norm.weight             - [   256,      1,      1,      1], type =    f32, size =    0.001 MiB
[ 115/ 601] blk.6.attn_v.weight                  - [  1536,    256,      1,      1], type =   bf16, converting to q8_0 .. size =     0.75 MiB ->     0.40 MiB
[ 116/ 601] blk.6.ffn_down.weight                - [  6144,   1536,      1,      1], type =   bf16, converting to q8_0 .. size =    18.00 MiB ->     9.56 MiB
[ 117/ 601] blk.6.ffn_gate.weight                - [  1536,   6144,      1,      1], type =   bf16, converting to q8_0 .. size =    18.00 MiB ->     9.56 MiB
[ 118/ 601] blk.6.ffn_norm.weight                - [  1536,      1,      1,      1], type =    f32, size =    0.006 MiB
[ 119/ 601] blk.6.ffn_up.weight                  - [  1536,   6144,      1,      1], type =   bf16, converting to q8_0 .. size =    18.00 MiB ->     9.56 MiB
[ 120/ 601] blk.6.inp_gate.weight                - [  1536,    256,      1,      1], type =   bf16, converting to q8_0 .. size =     0.75 MiB ->     0.40 MiB
[ 121/ 601] blk.6.layer_output_scale.weight      - [     1,      1,      1,      1], type =    f32, size =    0.000 MiB
[ 122/ 601] blk.6.post_attention_norm.weight     - [  1536,      1,      1,      1], type =    f32, size =    0.006 MiB
[ 123/ 601] blk.6.post_ffw_norm.weight           - [  1536,      1,      1,      1], type =    f32, size =    0.006 MiB
[ 124/ 601] blk.6.post_norm.weight               - [  1536,      1,      1,      1], type =    f32, size =    0.006 MiB
[ 125/ 601] blk.6.proj.weight                    - [   256,   1536,      1,      1], type =   bf16, converting to q8_0 .. size =     0.75 MiB ->     0.40 MiB
[ 126/ 601] blk.7.attn_k.weight                  - [  1536,    256,      1,      1], type =   bf16, converting to q8_0 .. size =     0.75 MiB ->     0.40 MiB
[ 127/ 601] blk.7.attn_k_norm.weight             - [   256,      1,      1,      1], type =    f32, size =    0.001 MiB
[ 128/ 601] blk.7.attn_norm.weight               - [  1536,      1,      1,      1], type =    f32, size =    0.006 MiB
[ 129/ 601] blk.7.attn_output.weight             - [  2048,   1536,      1,      1], type =   bf16, converting to q8_0 .. size =     6.00 MiB ->     3.19 MiB
[ 130/ 601] blk.7.attn_q.weight                  - [  1536,   2048,      1,      1], type =   bf16, converting to q8_0 .. size =     6.00 MiB ->     3.19 MiB
[ 131/ 601] blk.7.attn_q_norm.weight             - [   256,      1,      1,      1], type =    f32, size =    0.001 MiB
[ 132/ 601] blk.7.attn_v.weight                  - [  1536,    256,      1,      1], type =   bf16, converting to q8_0 .. size =     0.75 MiB ->     0.40 MiB
[ 133/ 601] blk.7.ffn_down.weight                - [  6144,   1536,      1,      1], type =   bf16, converting to q8_0 .. size =    18.00 MiB ->     9.56 MiB
[ 134/ 601] blk.7.ffn_gate.weight                - [  1536,   6144,      1,      1], type =   bf16, converting to q8_0 .. size =    18.00 MiB ->     9.56 MiB
[ 135/ 601] blk.7.ffn_norm.weight                - [  1536,      1,      1,      1], type =    f32, size =    0.006 MiB
[ 136/ 601] blk.7.ffn_up.weight                  - [  1536,   6144,      1,      1], type =   bf16, converting to q8_0 .. size =    18.00 MiB ->     9.56 MiB
[ 137/ 601] blk.7.inp_gate.weight                - [  1536,    256,      1,      1], type =   bf16, converting to q8_0 .. size =     0.75 MiB ->     0.40 MiB
[ 138/ 601] blk.7.layer_output_scale.weight      - [     1,      1,      1,      1], type =    f32, size =    0.000 MiB
[ 139/ 601] blk.7.post_attention_norm.weight     - [  1536,      1,      1,      1], type =    f32, size =    0.006 MiB
[ 140/ 601] blk.7.post_ffw_norm.weight           - [  1536,      1,      1,      1], type =    f32, size =    0.006 MiB
[ 141/ 601] blk.7.post_norm.weight               - [  1536,      1,      1,      1], type =    f32, size =    0.006 MiB
[ 142/ 601] blk.7.proj.weight                    - [   256,   1536,      1,      1], type =   bf16, converting to q8_0 .. size =     0.75 MiB ->     0.40 MiB
[ 143/ 601] blk.8.attn_k.weight                  - [  1536,    256,      1,      1], type =   bf16, converting to q8_0 .. size =     0.75 MiB ->     0.40 MiB
[ 144/ 601] blk.8.attn_k_norm.weight             - [   256,      1,      1,      1], type =    f32, size =    0.001 MiB
[ 145/ 601] blk.8.attn_norm.weight               - [  1536,      1,      1,      1], type =    f32, size =    0.006 MiB
[ 146/ 601] blk.8.attn_output.weight             - [  2048,   1536,      1,      1], type =   bf16, converting to q8_0 .. size =     6.00 MiB ->     3.19 MiB
[ 147/ 601] blk.8.attn_q.weight                  - [  1536,   2048,      1,      1], type =   bf16, converting to q8_0 .. size =     6.00 MiB ->     3.19 MiB
[ 148/ 601] blk.8.attn_q_norm.weight             - [   256,      1,      1,      1], type =    f32, size =    0.001 MiB
[ 149/ 601] blk.8.attn_v.weight                  - [  1536,    256,      1,      1], type =   bf16, converting to q8_0 .. size =     0.75 MiB ->     0.40 MiB
[ 150/ 601] blk.8.ffn_down.weight                - [  6144,   1536,      1,      1], type =   bf16, converting to q8_0 .. size =    18.00 MiB ->     9.56 MiB
[ 151/ 601] blk.8.ffn_gate.weight                - [  1536,   6144,      1,      1], type =   bf16, converting to q8_0 .. size =    18.00 MiB ->     9.56 MiB
[ 152/ 601] blk.8.ffn_norm.weight                - [  1536,      1,      1,      1], type =    f32, size =    0.006 MiB
[ 153/ 601] blk.8.ffn_up.weight                  - [  1536,   6144,      1,      1], type =   bf16, converting to q8_0 .. size =    18.00 MiB ->     9.56 MiB
[ 154/ 601] blk.8.inp_gate.weight                - [  1536,    256,      1,      1], type =   bf16, converting to q8_0 .. size =     0.75 MiB ->     0.40 MiB
[ 155/ 601] blk.8.layer_output_scale.weight      - [     1,      1,      1,      1], type =    f32, size =    0.000 MiB
[ 156/ 601] blk.8.post_attention_norm.weight     - [  1536,      1,      1,      1], type =    f32, size =    0.006 MiB
[ 157/ 601] blk.8.post_ffw_norm.weight           - [  1536,      1,      1,      1], type =    f32, size =    0.006 MiB
[ 158/ 601] blk.8.post_norm.weight               - [  1536,      1,      1,      1], type =    f32, size =    0.006 MiB
[ 159/ 601] blk.8.proj.weight                    - [   256,   1536,      1,      1], type =   bf16, converting to q8_0 .. size =     0.75 MiB ->     0.40 MiB
[ 160/ 601] blk.9.attn_k.weight                  - [  1536,    512,      1,      1], type =   bf16, converting to q8_0 .. size =     1.50 MiB ->     0.80 MiB
[ 161/ 601] blk.9.attn_k_norm.weight             - [   512,      1,      1,      1], type =    f32, size =    0.002 MiB
[ 162/ 601] blk.9.attn_norm.weight               - [  1536,      1,      1,      1], type =    f32, size =    0.006 MiB
[ 163/ 601] blk.9.attn_output.weight             - [  4096,   1536,      1,      1], type =   bf16, converting to q8_0 .. size =    12.00 MiB ->     6.38 MiB
[ 164/ 601] blk.9.attn_q.weight                  - [  1536,   4096,      1,      1], type =   bf16, converting to q8_0 .. size =    12.00 MiB ->     6.38 MiB
[ 165/ 601] blk.9.attn_q_norm.weight             - [   512,      1,      1,      1], type =    f32, size =    0.002 MiB
[ 166/ 601] blk.9.attn_v.weight                  - [  1536,    512,      1,      1], type =   bf16, converting to q8_0 .. size =     1.50 MiB ->     0.80 MiB
[ 167/ 601] blk.9.ffn_down.weight                - [  6144,   1536,      1,      1], type =   bf16, converting to q8_0 .. size =    18.00 MiB ->     9.56 MiB
[ 168/ 601] blk.9.ffn_gate.weight                - [  1536,   6144,      1,      1], type =   bf16, converting to q8_0 .. size =    18.00 MiB ->     9.56 MiB
[ 169/ 601] blk.9.ffn_norm.weight                - [  1536,      1,      1,      1], type =    f32, size =    0.006 MiB
[ 170/ 601] blk.9.ffn_up.weight                  - [  1536,   6144,      1,      1], type =   bf16, converting to q8_0 .. size =    18.00 MiB ->     9.56 MiB
[ 171/ 601] blk.9.inp_gate.weight                - [  1536,    256,      1,      1], type =   bf16, converting to q8_0 .. size =     0.75 MiB ->     0.40 MiB
[ 172/ 601] blk.9.layer_output_scale.weight      - [     1,      1,      1,      1], type =    f32, size =    0.000 MiB
[ 173/ 601] blk.9.post_attention_norm.weight     - [  1536,      1,      1,      1], type =    f32, size =    0.006 MiB
[ 174/ 601] blk.9.post_ffw_norm.weight           - [  1536,      1,      1,      1], type =    f32, size =    0.006 MiB
[ 175/ 601] blk.9.post_norm.weight               - [  1536,      1,      1,      1], type =    f32, size =    0.006 MiB
[ 176/ 601] blk.9.proj.weight                    - [   256,   1536,      1,      1], type =   bf16, converting to q8_0 .. size =     0.75 MiB ->     0.40 MiB
[ 177/ 601] blk.10.attn_k.weight                 - [  1536,    256,      1,      1], type =   bf16, converting to q8_0 .. size =     0.75 MiB ->     0.40 MiB
[ 178/ 601] blk.10.attn_k_norm.weight            - [   256,      1,      1,      1], type =    f32, size =    0.001 MiB
[ 179/ 601] blk.10.attn_norm.weight              - [  1536,      1,      1,      1], type =    f32, size =    0.006 MiB
[ 180/ 601] blk.10.attn_output.weight            - [  2048,   1536,      1,      1], type =   bf16, converting to q8_0 .. size =     6.00 MiB ->     3.19 MiB
[ 181/ 601] blk.10.attn_q.weight                 - [  1536,   2048,      1,      1], type =   bf16, converting to q8_0 .. size =     6.00 MiB ->     3.19 MiB
[ 182/ 601] blk.10.attn_q_norm.weight            - [   256,      1,      1,      1], type =    f32, size =    0.001 MiB
[ 183/ 601] blk.10.attn_v.weight                 - [  1536,    256,      1,      1], type =   bf16, converting to q8_0 .. size =     0.75 MiB ->     0.40 MiB
[ 184/ 601] blk.10.ffn_down.weight               - [  6144,   1536,      1,      1], type =   bf16, converting to q8_0 .. size =    18.00 MiB ->     9.56 MiB
[ 185/ 601] blk.10.ffn_gate.weight               - [  1536,   6144,      1,      1], type =   bf16, converting to q8_0 .. size =    18.00 MiB ->     9.56 MiB
[ 186/ 601] blk.10.ffn_norm.weight               - [  1536,      1,      1,      1], type =    f32, size =    0.006 MiB
[ 187/ 601] blk.10.ffn_up.weight                 - [  1536,   6144,      1,      1], type =   bf16, converting to q8_0 .. size =    18.00 MiB ->     9.56 MiB
[ 188/ 601] blk.10.inp_gate.weight               - [  1536,    256,      1,      1], type =   bf16, converting to q8_0 .. size =     0.75 MiB ->     0.40 MiB
[ 189/ 601] blk.10.layer_output_scale.weight     - [     1,      1,      1,      1], type =    f32, size =    0.000 MiB
[ 190/ 601] blk.10.post_attention_norm.weight    - [  1536,      1,      1,      1], type =    f32, size =    0.006 MiB
[ 191/ 601] blk.10.post_ffw_norm.weight          - [  1536,      1,      1,      1], type =    f32, size =    0.006 MiB
[ 192/ 601] blk.10.post_norm.weight              - [  1536,      1,      1,      1], type =    f32, size =    0.006 MiB
[ 193/ 601] blk.10.proj.weight                   - [   256,   1536,      1,      1], type =   bf16, converting to q8_0 .. size =     0.75 MiB ->     0.40 MiB
[ 194/ 601] blk.11.attn_k.weight                 - [  1536,    256,      1,      1], type =   bf16, converting to q8_0 .. size =     0.75 MiB ->     0.40 MiB
[ 195/ 601] blk.11.attn_k_norm.weight            - [   256,      1,      1,      1], type =    f32, size =    0.001 MiB
[ 196/ 601] blk.11.attn_norm.weight              - [  1536,      1,      1,      1], type =    f32, size =    0.006 MiB
[ 197/ 601] blk.11.attn_output.weight            - [  2048,   1536,      1,      1], type =   bf16, converting to q8_0 .. size =     6.00 MiB ->     3.19 MiB
[ 198/ 601] blk.11.attn_q.weight                 - [  1536,   2048,      1,      1], type =   bf16, converting to q8_0 .. size =     6.00 MiB ->     3.19 MiB
[ 199/ 601] blk.11.attn_q_norm.weight            - [   256,      1,      1,      1], type =    f32, size =    0.001 MiB
[ 200/ 601] blk.11.attn_v.weight                 - [  1536,    256,      1,      1], type =   bf16, converting to q8_0 .. size =     0.75 MiB ->     0.40 MiB
[ 201/ 601] blk.11.ffn_down.weight               - [  6144,   1536,      1,      1], type =   bf16, converting to q8_0 .. size =    18.00 MiB ->     9.56 MiB
[ 202/ 601] blk.11.ffn_gate.weight               - [  1536,   6144,      1,      1], type =   bf16, converting to q8_0 .. size =    18.00 MiB ->     9.56 MiB
[ 203/ 601] blk.11.ffn_norm.weight               - [  1536,      1,      1,      1], type =    f32, size =    0.006 MiB
[ 204/ 601] blk.11.ffn_up.weight                 - [  1536,   6144,      1,      1], type =   bf16, converting to q8_0 .. size =    18.00 MiB ->     9.56 MiB
[ 205/ 601] blk.11.inp_gate.weight               - [  1536,    256,      1,      1], type =   bf16, converting to q8_0 .. size =     0.75 MiB ->     0.40 MiB
[ 206/ 601] blk.11.layer_output_scale.weight     - [     1,      1,      1,      1], type =    f32, size =    0.000 MiB
[ 207/ 601] blk.11.post_attention_norm.weight    - [  1536,      1,      1,      1], type =    f32, size =    0.006 MiB
[ 208/ 601] blk.11.post_ffw_norm.weight          - [  1536,      1,      1,      1], type =    f32, size =    0.006 MiB
[ 209/ 601] blk.11.post_norm.weight              - [  1536,      1,      1,      1], type =    f32, size =    0.006 MiB
[ 210/ 601] blk.11.proj.weight                   - [   256,   1536,      1,      1], type =   bf16, converting to q8_0 .. size =     0.75 MiB ->     0.40 MiB
[ 211/ 601] blk.12.attn_k.weight                 - [  1536,    256,      1,      1], type =   bf16, converting to q8_0 .. size =     0.75 MiB ->     0.40 MiB
[ 212/ 601] blk.12.attn_k_norm.weight            - [   256,      1,      1,      1], type =    f32, size =    0.001 MiB
[ 213/ 601] blk.12.attn_norm.weight              - [  1536,      1,      1,      1], type =    f32, size =    0.006 MiB
[ 214/ 601] blk.12.attn_output.weight            - [  2048,   1536,      1,      1], type =   bf16, converting to q8_0 .. size =     6.00 MiB ->     3.19 MiB
[ 215/ 601] blk.12.attn_q.weight                 - [  1536,   2048,      1,      1], type =   bf16, converting to q8_0 .. size =     6.00 MiB ->     3.19 MiB
[ 216/ 601] blk.12.attn_q_norm.weight            - [   256,      1,      1,      1], type =    f32, size =    0.001 MiB
[ 217/ 601] blk.12.attn_v.weight                 - [  1536,    256,      1,      1], type =   bf16, converting to q8_0 .. size =     0.75 MiB ->     0.40 MiB
[ 218/ 601] blk.12.ffn_down.weight               - [  6144,   1536,      1,      1], type =   bf16, converting to q8_0 .. size =    18.00 MiB ->     9.56 MiB
[ 219/ 601] blk.12.ffn_gate.weight               - [  1536,   6144,      1,      1], type =   bf16, converting to q8_0 .. size =    18.00 MiB ->     9.56 MiB
[ 220/ 601] blk.12.ffn_norm.weight               - [  1536,      1,      1,      1], type =    f32, size =    0.006 MiB
[ 221/ 601] blk.12.ffn_up.weight                 - [  1536,   6144,      1,      1], type =   bf16, converting to q8_0 .. size =    18.00 MiB ->     9.56 MiB
[ 222/ 601] blk.12.inp_gate.weight               - [  1536,    256,      1,      1], type =   bf16, converting to q8_0 .. size =     0.75 MiB ->     0.40 MiB
[ 223/ 601] blk.12.layer_output_scale.weight     - [     1,      1,      1,      1], type =    f32, size =    0.000 MiB
[ 224/ 601] blk.12.post_attention_norm.weight    - [  1536,      1,      1,      1], type =    f32, size =    0.006 MiB
[ 225/ 601] blk.12.post_ffw_norm.weight          - [  1536,      1,      1,      1], type =    f32, size =    0.006 MiB
[ 226/ 601] blk.12.post_norm.weight              - [  1536,      1,      1,      1], type =    f32, size =    0.006 MiB
[ 227/ 601] blk.12.proj.weight                   - [   256,   1536,      1,      1], type =   bf16, converting to q8_0 .. size =     0.75 MiB ->     0.40 MiB
[ 228/ 601] blk.13.attn_k.weight                 - [  1536,    256,      1,      1], type =   bf16, converting to q8_0 .. size =     0.75 MiB ->     0.40 MiB
[ 229/ 601] blk.13.attn_k_norm.weight            - [   256,      1,      1,      1], type =    f32, size =    0.001 MiB
[ 230/ 601] blk.13.attn_norm.weight              - [  1536,      1,      1,      1], type =    f32, size =    0.006 MiB
[ 231/ 601] blk.13.attn_output.weight            - [  2048,   1536,      1,      1], type =   bf16, converting to q8_0 .. size =     6.00 MiB ->     3.19 MiB
[ 232/ 601] blk.13.attn_q.weight                 - [  1536,   2048,      1,      1], type =   bf16, converting to q8_0 .. size =     6.00 MiB ->     3.19 MiB
[ 233/ 601] blk.13.attn_q_norm.weight            - [   256,      1,      1,      1], type =    f32, size =    0.001 MiB
[ 234/ 601] blk.13.attn_v.weight                 - [  1536,    256,      1,      1], type =   bf16, converting to q8_0 .. size =     0.75 MiB ->     0.40 MiB
[ 235/ 601] blk.13.ffn_down.weight               - [  6144,   1536,      1,      1], type =   bf16, converting to q8_0 .. size =    18.00 MiB ->     9.56 MiB
[ 236/ 601] blk.13.ffn_gate.weight               - [  1536,   6144,      1,      1], type =   bf16, converting to q8_0 .. size =    18.00 MiB ->     9.56 MiB
[ 237/ 601] blk.13.ffn_norm.weight               - [  1536,      1,      1,      1], type =    f32, size =    0.006 MiB
[ 238/ 601] blk.13.ffn_up.weight                 - [  1536,   6144,      1,      1], type =   bf16, converting to q8_0 .. size =    18.00 MiB ->     9.56 MiB
[ 239/ 601] blk.13.inp_gate.weight               - [  1536,    256,      1,      1], type =   bf16, converting to q8_0 .. size =     0.75 MiB ->     0.40 MiB
[ 240/ 601] blk.13.layer_output_scale.weight     - [     1,      1,      1,      1], type =    f32, size =    0.000 MiB
[ 241/ 601] blk.13.post_attention_norm.weight    - [  1536,      1,      1,      1], type =    f32, size =    0.006 MiB
[ 242/ 601] blk.13.post_ffw_norm.weight          - [  1536,      1,      1,      1], type =    f32, size =    0.006 MiB
[ 243/ 601] blk.13.post_norm.weight              - [  1536,      1,      1,      1], type =    f32, size =    0.006 MiB
[ 244/ 601] blk.13.proj.weight                   - [   256,   1536,      1,      1], type =   bf16, converting to q8_0 .. size =     0.75 MiB ->     0.40 MiB
[ 245/ 601] blk.14.attn_k.weight                 - [  1536,    512,      1,      1], type =   bf16, converting to q8_0 .. size =     1.50 MiB ->     0.80 MiB
[ 246/ 601] blk.14.attn_k_norm.weight            - [   512,      1,      1,      1], type =    f32, size =    0.002 MiB
[ 247/ 601] blk.14.attn_norm.weight              - [  1536,      1,      1,      1], type =    f32, size =    0.006 MiB
[ 248/ 601] blk.14.attn_output.weight            - [  4096,   1536,      1,      1], type =   bf16, converting to q8_0 .. size =    12.00 MiB ->     6.38 MiB
[ 249/ 601] blk.14.attn_q.weight                 - [  1536,   4096,      1,      1], type =   bf16, converting to q8_0 .. size =    12.00 MiB ->     6.38 MiB
[ 250/ 601] blk.14.attn_q_norm.weight            - [   512,      1,      1,      1], type =    f32, size =    0.002 MiB
[ 251/ 601] blk.14.attn_v.weight                 - [  1536,    512,      1,      1], type =   bf16, converting to q8_0 .. size =     1.50 MiB ->     0.80 MiB
[ 252/ 601] blk.14.ffn_down.weight               - [  6144,   1536,      1,      1], type =   bf16, converting to q8_0 .. size =    18.00 MiB ->     9.56 MiB
[ 253/ 601] blk.14.ffn_gate.weight               - [  1536,   6144,      1,      1], type =   bf16, converting to q8_0 .. size =    18.00 MiB ->     9.56 MiB
[ 254/ 601] blk.14.ffn_norm.weight               - [  1536,      1,      1,      1], type =    f32, size =    0.006 MiB
[ 255/ 601] blk.14.ffn_up.weight                 - [  1536,   6144,      1,      1], type =   bf16, converting to q8_0 .. size =    18.00 MiB ->     9.56 MiB
[ 256/ 601] blk.14.inp_gate.weight               - [  1536,    256,      1,      1], type =   bf16, converting to q8_0 .. size =     0.75 MiB ->     0.40 MiB
[ 257/ 601] blk.14.layer_output_scale.weight     - [     1,      1,      1,      1], type =    f32, size =    0.000 MiB
[ 258/ 601] blk.14.post_attention_norm.weight    - [  1536,      1,      1,      1], type =    f32, size =    0.006 MiB
[ 259/ 601] blk.14.post_ffw_norm.weight          - [  1536,      1,      1,      1], type =    f32, size =    0.006 MiB
[ 260/ 601] blk.14.post_norm.weight              - [  1536,      1,      1,      1], type =    f32, size =    0.006 MiB
[ 261/ 601] blk.14.proj.weight                   - [   256,   1536,      1,      1], type =   bf16, converting to q8_0 .. size =     0.75 MiB ->     0.40 MiB
[ 262/ 601] blk.15.attn_k.weight                 - [  1536,    256,      1,      1], type =   bf16, converting to q8_0 .. size =     0.75 MiB ->     0.40 MiB
[ 263/ 601] blk.15.attn_k_norm.weight            - [   256,      1,      1,      1], type =    f32, size =    0.001 MiB
[ 264/ 601] blk.15.attn_norm.weight              - [  1536,      1,      1,      1], type =    f32, size =    0.006 MiB
[ 265/ 601] blk.15.attn_output.weight            - [  2048,   1536,      1,      1], type =   bf16, converting to q8_0 .. size =     6.00 MiB ->     3.19 MiB
[ 266/ 601] blk.15.attn_q.weight                 - [  1536,   2048,      1,      1], type =   bf16, converting to q8_0 .. size =     6.00 MiB ->     3.19 MiB
[ 267/ 601] blk.15.attn_q_norm.weight            - [   256,      1,      1,      1], type =    f32, size =    0.001 MiB
[ 268/ 601] blk.15.attn_v.weight                 - [  1536,    256,      1,      1], type =   bf16, converting to q8_0 .. size =     0.75 MiB ->     0.40 MiB
[ 269/ 601] blk.15.ffn_down.weight               - [ 12288,   1536,      1,      1], type =   bf16, converting to q8_0 .. size =    36.00 MiB ->    19.12 MiB
[ 270/ 601] blk.15.ffn_gate.weight               - [  1536,  12288,      1,      1], type =   bf16, converting to q8_0 .. size =    36.00 MiB ->    19.12 MiB
[ 271/ 601] blk.15.ffn_norm.weight               - [  1536,      1,      1,      1], type =    f32, size =    0.006 MiB
[ 272/ 601] blk.15.ffn_up.weight                 - [  1536,  12288,      1,      1], type =   bf16, converting to q8_0 .. size =    36.00 MiB ->    19.12 MiB
[ 273/ 601] blk.15.inp_gate.weight               - [  1536,    256,      1,      1], type =   bf16, converting to q8_0 .. size =     0.75 MiB ->     0.40 MiB
[ 274/ 601] blk.15.layer_output_scale.weight     - [     1,      1,      1,      1], type =    f32, size =    0.000 MiB
[ 275/ 601] blk.15.post_attention_norm.weight    - [  1536,      1,      1,      1], type =    f32, size =    0.006 MiB
[ 276/ 601] blk.15.post_ffw_norm.weight          - [  1536,      1,      1,      1], type =    f32, size =    0.006 MiB
[ 277/ 601] blk.15.post_norm.weight              - [  1536,      1,      1,      1], type =    f32, size =    0.006 MiB
[ 278/ 601] blk.15.proj.weight                   - [   256,   1536,      1,      1], type =   bf16, converting to q8_0 .. size =     0.75 MiB ->     0.40 MiB
[ 279/ 601] blk.16.attn_k.weight                 - [  1536,    256,      1,      1], type =   bf16, converting to q8_0 .. size =     0.75 MiB ->     0.40 MiB
[ 280/ 601] blk.16.attn_k_norm.weight            - [   256,      1,      1,      1], type =    f32, size =    0.001 MiB
[ 281/ 601] blk.16.attn_norm.weight              - [  1536,      1,      1,      1], type =    f32, size =    0.006 MiB
[ 282/ 601] blk.16.attn_output.weight            - [  2048,   1536,      1,      1], type =   bf16, converting to q8_0 .. size =     6.00 MiB ->     3.19 MiB
[ 283/ 601] blk.16.attn_q.weight                 - [  1536,   2048,      1,      1], type =   bf16, converting to q8_0 .. size =     6.00 MiB ->     3.19 MiB
[ 284/ 601] blk.16.attn_q_norm.weight            - [   256,      1,      1,      1], type =    f32, size =    0.001 MiB
[ 285/ 601] blk.16.attn_v.weight                 - [  1536,    256,      1,      1], type =   bf16, converting to q8_0 .. size =     0.75 MiB ->     0.40 MiB
[ 286/ 601] blk.16.ffn_down.weight               - [ 12288,   1536,      1,      1], type =   bf16, converting to q8_0 .. size =    36.00 MiB ->    19.12 MiB
[ 287/ 601] blk.16.ffn_gate.weight               - [  1536,  12288,      1,      1], type =   bf16, converting to q8_0 .. size =    36.00 MiB ->    19.12 MiB
[ 288/ 601] blk.16.ffn_norm.weight               - [  1536,      1,      1,      1], type =    f32, size =    0.006 MiB
[ 289/ 601] blk.16.ffn_up.weight                 - [  1536,  12288,      1,      1], type =   bf16, converting to q8_0 .. size =    36.00 MiB ->    19.12 MiB
[ 290/ 601] blk.16.inp_gate.weight               - [  1536,    256,      1,      1], type =   bf16, converting to q8_0 .. size =     0.75 MiB ->     0.40 MiB
[ 291/ 601] blk.16.layer_output_scale.weight     - [     1,      1,      1,      1], type =    f32, size =    0.000 MiB
[ 292/ 601] blk.16.post_attention_norm.weight    - [  1536,      1,      1,      1], type =    f32, size =    0.006 MiB
[ 293/ 601] blk.16.post_ffw_norm.weight          - [  1536,      1,      1,      1], type =    f32, size =    0.006 MiB
[ 294/ 601] blk.16.post_norm.weight              - [  1536,      1,      1,      1], type =    f32, size =    0.006 MiB
[ 295/ 601] blk.16.proj.weight                   - [   256,   1536,      1,      1], type =   bf16, converting to q8_0 .. size =     0.75 MiB ->     0.40 MiB
[ 296/ 601] blk.17.attn_k.weight                 - [  1536,    256,      1,      1], type =   bf16, converting to q8_0 .. size =     0.75 MiB ->     0.40 MiB
[ 297/ 601] blk.17.attn_k_norm.weight            - [   256,      1,      1,      1], type =    f32, size =    0.001 MiB
[ 298/ 601] blk.17.attn_norm.weight              - [  1536,      1,      1,      1], type =    f32, size =    0.006 MiB
[ 299/ 601] blk.17.attn_output.weight            - [  2048,   1536,      1,      1], type =   bf16, converting to q8_0 .. size =     6.00 MiB ->     3.19 MiB
[ 300/ 601] blk.17.attn_q.weight                 - [  1536,   2048,      1,      1], type =   bf16, converting to q8_0 .. size =     6.00 MiB ->     3.19 MiB
[ 301/ 601] blk.17.attn_q_norm.weight            - [   256,      1,      1,      1], type =    f32, size =    0.001 MiB
[ 302/ 601] blk.17.attn_v.weight                 - [  1536,    256,      1,      1], type =   bf16, converting to q8_0 .. size =     0.75 MiB ->     0.40 MiB
[ 303/ 601] blk.17.ffn_down.weight               - [ 12288,   1536,      1,      1], type =   bf16, converting to q8_0 .. size =    36.00 MiB ->    19.12 MiB
[ 304/ 601] blk.17.ffn_gate.weight               - [  1536,  12288,      1,      1], type =   bf16, converting to q8_0 .. size =    36.00 MiB ->    19.12 MiB
[ 305/ 601] blk.17.ffn_norm.weight               - [  1536,      1,      1,      1], type =    f32, size =    0.006 MiB
[ 306/ 601] blk.17.ffn_up.weight                 - [  1536,  12288,      1,      1], type =   bf16, converting to q8_0 .. size =    36.00 MiB ->    19.12 MiB
[ 307/ 601] blk.17.inp_gate.weight               - [  1536,    256,      1,      1], type =   bf16, converting to q8_0 .. size =     0.75 MiB ->     0.40 MiB
[ 308/ 601] blk.17.layer_output_scale.weight     - [     1,      1,      1,      1], type =    f32, size =    0.000 MiB
[ 309/ 601] blk.17.post_attention_norm.weight    - [  1536,      1,      1,      1], type =    f32, size =    0.006 MiB
[ 310/ 601] blk.17.post_ffw_norm.weight          - [  1536,      1,      1,      1], type =    f32, size =    0.006 MiB
[ 311/ 601] blk.17.post_norm.weight              - [  1536,      1,      1,      1], type =    f32, size =    0.006 MiB
[ 312/ 601] blk.17.proj.weight                   - [   256,   1536,      1,      1], type =   bf16, converting to q8_0 .. size =     0.75 MiB ->     0.40 MiB
[ 313/ 601] blk.18.attn_k.weight                 - [  1536,    256,      1,      1], type =   bf16, converting to q8_0 .. size =     0.75 MiB ->     0.40 MiB
[ 314/ 601] blk.18.attn_k_norm.weight            - [   256,      1,      1,      1], type =    f32, size =    0.001 MiB
[ 315/ 601] blk.18.attn_norm.weight              - [  1536,      1,      1,      1], type =    f32, size =    0.006 MiB
[ 316/ 601] blk.18.attn_output.weight            - [  2048,   1536,      1,      1], type =   bf16, converting to q8_0 .. size =     6.00 MiB ->     3.19 MiB
[ 317/ 601] blk.18.attn_q.weight                 - [  1536,   2048,      1,      1], type =   bf16, converting to q8_0 .. size =     6.00 MiB ->     3.19 MiB
[ 318/ 601] blk.18.attn_q_norm.weight            - [   256,      1,      1,      1], type =    f32, size =    0.001 MiB
[ 319/ 601] blk.18.attn_v.weight                 - [  1536,    256,      1,      1], type =   bf16, converting to q8_0 .. size =     0.75 MiB ->     0.40 MiB
[ 320/ 601] blk.18.ffn_down.weight               - [ 12288,   1536,      1,      1], type =   bf16, converting to q8_0 .. size =    36.00 MiB ->    19.12 MiB
[ 321/ 601] blk.18.ffn_gate.weight               - [  1536,  12288,      1,      1], type =   bf16, converting to q8_0 .. size =    36.00 MiB ->    19.12 MiB
[ 322/ 601] blk.18.ffn_norm.weight               - [  1536,      1,      1,      1], type =    f32, size =    0.006 MiB
[ 323/ 601] blk.18.ffn_up.weight                 - [  1536,  12288,      1,      1], type =   bf16, converting to q8_0 .. size =    36.00 MiB ->    19.12 MiB
[ 324/ 601] blk.18.inp_gate.weight               - [  1536,    256,      1,      1], type =   bf16, converting to q8_0 .. size =     0.75 MiB ->     0.40 MiB
[ 325/ 601] blk.18.layer_output_scale.weight     - [     1,      1,      1,      1], type =    f32, size =    0.000 MiB
[ 326/ 601] blk.18.post_attention_norm.weight    - [  1536,      1,      1,      1], type =    f32, size =    0.006 MiB
[ 327/ 601] blk.18.post_ffw_norm.weight          - [  1536,      1,      1,      1], type =    f32, size =    0.006 MiB
[ 328/ 601] blk.18.post_norm.weight              - [  1536,      1,      1,      1], type =    f32, size =    0.006 MiB
[ 329/ 601] blk.18.proj.weight                   - [   256,   1536,      1,      1], type =   bf16, converting to q8_0 .. size =     0.75 MiB ->     0.40 MiB
[ 330/ 601] blk.19.attn_k.weight                 - [  1536,    512,      1,      1], type =   bf16, converting to q8_0 .. size =     1.50 MiB ->     0.80 MiB
[ 331/ 601] blk.19.attn_k_norm.weight            - [   512,      1,      1,      1], type =    f32, size =    0.002 MiB
[ 332/ 601] blk.19.attn_norm.weight              - [  1536,      1,      1,      1], type =    f32, size =    0.006 MiB
[ 333/ 601] blk.19.attn_output.weight            - [  4096,   1536,      1,      1], type =   bf16, converting to q8_0 .. size =    12.00 MiB ->     6.38 MiB
[ 334/ 601] blk.19.attn_q.weight                 - [  1536,   4096,      1,      1], type =   bf16, converting to q8_0 .. size =    12.00 MiB ->     6.38 MiB
[ 335/ 601] blk.19.attn_q_norm.weight            - [   512,      1,      1,      1], type =    f32, size =    0.002 MiB
[ 336/ 601] blk.19.attn_v.weight                 - [  1536,    512,      1,      1], type =   bf16, converting to q8_0 .. size =     1.50 MiB ->     0.80 MiB
[ 337/ 601] blk.19.ffn_down.weight               - [ 12288,   1536,      1,      1], type =   bf16, converting to q8_0 .. size =    36.00 MiB ->    19.12 MiB
[ 338/ 601] blk.19.ffn_gate.weight               - [  1536,  12288,      1,      1], type =   bf16, converting to q8_0 .. size =    36.00 MiB ->    19.12 MiB
[ 339/ 601] blk.19.ffn_norm.weight               - [  1536,      1,      1,      1], type =    f32, size =    0.006 MiB
[ 340/ 601] blk.19.ffn_up.weight                 - [  1536,  12288,      1,      1], type =   bf16, converting to q8_0 .. size =    36.00 MiB ->    19.12 MiB
[ 341/ 601] blk.19.inp_gate.weight               - [  1536,    256,      1,      1], type =   bf16, converting to q8_0 .. size =     0.75 MiB ->     0.40 MiB
[ 342/ 601] blk.19.layer_output_scale.weight     - [     1,      1,      1,      1], type =    f32, size =    0.000 MiB
[ 343/ 601] blk.19.post_attention_norm.weight    - [  1536,      1,      1,      1], type =    f32, size =    0.006 MiB
[ 344/ 601] blk.19.post_ffw_norm.weight          - [  1536,      1,      1,      1], type =    f32, size =    0.006 MiB
[ 345/ 601] blk.19.post_norm.weight              - [  1536,      1,      1,      1], type =    f32, size =    0.006 MiB
[ 346/ 601] blk.19.proj.weight                   - [   256,   1536,      1,      1], type =   bf16, converting to q8_0 .. size =     0.75 MiB ->     0.40 MiB
[ 347/ 601] blk.20.attn_k.weight                 - [  1536,    256,      1,      1], type =   bf16, converting to q8_0 .. size =     0.75 MiB ->     0.40 MiB
[ 348/ 601] blk.20.attn_k_norm.weight            - [   256,      1,      1,      1], type =    f32, size =    0.001 MiB
[ 349/ 601] blk.20.attn_norm.weight              - [  1536,      1,      1,      1], type =    f32, size =    0.006 MiB
[ 350/ 601] blk.20.attn_output.weight            - [  2048,   1536,      1,      1], type =   bf16, converting to q8_0 .. size =     6.00 MiB ->     3.19 MiB
[ 351/ 601] blk.20.attn_q.weight                 - [  1536,   2048,      1,      1], type =   bf16, converting to q8_0 .. size =     6.00 MiB ->     3.19 MiB
[ 352/ 601] blk.20.attn_q_norm.weight            - [   256,      1,      1,      1], type =    f32, size =    0.001 MiB
[ 353/ 601] blk.20.attn_v.weight                 - [  1536,    256,      1,      1], type =   bf16, converting to q8_0 .. size =     0.75 MiB ->     0.40 MiB
[ 354/ 601] blk.20.ffn_down.weight               - [ 12288,   1536,      1,      1], type =   bf16, converting to q8_0 .. size =    36.00 MiB ->    19.12 MiB
[ 355/ 601] blk.20.ffn_gate.weight               - [  1536,  12288,      1,      1], type =   bf16, converting to q8_0 .. size =    36.00 MiB ->    19.12 MiB
[ 356/ 601] blk.20.ffn_norm.weight               - [  1536,      1,      1,      1], type =    f32, size =    0.006 MiB
[ 357/ 601] blk.20.ffn_up.weight                 - [  1536,  12288,      1,      1], type =   bf16, converting to q8_0 .. size =    36.00 MiB ->    19.12 MiB
[ 358/ 601] blk.20.inp_gate.weight               - [  1536,    256,      1,      1], type =   bf16, converting to q8_0 .. size =     0.75 MiB ->     0.40 MiB
[ 359/ 601] blk.20.layer_output_scale.weight     - [     1,      1,      1,      1], type =    f32, size =    0.000 MiB
[ 360/ 601] blk.20.post_attention_norm.weight    - [  1536,      1,      1,      1], type =    f32, size =    0.006 MiB
[ 361/ 601] blk.20.post_ffw_norm.weight          - [  1536,      1,      1,      1], type =    f32, size =    0.006 MiB
[ 362/ 601] blk.20.post_norm.weight              - [  1536,      1,      1,      1], type =    f32, size =    0.006 MiB
[ 363/ 601] blk.20.proj.weight                   - [   256,   1536,      1,      1], type =   bf16, converting to q8_0 .. size =     0.75 MiB ->     0.40 MiB
[ 364/ 601] blk.21.attn_k.weight                 - [  1536,    256,      1,      1], type =   bf16, converting to q8_0 .. size =     0.75 MiB ->     0.40 MiB
[ 365/ 601] blk.21.attn_k_norm.weight            - [   256,      1,      1,      1], type =    f32, size =    0.001 MiB
[ 366/ 601] blk.21.attn_norm.weight              - [  1536,      1,      1,      1], type =    f32, size =    0.006 MiB
[ 367/ 601] blk.21.attn_output.weight            - [  2048,   1536,      1,      1], type =   bf16, converting to q8_0 .. size =     6.00 MiB ->     3.19 MiB
[ 368/ 601] blk.21.attn_q.weight                 - [  1536,   2048,      1,      1], type =   bf16, converting to q8_0 .. size =     6.00 MiB ->     3.19 MiB
[ 369/ 601] blk.21.attn_q_norm.weight            - [   256,      1,      1,      1], type =    f32, size =    0.001 MiB
[ 370/ 601] blk.21.attn_v.weight                 - [  1536,    256,      1,      1], type =   bf16, converting to q8_0 .. size =     0.75 MiB ->     0.40 MiB
[ 371/ 601] blk.21.ffn_down.weight               - [ 12288,   1536,      1,      1], type =   bf16, converting to q8_0 .. size =    36.00 MiB ->    19.12 MiB
[ 372/ 601] blk.21.ffn_gate.weight               - [  1536,  12288,      1,      1], type =   bf16, converting to q8_0 .. size =    36.00 MiB ->    19.12 MiB
[ 373/ 601] blk.21.ffn_norm.weight               - [  1536,      1,      1,      1], type =    f32, size =    0.006 MiB
[ 374/ 601] blk.21.ffn_up.weight                 - [  1536,  12288,      1,      1], type =   bf16, converting to q8_0 .. size =    36.00 MiB ->    19.12 MiB
[ 375/ 601] blk.21.inp_gate.weight               - [  1536,    256,      1,      1], type =   bf16, converting to q8_0 .. size =     0.75 MiB ->     0.40 MiB
[ 376/ 601] blk.21.layer_output_scale.weight     - [     1,      1,      1,      1], type =    f32, size =    0.000 MiB
[ 377/ 601] blk.21.post_attention_norm.weight    - [  1536,      1,      1,      1], type =    f32, size =    0.006 MiB
[ 378/ 601] blk.21.post_ffw_norm.weight          - [  1536,      1,      1,      1], type =    f32, size =    0.006 MiB
[ 379/ 601] blk.21.post_norm.weight              - [  1536,      1,      1,      1], type =    f32, size =    0.006 MiB
[ 380/ 601] blk.21.proj.weight                   - [   256,   1536,      1,      1], type =   bf16, converting to q8_0 .. size =     0.75 MiB ->     0.40 MiB
[ 381/ 601] blk.22.attn_k.weight                 - [  1536,    256,      1,      1], type =   bf16, converting to q8_0 .. size =     0.75 MiB ->     0.40 MiB
[ 382/ 601] blk.22.attn_k_norm.weight            - [   256,      1,      1,      1], type =    f32, size =    0.001 MiB
[ 383/ 601] blk.22.attn_norm.weight              - [  1536,      1,      1,      1], type =    f32, size =    0.006 MiB
[ 384/ 601] blk.22.attn_output.weight            - [  2048,   1536,      1,      1], type =   bf16, converting to q8_0 .. size =     6.00 MiB ->     3.19 MiB
[ 385/ 601] blk.22.attn_q.weight                 - [  1536,   2048,      1,      1], type =   bf16, converting to q8_0 .. size =     6.00 MiB ->     3.19 MiB
[ 386/ 601] blk.22.attn_q_norm.weight            - [   256,      1,      1,      1], type =    f32, size =    0.001 MiB
[ 387/ 601] blk.22.attn_v.weight                 - [  1536,    256,      1,      1], type =   bf16, converting to q8_0 .. size =     0.75 MiB ->     0.40 MiB
[ 388/ 601] blk.22.ffn_down.weight               - [ 12288,   1536,      1,      1], type =   bf16, converting to q8_0 .. size =    36.00 MiB ->    19.12 MiB
[ 389/ 601] blk.22.ffn_gate.weight               - [  1536,  12288,      1,      1], type =   bf16, converting to q8_0 .. size =    36.00 MiB ->    19.12 MiB
[ 390/ 601] blk.22.ffn_norm.weight               - [  1536,      1,      1,      1], type =    f32, size =    0.006 MiB
[ 391/ 601] blk.22.ffn_up.weight                 - [  1536,  12288,      1,      1], type =   bf16, converting to q8_0 .. size =    36.00 MiB ->    19.12 MiB
[ 392/ 601] blk.22.inp_gate.weight               - [  1536,    256,      1,      1], type =   bf16, converting to q8_0 .. size =     0.75 MiB ->     0.40 MiB
[ 393/ 601] blk.22.layer_output_scale.weight     - [     1,      1,      1,      1], type =    f32, size =    0.000 MiB
[ 394/ 601] blk.22.post_attention_norm.weight    - [  1536,      1,      1,      1], type =    f32, size =    0.006 MiB
[ 395/ 601] blk.22.post_ffw_norm.weight          - [  1536,      1,      1,      1], type =    f32, size =    0.006 MiB
[ 396/ 601] blk.22.post_norm.weight              - [  1536,      1,      1,      1], type =    f32, size =    0.006 MiB
[ 397/ 601] blk.22.proj.weight                   - [   256,   1536,      1,      1], type =   bf16, converting to q8_0 .. size =     0.75 MiB ->     0.40 MiB
[ 398/ 601] blk.23.attn_k.weight                 - [  1536,    256,      1,      1], type =   bf16, converting to q8_0 .. size =     0.75 MiB ->     0.40 MiB
[ 399/ 601] blk.23.attn_k_norm.weight            - [   256,      1,      1,      1], type =    f32, size =    0.001 MiB
[ 400/ 601] blk.23.attn_norm.weight              - [  1536,      1,      1,      1], type =    f32, size =    0.006 MiB
[ 401/ 601] blk.23.attn_output.weight            - [  2048,   1536,      1,      1], type =   bf16, converting to q8_0 .. size =     6.00 MiB ->     3.19 MiB
[ 402/ 601] blk.23.attn_q.weight                 - [  1536,   2048,      1,      1], type =   bf16, converting to q8_0 .. size =     6.00 MiB ->     3.19 MiB
[ 403/ 601] blk.23.attn_q_norm.weight            - [   256,      1,      1,      1], type =    f32, size =    0.001 MiB
[ 404/ 601] blk.23.attn_v.weight                 - [  1536,    256,      1,      1], type =   bf16, converting to q8_0 .. size =     0.75 MiB ->     0.40 MiB
[ 405/ 601] blk.23.ffn_down.weight               - [ 12288,   1536,      1,      1], type =   bf16, converting to q8_0 .. size =    36.00 MiB ->    19.12 MiB
[ 406/ 601] blk.23.ffn_gate.weight               - [  1536,  12288,      1,      1], type =   bf16, converting to q8_0 .. size =    36.00 MiB ->    19.12 MiB
[ 407/ 601] blk.23.ffn_norm.weight               - [  1536,      1,      1,      1], type =    f32, size =    0.006 MiB
[ 408/ 601] blk.23.ffn_up.weight                 - [  1536,  12288,      1,      1], type =   bf16, converting to q8_0 .. size =    36.00 MiB ->    19.12 MiB
[ 409/ 601] blk.23.inp_gate.weight               - [  1536,    256,      1,      1], type =   bf16, converting to q8_0 .. size =     0.75 MiB ->     0.40 MiB
[ 410/ 601] blk.23.layer_output_scale.weight     - [     1,      1,      1,      1], type =    f32, size =    0.000 MiB
[ 411/ 601] blk.23.post_attention_norm.weight    - [  1536,      1,      1,      1], type =    f32, size =    0.006 MiB
[ 412/ 601] blk.23.post_ffw_norm.weight          - [  1536,      1,      1,      1], type =    f32, size =    0.006 MiB
[ 413/ 601] blk.23.post_norm.weight              - [  1536,      1,      1,      1], type =    f32, size =    0.006 MiB
[ 414/ 601] blk.23.proj.weight                   - [   256,   1536,      1,      1], type =   bf16, converting to q8_0 .. size =     0.75 MiB ->     0.40 MiB
[ 415/ 601] blk.24.attn_k.weight                 - [  1536,    512,      1,      1], type =   bf16, converting to q8_0 .. size =     1.50 MiB ->     0.80 MiB
[ 416/ 601] blk.24.attn_k_norm.weight            - [   512,      1,      1,      1], type =    f32, size =    0.002 MiB
[ 417/ 601] blk.24.attn_norm.weight              - [  1536,      1,      1,      1], type =    f32, size =    0.006 MiB
[ 418/ 601] blk.24.attn_output.weight            - [  4096,   1536,      1,      1], type =   bf16, converting to q8_0 .. size =    12.00 MiB ->     6.38 MiB
[ 419/ 601] blk.24.attn_q.weight                 - [  1536,   4096,      1,      1], type =   bf16, converting to q8_0 .. size =    12.00 MiB ->     6.38 MiB
[ 420/ 601] blk.24.attn_q_norm.weight            - [   512,      1,      1,      1], type =    f32, size =    0.002 MiB
[ 421/ 601] blk.24.attn_v.weight                 - [  1536,    512,      1,      1], type =   bf16, converting to q8_0 .. size =     1.50 MiB ->     0.80 MiB
[ 422/ 601] blk.24.ffn_down.weight               - [ 12288,   1536,      1,      1], type =   bf16, converting to q8_0 .. size =    36.00 MiB ->    19.12 MiB
[ 423/ 601] blk.24.ffn_gate.weight               - [  1536,  12288,      1,      1], type =   bf16, converting to q8_0 .. size =    36.00 MiB ->    19.12 MiB
[ 424/ 601] blk.24.ffn_norm.weight               - [  1536,      1,      1,      1], type =    f32, size =    0.006 MiB
[ 425/ 601] blk.24.ffn_up.weight                 - [  1536,  12288,      1,      1], type =   bf16, converting to q8_0 .. size =    36.00 MiB ->    19.12 MiB
[ 426/ 601] blk.24.inp_gate.weight               - [  1536,    256,      1,      1], type =   bf16, converting to q8_0 .. size =     0.75 MiB ->     0.40 MiB
[ 427/ 601] blk.24.layer_output_scale.weight     - [     1,      1,      1,      1], type =    f32, size =    0.000 MiB
[ 428/ 601] blk.24.post_attention_norm.weight    - [  1536,      1,      1,      1], type =    f32, size =    0.006 MiB
[ 429/ 601] blk.24.post_ffw_norm.weight          - [  1536,      1,      1,      1], type =    f32, size =    0.006 MiB
[ 430/ 601] blk.24.post_norm.weight              - [  1536,      1,      1,      1], type =    f32, size =    0.006 MiB
[ 431/ 601] blk.24.proj.weight                   - [   256,   1536,      1,      1], type =   bf16, converting to q8_0 .. size =     0.75 MiB ->     0.40 MiB
[ 432/ 601] blk.25.attn_k.weight                 - [  1536,    256,      1,      1], type =   bf16, converting to q8_0 .. size =     0.75 MiB ->     0.40 MiB
[ 433/ 601] blk.25.attn_k_norm.weight            - [   256,      1,      1,      1], type =    f32, size =    0.001 MiB
[ 434/ 601] blk.25.attn_norm.weight              - [  1536,      1,      1,      1], type =    f32, size =    0.006 MiB
[ 435/ 601] blk.25.attn_output.weight            - [  2048,   1536,      1,      1], type =   bf16, converting to q8_0 .. size =     6.00 MiB ->     3.19 MiB
[ 436/ 601] blk.25.attn_q.weight                 - [  1536,   2048,      1,      1], type =   bf16, converting to q8_0 .. size =     6.00 MiB ->     3.19 MiB
[ 437/ 601] blk.25.attn_q_norm.weight            - [   256,      1,      1,      1], type =    f32, size =    0.001 MiB
[ 438/ 601] blk.25.attn_v.weight                 - [  1536,    256,      1,      1], type =   bf16, converting to q8_0 .. size =     0.75 MiB ->     0.40 MiB
[ 439/ 601] blk.25.ffn_down.weight               - [ 12288,   1536,      1,      1], type =   bf16, converting to q8_0 .. size =    36.00 MiB ->    19.12 MiB
[ 440/ 601] blk.25.ffn_gate.weight               - [  1536,  12288,      1,      1], type =   bf16, converting to q8_0 .. size =    36.00 MiB ->    19.12 MiB
[ 441/ 601] blk.25.ffn_norm.weight               - [  1536,      1,      1,      1], type =    f32, size =    0.006 MiB
[ 442/ 601] blk.25.ffn_up.weight                 - [  1536,  12288,      1,      1], type =   bf16, converting to q8_0 .. size =    36.00 MiB ->    19.12 MiB
[ 443/ 601] blk.25.inp_gate.weight               - [  1536,    256,      1,      1], type =   bf16, converting to q8_0 .. size =     0.75 MiB ->     0.40 MiB
[ 444/ 601] blk.25.layer_output_scale.weight     - [     1,      1,      1,      1], type =    f32, size =    0.000 MiB
[ 445/ 601] blk.25.post_attention_norm.weight    - [  1536,      1,      1,      1], type =    f32, size =    0.006 MiB
[ 446/ 601] blk.25.post_ffw_norm.weight          - [  1536,      1,      1,      1], type =    f32, size =    0.006 MiB
[ 447/ 601] blk.25.post_norm.weight              - [  1536,      1,      1,      1], type =    f32, size =    0.006 MiB
[ 448/ 601] blk.25.proj.weight                   - [   256,   1536,      1,      1], type =   bf16, converting to q8_0 .. size =     0.75 MiB ->     0.40 MiB
[ 449/ 601] blk.26.attn_k.weight                 - [  1536,    256,      1,      1], type =   bf16, converting to q8_0 .. size =     0.75 MiB ->     0.40 MiB
[ 450/ 601] blk.26.attn_k_norm.weight            - [   256,      1,      1,      1], type =    f32, size =    0.001 MiB
[ 451/ 601] blk.26.attn_norm.weight              - [  1536,      1,      1,      1], type =    f32, size =    0.006 MiB
[ 452/ 601] blk.26.attn_output.weight            - [  2048,   1536,      1,      1], type =   bf16, converting to q8_0 .. size =     6.00 MiB ->     3.19 MiB
[ 453/ 601] blk.26.attn_q.weight                 - [  1536,   2048,      1,      1], type =   bf16, converting to q8_0 .. size =     6.00 MiB ->     3.19 MiB
[ 454/ 601] blk.26.attn_q_norm.weight            - [   256,      1,      1,      1], type =    f32, size =    0.001 MiB
[ 455/ 601] blk.26.attn_v.weight                 - [  1536,    256,      1,      1], type =   bf16, converting to q8_0 .. size =     0.75 MiB ->     0.40 MiB
[ 456/ 601] blk.26.ffn_down.weight               - [ 12288,   1536,      1,      1], type =   bf16, converting to q8_0 .. size =    36.00 MiB ->    19.12 MiB
[ 457/ 601] blk.26.ffn_gate.weight               - [  1536,  12288,      1,      1], type =   bf16, converting to q8_0 .. size =    36.00 MiB ->    19.12 MiB
[ 458/ 601] blk.26.ffn_norm.weight               - [  1536,      1,      1,      1], type =    f32, size =    0.006 MiB
[ 459/ 601] blk.26.ffn_up.weight                 - [  1536,  12288,      1,      1], type =   bf16, converting to q8_0 .. size =    36.00 MiB ->    19.12 MiB
[ 460/ 601] blk.26.inp_gate.weight               - [  1536,    256,      1,      1], type =   bf16, converting to q8_0 .. size =     0.75 MiB ->     0.40 MiB
[ 461/ 601] blk.26.layer_output_scale.weight     - [     1,      1,      1,      1], type =    f32, size =    0.000 MiB
[ 462/ 601] blk.26.post_attention_norm.weight    - [  1536,      1,      1,      1], type =    f32, size =    0.006 MiB
[ 463/ 601] blk.26.post_ffw_norm.weight          - [  1536,      1,      1,      1], type =    f32, size =    0.006 MiB
[ 464/ 601] blk.26.post_norm.weight              - [  1536,      1,      1,      1], type =    f32, size =    0.006 MiB
[ 465/ 601] blk.26.proj.weight                   - [   256,   1536,      1,      1], type =   bf16, converting to q8_0 .. size =     0.75 MiB ->     0.40 MiB
[ 466/ 601] blk.27.attn_k.weight                 - [  1536,    256,      1,      1], type =   bf16, converting to q8_0 .. size =     0.75 MiB ->     0.40 MiB
[ 467/ 601] blk.27.attn_k_norm.weight            - [   256,      1,      1,      1], type =    f32, size =    0.001 MiB
[ 468/ 601] blk.27.attn_norm.weight              - [  1536,      1,      1,      1], type =    f32, size =    0.006 MiB
[ 469/ 601] blk.27.attn_output.weight            - [  2048,   1536,      1,      1], type =   bf16, converting to q8_0 .. size =     6.00 MiB ->     3.19 MiB
[ 470/ 601] blk.27.attn_q.weight                 - [  1536,   2048,      1,      1], type =   bf16, converting to q8_0 .. size =     6.00 MiB ->     3.19 MiB
[ 471/ 601] blk.27.attn_q_norm.weight            - [   256,      1,      1,      1], type =    f32, size =    0.001 MiB
[ 472/ 601] blk.27.attn_v.weight                 - [  1536,    256,      1,      1], type =   bf16, converting to q8_0 .. size =     0.75 MiB ->     0.40 MiB
[ 473/ 601] blk.27.ffn_down.weight               - [ 12288,   1536,      1,      1], type =   bf16, converting to q8_0 .. size =    36.00 MiB ->    19.12 MiB
[ 474/ 601] blk.27.ffn_gate.weight               - [  1536,  12288,      1,      1], type =   bf16, converting to q8_0 .. size =    36.00 MiB ->    19.12 MiB
[ 475/ 601] blk.27.ffn_norm.weight               - [  1536,      1,      1,      1], type =    f32, size =    0.006 MiB
[ 476/ 601] blk.27.ffn_up.weight                 - [  1536,  12288,      1,      1], type =   bf16, converting to q8_0 .. size =    36.00 MiB ->    19.12 MiB
[ 477/ 601] blk.27.inp_gate.weight               - [  1536,    256,      1,      1], type =   bf16, converting to q8_0 .. size =     0.75 MiB ->     0.40 MiB
[ 478/ 601] blk.27.layer_output_scale.weight     - [     1,      1,      1,      1], type =    f32, size =    0.000 MiB
[ 479/ 601] blk.27.post_attention_norm.weight    - [  1536,      1,      1,      1], type =    f32, size =    0.006 MiB
[ 480/ 601] blk.27.post_ffw_norm.weight          - [  1536,      1,      1,      1], type =    f32, size =    0.006 MiB
[ 481/ 601] blk.27.post_norm.weight              - [  1536,      1,      1,      1], type =    f32, size =    0.006 MiB
[ 482/ 601] blk.27.proj.weight                   - [   256,   1536,      1,      1], type =   bf16, converting to q8_0 .. size =     0.75 MiB ->     0.40 MiB
[ 483/ 601] blk.28.attn_k.weight                 - [  1536,    256,      1,      1], type =   bf16, converting to q8_0 .. size =     0.75 MiB ->     0.40 MiB
[ 484/ 601] blk.28.attn_k_norm.weight            - [   256,      1,      1,      1], type =    f32, size =    0.001 MiB
[ 485/ 601] blk.28.attn_norm.weight              - [  1536,      1,      1,      1], type =    f32, size =    0.006 MiB
[ 486/ 601] blk.28.attn_output.weight            - [  2048,   1536,      1,      1], type =   bf16, converting to q8_0 .. size =     6.00 MiB ->     3.19 MiB
[ 487/ 601] blk.28.attn_q.weight                 - [  1536,   2048,      1,      1], type =   bf16, converting to q8_0 .. size =     6.00 MiB ->     3.19 MiB
[ 488/ 601] blk.28.attn_q_norm.weight            - [   256,      1,      1,      1], type =    f32, size =    0.001 MiB
[ 489/ 601] blk.28.attn_v.weight                 - [  1536,    256,      1,      1], type =   bf16, converting to q8_0 .. size =     0.75 MiB ->     0.40 MiB
[ 490/ 601] blk.28.ffn_down.weight               - [ 12288,   1536,      1,      1], type =   bf16, converting to q8_0 .. size =    36.00 MiB ->    19.12 MiB
[ 491/ 601] blk.28.ffn_gate.weight               - [  1536,  12288,      1,      1], type =   bf16, converting to q8_0 .. size =    36.00 MiB ->    19.12 MiB
[ 492/ 601] blk.28.ffn_norm.weight               - [  1536,      1,      1,      1], type =    f32, size =    0.006 MiB
[ 493/ 601] blk.28.ffn_up.weight                 - [  1536,  12288,      1,      1], type =   bf16, converting to q8_0 .. size =    36.00 MiB ->    19.12 MiB
[ 494/ 601] blk.28.inp_gate.weight               - [  1536,    256,      1,      1], type =   bf16, converting to q8_0 .. size =     0.75 MiB ->     0.40 MiB
[ 495/ 601] blk.28.layer_output_scale.weight     - [     1,      1,      1,      1], type =    f32, size =    0.000 MiB
[ 496/ 601] blk.28.post_attention_norm.weight    - [  1536,      1,      1,      1], type =    f32, size =    0.006 MiB
[ 497/ 601] blk.28.post_ffw_norm.weight          - [  1536,      1,      1,      1], type =    f32, size =    0.006 MiB
[ 498/ 601] blk.28.post_norm.weight              - [  1536,      1,      1,      1], type =    f32, size =    0.006 MiB
[ 499/ 601] blk.28.proj.weight                   - [   256,   1536,      1,      1], type =   bf16, converting to q8_0 .. size =     0.75 MiB ->     0.40 MiB
[ 500/ 601] blk.29.attn_k.weight                 - [  1536,    512,      1,      1], type =   bf16, converting to q8_0 .. size =     1.50 MiB ->     0.80 MiB
[ 501/ 601] blk.29.attn_k_norm.weight            - [   512,      1,      1,      1], type =    f32, size =    0.002 MiB
[ 502/ 601] blk.29.attn_norm.weight              - [  1536,      1,      1,      1], type =    f32, size =    0.006 MiB
[ 503/ 601] blk.29.attn_output.weight            - [  4096,   1536,      1,      1], type =   bf16, converting to q8_0 .. size =    12.00 MiB ->     6.38 MiB
[ 504/ 601] blk.29.attn_q.weight                 - [  1536,   4096,      1,      1], type =   bf16, converting to q8_0 .. size =    12.00 MiB ->     6.38 MiB
[ 505/ 601] blk.29.attn_q_norm.weight            - [   512,      1,      1,      1], type =    f32, size =    0.002 MiB
[ 506/ 601] blk.29.attn_v.weight                 - [  1536,    512,      1,      1], type =   bf16, converting to q8_0 .. size =     1.50 MiB ->     0.80 MiB
[ 507/ 601] blk.29.ffn_down.weight               - [ 12288,   1536,      1,      1], type =   bf16, converting to q8_0 .. size =    36.00 MiB ->    19.12 MiB
[ 508/ 601] blk.29.ffn_gate.weight               - [  1536,  12288,      1,      1], type =   bf16, converting to q8_0 .. size =    36.00 MiB ->    19.12 MiB
[ 509/ 601] blk.29.ffn_norm.weight               - [  1536,      1,      1,      1], type =    f32, size =    0.006 MiB
[ 510/ 601] blk.29.ffn_up.weight                 - [  1536,  12288,      1,      1], type =   bf16, converting to q8_0 .. size =    36.00 MiB ->    19.12 MiB
[ 511/ 601] blk.29.inp_gate.weight               - [  1536,    256,      1,      1], type =   bf16, converting to q8_0 .. size =     0.75 MiB ->     0.40 MiB
[ 512/ 601] blk.29.layer_output_scale.weight     - [     1,      1,      1,      1], type =    f32, size =    0.000 MiB
[ 513/ 601] blk.29.post_attention_norm.weight    - [  1536,      1,      1,      1], type =    f32, size =    0.006 MiB
[ 514/ 601] blk.29.post_ffw_norm.weight          - [  1536,      1,      1,      1], type =    f32, size =    0.006 MiB
[ 515/ 601] blk.29.post_norm.weight              - [  1536,      1,      1,      1], type =    f32, size =    0.006 MiB
[ 516/ 601] blk.29.proj.weight                   - [   256,   1536,      1,      1], type =   bf16, converting to q8_0 .. size =     0.75 MiB ->     0.40 MiB
[ 517/ 601] blk.30.attn_k.weight                 - [  1536,    256,      1,      1], type =   bf16, converting to q8_0 .. size =     0.75 MiB ->     0.40 MiB
[ 518/ 601] blk.30.attn_k_norm.weight            - [   256,      1,      1,      1], type =    f32, size =    0.001 MiB
[ 519/ 601] blk.30.attn_norm.weight              - [  1536,      1,      1,      1], type =    f32, size =    0.006 MiB
[ 520/ 601] blk.30.attn_output.weight            - [  2048,   1536,      1,      1], type =   bf16, converting to q8_0 .. size =     6.00 MiB ->     3.19 MiB
[ 521/ 601] blk.30.attn_q.weight                 - [  1536,   2048,      1,      1], type =   bf16, converting to q8_0 .. size =     6.00 MiB ->     3.19 MiB
[ 522/ 601] blk.30.attn_q_norm.weight            - [   256,      1,      1,      1], type =    f32, size =    0.001 MiB
[ 523/ 601] blk.30.attn_v.weight                 - [  1536,    256,      1,      1], type =   bf16, converting to q8_0 .. size =     0.75 MiB ->     0.40 MiB
[ 524/ 601] blk.30.ffn_down.weight               - [ 12288,   1536,      1,      1], type =   bf16, converting to q8_0 .. size =    36.00 MiB ->    19.12 MiB
[ 525/ 601] blk.30.ffn_gate.weight               - [  1536,  12288,      1,      1], type =   bf16, converting to q8_0 .. size =    36.00 MiB ->    19.12 MiB
[ 526/ 601] blk.30.ffn_norm.weight               - [  1536,      1,      1,      1], type =    f32, size =    0.006 MiB
[ 527/ 601] blk.30.ffn_up.weight                 - [  1536,  12288,      1,      1], type =   bf16, converting to q8_0 .. size =    36.00 MiB ->    19.12 MiB
[ 528/ 601] blk.30.inp_gate.weight               - [  1536,    256,      1,      1], type =   bf16, converting to q8_0 .. size =     0.75 MiB ->     0.40 MiB
[ 529/ 601] blk.30.layer_output_scale.weight     - [     1,      1,      1,      1], type =    f32, size =    0.000 MiB
[ 530/ 601] blk.30.post_attention_norm.weight    - [  1536,      1,      1,      1], type =    f32, size =    0.006 MiB
[ 531/ 601] blk.30.post_ffw_norm.weight          - [  1536,      1,      1,      1], type =    f32, size =    0.006 MiB
[ 532/ 601] blk.30.post_norm.weight              - [  1536,      1,      1,      1], type =    f32, size =    0.006 MiB
[ 533/ 601] blk.30.proj.weight                   - [   256,   1536,      1,      1], type =   bf16, converting to q8_0 .. size =     0.75 MiB ->     0.40 MiB
[ 534/ 601] blk.31.attn_k.weight                 - [  1536,    256,      1,      1], type =   bf16, converting to q8_0 .. size =     0.75 MiB ->     0.40 MiB
[ 535/ 601] blk.31.attn_k_norm.weight            - [   256,      1,      1,      1], type =    f32, size =    0.001 MiB
[ 536/ 601] blk.31.attn_norm.weight              - [  1536,      1,      1,      1], type =    f32, size =    0.006 MiB
[ 537/ 601] blk.31.attn_output.weight            - [  2048,   1536,      1,      1], type =   bf16, converting to q8_0 .. size =     6.00 MiB ->     3.19 MiB
[ 538/ 601] blk.31.attn_q.weight                 - [  1536,   2048,      1,      1], type =   bf16, converting to q8_0 .. size =     6.00 MiB ->     3.19 MiB
[ 539/ 601] blk.31.attn_q_norm.weight            - [   256,      1,      1,      1], type =    f32, size =    0.001 MiB
[ 540/ 601] blk.31.attn_v.weight                 - [  1536,    256,      1,      1], type =   bf16, converting to q8_0 .. size =     0.75 MiB ->     0.40 MiB
[ 541/ 601] blk.31.ffn_down.weight               - [ 12288,   1536,      1,      1], type =   bf16, converting to q8_0 .. size =    36.00 MiB ->    19.12 MiB
[ 542/ 601] blk.31.ffn_gate.weight               - [  1536,  12288,      1,      1], type =   bf16, converting to q8_0 .. size =    36.00 MiB ->    19.12 MiB
[ 543/ 601] blk.31.ffn_norm.weight               - [  1536,      1,      1,      1], type =    f32, size =    0.006 MiB
[ 544/ 601] blk.31.ffn_up.weight                 - [  1536,  12288,      1,      1], type =   bf16, converting to q8_0 .. size =    36.00 MiB ->    19.12 MiB
[ 545/ 601] blk.31.inp_gate.weight               - [  1536,    256,      1,      1], type =   bf16, converting to q8_0 .. size =     0.75 MiB ->     0.40 MiB
[ 546/ 601] blk.31.layer_output_scale.weight     - [     1,      1,      1,      1], type =    f32, size =    0.000 MiB
[ 547/ 601] blk.31.post_attention_norm.weight    - [  1536,      1,      1,      1], type =    f32, size =    0.006 MiB
[ 548/ 601] blk.31.post_ffw_norm.weight          - [  1536,      1,      1,      1], type =    f32, size =    0.006 MiB
[ 549/ 601] blk.31.post_norm.weight              - [  1536,      1,      1,      1], type =    f32, size =    0.006 MiB
[ 550/ 601] blk.31.proj.weight                   - [   256,   1536,      1,      1], type =   bf16, converting to q8_0 .. size =     0.75 MiB ->     0.40 MiB
[ 551/ 601] blk.32.attn_k.weight                 - [  1536,    256,      1,      1], type =   bf16, converting to q8_0 .. size =     0.75 MiB ->     0.40 MiB
[ 552/ 601] blk.32.attn_k_norm.weight            - [   256,      1,      1,      1], type =    f32, size =    0.001 MiB
[ 553/ 601] blk.32.attn_norm.weight              - [  1536,      1,      1,      1], type =    f32, size =    0.006 MiB
[ 554/ 601] blk.32.attn_output.weight            - [  2048,   1536,      1,      1], type =   bf16, converting to q8_0 .. size =     6.00 MiB ->     3.19 MiB
[ 555/ 601] blk.32.attn_q.weight                 - [  1536,   2048,      1,      1], type =   bf16, converting to q8_0 .. size =     6.00 MiB ->     3.19 MiB
[ 556/ 601] blk.32.attn_q_norm.weight            - [   256,      1,      1,      1], type =    f32, size =    0.001 MiB
[ 557/ 601] blk.32.attn_v.weight                 - [  1536,    256,      1,      1], type =   bf16, converting to q8_0 .. size =     0.75 MiB ->     0.40 MiB
[ 558/ 601] blk.32.ffn_down.weight               - [ 12288,   1536,      1,      1], type =   bf16, converting to q8_0 .. size =    36.00 MiB ->    19.12 MiB
[ 559/ 601] blk.32.ffn_gate.weight               - [  1536,  12288,      1,      1], type =   bf16, converting to q8_0 .. size =    36.00 MiB ->    19.12 MiB
[ 560/ 601] blk.32.ffn_norm.weight               - [  1536,      1,      1,      1], type =    f32, size =    0.006 MiB
[ 561/ 601] blk.32.ffn_up.weight                 - [  1536,  12288,      1,      1], type =   bf16, converting to q8_0 .. size =    36.00 MiB ->    19.12 MiB
[ 562/ 601] blk.32.inp_gate.weight               - [  1536,    256,      1,      1], type =   bf16, converting to q8_0 .. size =     0.75 MiB ->     0.40 MiB
[ 563/ 601] blk.32.layer_output_scale.weight     - [     1,      1,      1,      1], type =    f32, size =    0.000 MiB
[ 564/ 601] blk.32.post_attention_norm.weight    - [  1536,      1,      1,      1], type =    f32, size =    0.006 MiB
[ 565/ 601] blk.32.post_ffw_norm.weight          - [  1536,      1,      1,      1], type =    f32, size =    0.006 MiB
[ 566/ 601] blk.32.post_norm.weight              - [  1536,      1,      1,      1], type =    f32, size =    0.006 MiB
[ 567/ 601] blk.32.proj.weight                   - [   256,   1536,      1,      1], type =   bf16, converting to q8_0 .. size =     0.75 MiB ->     0.40 MiB
[ 568/ 601] blk.33.attn_k.weight                 - [  1536,    256,      1,      1], type =   bf16, converting to q8_0 .. size =     0.75 MiB ->     0.40 MiB
[ 569/ 601] blk.33.attn_k_norm.weight            - [   256,      1,      1,      1], type =    f32, size =    0.001 MiB
[ 570/ 601] blk.33.attn_norm.weight              - [  1536,      1,      1,      1], type =    f32, size =    0.006 MiB
[ 571/ 601] blk.33.attn_output.weight            - [  2048,   1536,      1,      1], type =   bf16, converting to q8_0 .. size =     6.00 MiB ->     3.19 MiB
[ 572/ 601] blk.33.attn_q.weight                 - [  1536,   2048,      1,      1], type =   bf16, converting to q8_0 .. size =     6.00 MiB ->     3.19 MiB
[ 573/ 601] blk.33.attn_q_norm.weight            - [   256,      1,      1,      1], type =    f32, size =    0.001 MiB
[ 574/ 601] blk.33.attn_v.weight                 - [  1536,    256,      1,      1], type =   bf16, converting to q8_0 .. size =     0.75 MiB ->     0.40 MiB
[ 575/ 601] blk.33.ffn_down.weight               - [ 12288,   1536,      1,      1], type =   bf16, converting to q8_0 .. size =    36.00 MiB ->    19.12 MiB
[ 576/ 601] blk.33.ffn_gate.weight               - [  1536,  12288,      1,      1], type =   bf16, converting to q8_0 .. size =    36.00 MiB ->    19.12 MiB
[ 577/ 601] blk.33.ffn_norm.weight               - [  1536,      1,      1,      1], type =    f32, size =    0.006 MiB
[ 578/ 601] blk.33.ffn_up.weight                 - [  1536,  12288,      1,      1], type =   bf16, converting to q8_0 .. size =    36.00 MiB ->    19.12 MiB
[ 579/ 601] blk.33.inp_gate.weight               - [  1536,    256,      1,      1], type =   bf16, converting to q8_0 .. size =     0.75 MiB ->     0.40 MiB
[ 580/ 601] blk.33.layer_output_scale.weight     - [     1,      1,      1,      1], type =    f32, size =    0.000 MiB
[ 581/ 601] blk.33.post_attention_norm.weight    - [  1536,      1,      1,      1], type =    f32, size =    0.006 MiB
[ 582/ 601] blk.33.post_ffw_norm.weight          - [  1536,      1,      1,      1], type =    f32, size =    0.006 MiB
[ 583/ 601] blk.33.post_norm.weight              - [  1536,      1,      1,      1], type =    f32, size =    0.006 MiB
[ 584/ 601] blk.33.proj.weight                   - [   256,   1536,      1,      1], type =   bf16, converting to q8_0 .. size =     0.75 MiB ->     0.40 MiB
[ 585/ 601] blk.34.attn_k.weight                 - [  1536,    512,      1,      1], type =   bf16, converting to q8_0 .. size =     1.50 MiB ->     0.80 MiB
[ 586/ 601] blk.34.attn_k_norm.weight            - [   512,      1,      1,      1], type =    f32, size =    0.002 MiB
[ 587/ 601] blk.34.attn_norm.weight              - [  1536,      1,      1,      1], type =    f32, size =    0.006 MiB
[ 588/ 601] blk.34.attn_output.weight            - [  4096,   1536,      1,      1], type =   bf16, converting to q8_0 .. size =    12.00 MiB ->     6.38 MiB
[ 589/ 601] blk.34.attn_q.weight                 - [  1536,   4096,      1,      1], type =   bf16, converting to q8_0 .. size =    12.00 MiB ->     6.38 MiB
[ 590/ 601] blk.34.attn_q_norm.weight            - [   512,      1,      1,      1], type =    f32, size =    0.002 MiB
[ 591/ 601] blk.34.attn_v.weight                 - [  1536,    512,      1,      1], type =   bf16, converting to q8_0 .. size =     1.50 MiB ->     0.80 MiB
[ 592/ 601] blk.34.ffn_down.weight               - [ 12288,   1536,      1,      1], type =   bf16, converting to q8_0 .. size =    36.00 MiB ->    19.12 MiB
[ 593/ 601] blk.34.ffn_gate.weight               - [  1536,  12288,      1,      1], type =   bf16, converting to q8_0 .. size =    36.00 MiB ->    19.12 MiB
[ 594/ 601] blk.34.ffn_norm.weight               - [  1536,      1,      1,      1], type =    f32, size =    0.006 MiB
[ 595/ 601] blk.34.ffn_up.weight                 - [  1536,  12288,      1,      1], type =   bf16, converting to q8_0 .. size =    36.00 MiB ->    19.12 MiB
[ 596/ 601] blk.34.inp_gate.weight               - [  1536,    256,      1,      1], type =   bf16, converting to q8_0 .. size =     0.75 MiB ->     0.40 MiB
[ 597/ 601] blk.34.layer_output_scale.weight     - [     1,      1,      1,      1], type =    f32, size =    0.000 MiB
[ 598/ 601] blk.34.post_attention_norm.weight    - [  1536,      1,      1,      1], type =    f32, size =    0.006 MiB
[ 599/ 601] blk.34.post_ffw_norm.weight          - [  1536,      1,      1,      1], type =    f32, size =    0.006 MiB
[ 600/ 601] blk.34.post_norm.weight              - [  1536,      1,      1,      1], type =    f32, size =    0.006 MiB
[ 601/ 601] blk.34.proj.weight                   - [   256,   1536,      1,      1], type =   bf16, converting to q8_0 .. size =     0.75 MiB ->     0.40 MiB
llama_model_quantize_impl: model size  =  8864.87 MiB (16.00 BPW)
llama_model_quantize_impl: quant size  =  4722.29 MiB (8.52 BPW)

llama_quantize: quantize time = 157763.88 ms
llama_quantize:    total time = 157763.88 ms
[prepare] done: ./models/gemma4-e2b/gemma4-e2b-Q8_0.gguf size=4.6G time=158s
[prepare] existing quantized file looks partial; rebuilding: ./models/gemma4-e2b/gemma4-e2b-Q4_K_M.gguf (41M)
[prepare] quantizing: ./models/gemma4-e2b/google_gemma-4-E2B-it-bf16.gguf -> ./models/gemma4-e2b/gemma4-e2b-Q4_K_M.gguf (Q4_K_M)
load_backend: loaded BLAS backend from /opt/homebrew/Cellar/ggml/0.13.1/libexec/libggml-blas.so
ggml_metal_device_init: tensor API disabled for pre-M5 and pre-A19 devices
ggml_metal_library_init: using embedded metal library
ggml_metal_library_init: loaded in 0.042 sec
ggml_metal_rsets_init: creating a residency set collection (keep_alive = 180 s)
ggml_metal_device_init: GPU name:   MTL0 (Apple M4)
ggml_metal_device_init: GPU family: MTLGPUFamilyApple9  (1009)
ggml_metal_device_init: GPU family: MTLGPUFamilyCommon3 (3003)
ggml_metal_device_init: GPU family: MTLGPUFamilyMetal4  (5002)
ggml_metal_device_init: simdgroup reduction   = true
ggml_metal_device_init: simdgroup matrix mul. = true
ggml_metal_device_init: has unified memory    = true
ggml_metal_device_init: has bfloat            = true
ggml_metal_device_init: has tensor            = false
ggml_metal_device_init: use residency sets    = true
ggml_metal_device_init: use shared buffers    = true
ggml_metal_device_init: recommendedMaxWorkingSetSize  = 12713.12 MB
load_backend: loaded MTL backend from /opt/homebrew/Cellar/ggml/0.13.1/libexec/libggml-metal.so
load_backend: loaded CPU backend from /opt/homebrew/Cellar/ggml/0.13.1/libexec/libggml-cpu-apple_m4.so
llama_print_build_info: build = 9430 (d48a56eff)
llama_print_build_info: built with AppleClang 21.0.0.21000099 for Darwin arm64
llama_quantize: quantizing './models/gemma4-e2b/google_gemma-4-E2B-it-bf16.gguf' to './models/gemma4-e2b/gemma4-e2b-Q4_K_M.gguf.incomplete' as Q4_K_M
llama_model_loader: loaded meta data with 45 key-value pairs and 601 tensors from ./models/gemma4-e2b/google_gemma-4-E2B-it-bf16.gguf (version GGUF V3 (latest))
llama_model_loader: Dumping metadata keys/values. Note: KV overrides do not apply in this output.
llama_model_loader: - kv   0:                       general.architecture str              = gemma4
llama_model_loader: - kv   1:                               general.type str              = model
llama_model_loader: - kv   2:                     general.sampling.top_k i32              = 64
llama_model_loader: - kv   3:                     general.sampling.top_p f32              = 0.950000
llama_model_loader: - kv   4:                      general.sampling.temp f32              = 1.000000
llama_model_loader: - kv   5:                               general.name str              = Gemma 4 E2B It
llama_model_loader: - kv   6:                         general.size_label str              = 4.6B
llama_model_loader: - kv   7:                            general.license str              = apache-2.0
llama_model_loader: - kv   8:                       general.license.link str              = https://ai.google.dev/gemma/docs/gemm...
llama_model_loader: - kv   9:                               general.tags arr[str,1]       = ["any-to-any"]
llama_model_loader: - kv  10:                         gemma4.block_count u32              = 35
llama_model_loader: - kv  11:                      gemma4.context_length u32              = 131072
llama_model_loader: - kv  12:                    gemma4.embedding_length u32              = 1536
llama_model_loader: - kv  13:                 gemma4.feed_forward_length arr[i32,35]      = [6144, 6144, 6144, 6144, 6144, 6144, ...
llama_model_loader: - kv  14:                gemma4.attention.head_count u32              = 8
llama_model_loader: - kv  15:             gemma4.attention.head_count_kv u32              = 1
llama_model_loader: - kv  16:                      gemma4.rope.freq_base f32              = 1000000.000000
llama_model_loader: - kv  17:                  gemma4.rope.freq_base_swa f32              = 10000.000000
llama_model_loader: - kv  18:    gemma4.attention.layer_norm_rms_epsilon f32              = 0.000001
llama_model_loader: - kv  19:                gemma4.attention.key_length u32              = 512
llama_model_loader: - kv  20:              gemma4.attention.value_length u32              = 512
llama_model_loader: - kv  21:                          general.file_type u32              = 32
llama_model_loader: - kv  22:             gemma4.final_logit_softcapping f32              = 30.000000
llama_model_loader: - kv  23:            gemma4.attention.sliding_window u32              = 512
llama_model_loader: - kv  24:          gemma4.attention.shared_kv_layers u32              = 20
llama_model_loader: - kv  25:    gemma4.embedding_length_per_layer_input u32              = 256
llama_model_loader: - kv  26:    gemma4.attention.sliding_window_pattern arr[bool,35]     = [true, true, true, true, false, true,...
llama_model_loader: - kv  27:            gemma4.attention.key_length_swa u32              = 256
llama_model_loader: - kv  28:          gemma4.attention.value_length_swa u32              = 256
llama_model_loader: - kv  29:                gemma4.rope.dimension_count u32              = 512
llama_model_loader: - kv  30:            gemma4.rope.dimension_count_swa u32              = 256
llama_model_loader: - kv  31:               general.quantization_version u32              = 2
llama_model_loader: - kv  32:                       tokenizer.ggml.model str              = gemma4
llama_model_loader: - kv  33:                      tokenizer.ggml.tokens arr[str,262144]  = ["<pad>", "<eos>", "<bos>", "<unk>", ...
llama_model_loader: - kv  34:                      tokenizer.ggml.scores arr[f32,262144]  = [-1000.000000, -1000.000000, -1000.00...
llama_model_loader: - kv  35:                  tokenizer.ggml.token_type arr[i32,262144]  = [3, 3, 3, 3, 3, 1, 1, 1, 1, 1, 1, 1, ...
llama_model_loader: - kv  36:                      tokenizer.ggml.merges arr[str,514906]  = ["\n\n\n\n\n\n\n\n\n\n\n\n\n\n\n\n\n\n\n\n\n\n\n\n\n\n\n\n\n\n \n", ...
llama_model_loader: - kv  37:                tokenizer.ggml.bos_token_id u32              = 2
llama_model_loader: - kv  38:                tokenizer.ggml.eos_token_id u32              = 1
llama_model_loader: - kv  39:            tokenizer.ggml.unknown_token_id u32              = 3
llama_model_loader: - kv  40:            tokenizer.ggml.padding_token_id u32              = 0
llama_model_loader: - kv  41:               tokenizer.ggml.mask_token_id u32              = 4
llama_model_loader: - kv  42:            tokenizer.ggml.add_space_prefix bool             = false
llama_model_loader: - kv  43:               tokenizer.ggml.add_bos_token bool             = true
llama_model_loader: - kv  44:                    tokenizer.chat_template str              = {%- macro format_parameters(propertie...
llama_model_loader: - type  f32:  283 tensors
llama_model_loader: - type bf16:  318 tensors
[   1/ 601] output_norm.weight                   - [  1536,      1,      1,      1], type =    f32, size =    0.006 MiB
[   2/ 601] per_layer_model_proj.weight          - [  1536,   8960,      1,      1], type =   bf16, size =   26.250 MiB
[   3/ 601] per_layer_proj_norm.weight           - [   256,      1,      1,      1], type =    f32, size =    0.001 MiB
[   4/ 601] per_layer_token_embd.weight          - [  8960, 262144,      1,      1], type =   bf16, converting to q6_K .. size =  4480.00 MiB ->  1837.50 MiB
[   5/ 601] rope_freqs.weight                    - [   256,      1,      1,      1], type =    f32, size =    0.001 MiB
[   6/ 601] token_embd.weight                    - [  1536, 262144,      1,      1], type =   bf16, converting to q6_K .. size =   768.00 MiB ->   315.00 MiB
[   7/ 601] blk.0.attn_k.weight                  - [  1536,    256,      1,      1], type =   bf16, converting to q4_K .. size =     0.75 MiB ->     0.21 MiB
[   8/ 601] blk.0.attn_k_norm.weight             - [   256,      1,      1,      1], type =    f32, size =    0.001 MiB
[   9/ 601] blk.0.attn_norm.weight               - [  1536,      1,      1,      1], type =    f32, size =    0.006 MiB
[  10/ 601] blk.0.attn_output.weight             - [  2048,   1536,      1,      1], type =   bf16, converting to q4_K .. size =     6.00 MiB ->     1.69 MiB
[  11/ 601] blk.0.attn_q.weight                  - [  1536,   2048,      1,      1], type =   bf16, converting to q4_K .. size =     6.00 MiB ->     1.69 MiB
[  12/ 601] blk.0.attn_q_norm.weight             - [   256,      1,      1,      1], type =    f32, size =    0.001 MiB
[  13/ 601] blk.0.attn_v.weight                  - [  1536,    256,      1,      1], type =   bf16, converting to q6_K .. size =     0.75 MiB ->     0.31 MiB
[  14/ 601] blk.0.ffn_down.weight                - [  6144,   1536,      1,      1], type =   bf16, converting to q6_K .. size =    18.00 MiB ->     7.38 MiB
[  15/ 601] blk.0.ffn_gate.weight                - [  1536,   6144,      1,      1], type =   bf16, converting to q4_K .. size =    18.00 MiB ->     5.06 MiB
[  16/ 601] blk.0.ffn_norm.weight                - [  1536,      1,      1,      1], type =    f32, size =    0.006 MiB
[  17/ 601] blk.0.ffn_up.weight                  - [  1536,   6144,      1,      1], type =   bf16, converting to q4_K .. size =    18.00 MiB ->     5.06 MiB
[  18/ 601] blk.0.inp_gate.weight                - [  1536,    256,      1,      1], type =   bf16, converting to q4_K .. size =     0.75 MiB ->     0.21 MiB
[  19/ 601] blk.0.layer_output_scale.weight      - [     1,      1,      1,      1], type =    f32, size =    0.000 MiB
[  20/ 601] blk.0.post_attention_norm.weight     - [  1536,      1,      1,      1], type =    f32, size =    0.006 MiB
[  21/ 601] blk.0.post_ffw_norm.weight           - [  1536,      1,      1,      1], type =    f32, size =    0.006 MiB
[  22/ 601] blk.0.post_norm.weight               - [  1536,      1,      1,      1], type =    f32, size =    0.006 MiB
[  23/ 601] blk.0.proj.weight                    - [   256,   1536,      1,      1], type =   bf16, converting to q4_K .. size =     0.75 MiB ->     0.21 MiB
[  24/ 601] blk.1.attn_k.weight                  - [  1536,    256,      1,      1], type =   bf16, converting to q4_K .. size =     0.75 MiB ->     0.21 MiB
[  25/ 601] blk.1.attn_k_norm.weight             - [   256,      1,      1,      1], type =    f32, size =    0.001 MiB
[  26/ 601] blk.1.attn_norm.weight               - [  1536,      1,      1,      1], type =    f32, size =    0.006 MiB
[  27/ 601] blk.1.attn_output.weight             - [  2048,   1536,      1,      1], type =   bf16, converting to q4_K .. size =     6.00 MiB ->     1.69 MiB
[  28/ 601] blk.1.attn_q.weight                  - [  1536,   2048,      1,      1], type =   bf16, converting to q4_K .. size =     6.00 MiB ->     1.69 MiB
[  29/ 601] blk.1.attn_q_norm.weight             - [   256,      1,      1,      1], type =    f32, size =    0.001 MiB
[  30/ 601] blk.1.attn_v.weight                  - [  1536,    256,      1,      1], type =   bf16, converting to q6_K .. size =     0.75 MiB ->     0.31 MiB
[  31/ 601] blk.1.ffn_down.weight                - [  6144,   1536,      1,      1], type =   bf16, converting to q6_K .. size =    18.00 MiB ->     7.38 MiB
[  32/ 601] blk.1.ffn_gate.weight                - [  1536,   6144,      1,      1], type =   bf16, converting to q4_K .. size =    18.00 MiB ->     5.06 MiB
[  33/ 601] blk.1.ffn_norm.weight                - [  1536,      1,      1,      1], type =    f32, size =    0.006 MiB
[  34/ 601] blk.1.ffn_up.weight                  - [  1536,   6144,      1,      1], type =   bf16, converting to q4_K .. size =    18.00 MiB ->     5.06 MiB
[  35/ 601] blk.1.inp_gate.weight                - [  1536,    256,      1,      1], type =   bf16, converting to q4_K .. size =     0.75 MiB ->     0.21 MiB
[  36/ 601] blk.1.layer_output_scale.weight      - [     1,      1,      1,      1], type =    f32, size =    0.000 MiB
[  37/ 601] blk.1.post_attention_norm.weight     - [  1536,      1,      1,      1], type =    f32, size =    0.006 MiB
[  38/ 601] blk.1.post_ffw_norm.weight           - [  1536,      1,      1,      1], type =    f32, size =    0.006 MiB
[  39/ 601] blk.1.post_norm.weight               - [  1536,      1,      1,      1], type =    f32, size =    0.006 MiB
[  40/ 601] blk.1.proj.weight                    - [   256,   1536,      1,      1], type =   bf16, converting to q4_K .. size =     0.75 MiB ->     0.21 MiB
[  41/ 601] blk.2.attn_k.weight                  - [  1536,    256,      1,      1], type =   bf16, converting to q4_K .. size =     0.75 MiB ->     0.21 MiB
[  42/ 601] blk.2.attn_k_norm.weight             - [   256,      1,      1,      1], type =    f32, size =    0.001 MiB
[  43/ 601] blk.2.attn_norm.weight               - [  1536,      1,      1,      1], type =    f32, size =    0.006 MiB
[  44/ 601] blk.2.attn_output.weight             - [  2048,   1536,      1,      1], type =   bf16, converting to q4_K .. size =     6.00 MiB ->     1.69 MiB
[  45/ 601] blk.2.attn_q.weight                  - [  1536,   2048,      1,      1], type =   bf16, converting to q4_K .. size =     6.00 MiB ->     1.69 MiB
[  46/ 601] blk.2.attn_q_norm.weight             - [   256,      1,      1,      1], type =    f32, size =    0.001 MiB
[  47/ 601] blk.2.attn_v.weight                  - [  1536,    256,      1,      1], type =   bf16, converting to q6_K .. size =     0.75 MiB ->     0.31 MiB
[  48/ 601] blk.2.ffn_down.weight                - [  6144,   1536,      1,      1], type =   bf16, converting to q6_K .. size =    18.00 MiB ->     7.38 MiB
[  49/ 601] blk.2.ffn_gate.weight                - [  1536,   6144,      1,      1], type =   bf16, converting to q4_K .. size =    18.00 MiB ->     5.06 MiB
[  50/ 601] blk.2.ffn_norm.weight                - [  1536,      1,      1,      1], type =    f32, size =    0.006 MiB
[  51/ 601] blk.2.ffn_up.weight                  - [  1536,   6144,      1,      1], type =   bf16, converting to q4_K .. size =    18.00 MiB ->     5.06 MiB
[  52/ 601] blk.2.inp_gate.weight                - [  1536,    256,      1,      1], type =   bf16, converting to q4_K .. size =     0.75 MiB ->     0.21 MiB
[  53/ 601] blk.2.layer_output_scale.weight      - [     1,      1,      1,      1], type =    f32, size =    0.000 MiB
[  54/ 601] blk.2.post_attention_norm.weight     - [  1536,      1,      1,      1], type =    f32, size =    0.006 MiB
[  55/ 601] blk.2.post_ffw_norm.weight           - [  1536,      1,      1,      1], type =    f32, size =    0.006 MiB
[  56/ 601] blk.2.post_norm.weight               - [  1536,      1,      1,      1], type =    f32, size =    0.006 MiB
[  57/ 601] blk.2.proj.weight                    - [   256,   1536,      1,      1], type =   bf16, converting to q4_K .. size =     0.75 MiB ->     0.21 MiB
[  58/ 601] blk.3.attn_k.weight                  - [  1536,    256,      1,      1], type =   bf16, converting to q4_K .. size =     0.75 MiB ->     0.21 MiB
[  59/ 601] blk.3.attn_k_norm.weight             - [   256,      1,      1,      1], type =    f32, size =    0.001 MiB
[  60/ 601] blk.3.attn_norm.weight               - [  1536,      1,      1,      1], type =    f32, size =    0.006 MiB
[  61/ 601] blk.3.attn_output.weight             - [  2048,   1536,      1,      1], type =   bf16, converting to q4_K .. size =     6.00 MiB ->     1.69 MiB
[  62/ 601] blk.3.attn_q.weight                  - [  1536,   2048,      1,      1], type =   bf16, converting to q4_K .. size =     6.00 MiB ->     1.69 MiB
[  63/ 601] blk.3.attn_q_norm.weight             - [   256,      1,      1,      1], type =    f32, size =    0.001 MiB
[  64/ 601] blk.3.attn_v.weight                  - [  1536,    256,      1,      1], type =   bf16, converting to q6_K .. size =     0.75 MiB ->     0.31 MiB
[  65/ 601] blk.3.ffn_down.weight                - [  6144,   1536,      1,      1], type =   bf16, converting to q6_K .. size =    18.00 MiB ->     7.38 MiB
[  66/ 601] blk.3.ffn_gate.weight                - [  1536,   6144,      1,      1], type =   bf16, converting to q4_K .. size =    18.00 MiB ->     5.06 MiB
[  67/ 601] blk.3.ffn_norm.weight                - [  1536,      1,      1,      1], type =    f32, size =    0.006 MiB
[  68/ 601] blk.3.ffn_up.weight                  - [  1536,   6144,      1,      1], type =   bf16, converting to q4_K .. size =    18.00 MiB ->     5.06 MiB
[  69/ 601] blk.3.inp_gate.weight                - [  1536,    256,      1,      1], type =   bf16, converting to q4_K .. size =     0.75 MiB ->     0.21 MiB
[  70/ 601] blk.3.layer_output_scale.weight      - [     1,      1,      1,      1], type =    f32, size =    0.000 MiB
[  71/ 601] blk.3.post_attention_norm.weight     - [  1536,      1,      1,      1], type =    f32, size =    0.006 MiB
[  72/ 601] blk.3.post_ffw_norm.weight           - [  1536,      1,      1,      1], type =    f32, size =    0.006 MiB
[  73/ 601] blk.3.post_norm.weight               - [  1536,      1,      1,      1], type =    f32, size =    0.006 MiB
[  74/ 601] blk.3.proj.weight                    - [   256,   1536,      1,      1], type =   bf16, converting to q4_K .. size =     0.75 MiB ->     0.21 MiB
[  75/ 601] blk.4.attn_k.weight                  - [  1536,    512,      1,      1], type =   bf16, converting to q4_K .. size =     1.50 MiB ->     0.42 MiB
[  76/ 601] blk.4.attn_k_norm.weight             - [   512,      1,      1,      1], type =    f32, size =    0.002 MiB
[  77/ 601] blk.4.attn_norm.weight               - [  1536,      1,      1,      1], type =    f32, size =    0.006 MiB
[  78/ 601] blk.4.attn_output.weight             - [  4096,   1536,      1,      1], type =   bf16, converting to q4_K .. size =    12.00 MiB ->     3.38 MiB
[  79/ 601] blk.4.attn_q.weight                  - [  1536,   4096,      1,      1], type =   bf16, converting to q4_K .. size =    12.00 MiB ->     3.38 MiB
[  80/ 601] blk.4.attn_q_norm.weight             - [   512,      1,      1,      1], type =    f32, size =    0.002 MiB
[  81/ 601] blk.4.attn_v.weight                  - [  1536,    512,      1,      1], type =   bf16, converting to q4_K .. size =     1.50 MiB ->     0.42 MiB
[  82/ 601] blk.4.ffn_down.weight                - [  6144,   1536,      1,      1], type =   bf16, converting to q4_K .. size =    18.00 MiB ->     5.06 MiB
[  83/ 601] blk.4.ffn_gate.weight                - [  1536,   6144,      1,      1], type =   bf16, converting to q4_K .. size =    18.00 MiB ->     5.06 MiB
[  84/ 601] blk.4.ffn_norm.weight                - [  1536,      1,      1,      1], type =    f32, size =    0.006 MiB
[  85/ 601] blk.4.ffn_up.weight                  - [  1536,   6144,      1,      1], type =   bf16, converting to q4_K .. size =    18.00 MiB ->     5.06 MiB
[  86/ 601] blk.4.inp_gate.weight                - [  1536,    256,      1,      1], type =   bf16, converting to q4_K .. size =     0.75 MiB ->     0.21 MiB
[  87/ 601] blk.4.layer_output_scale.weight      - [     1,      1,      1,      1], type =    f32, size =    0.000 MiB
[  88/ 601] blk.4.post_attention_norm.weight     - [  1536,      1,      1,      1], type =    f32, size =    0.006 MiB
[  89/ 601] blk.4.post_ffw_norm.weight           - [  1536,      1,      1,      1], type =    f32, size =    0.006 MiB
[  90/ 601] blk.4.post_norm.weight               - [  1536,      1,      1,      1], type =    f32, size =    0.006 MiB
[  91/ 601] blk.4.proj.weight                    - [   256,   1536,      1,      1], type =   bf16, converting to q4_K .. size =     0.75 MiB ->     0.21 MiB
[  92/ 601] blk.5.attn_k.weight                  - [  1536,    256,      1,      1], type =   bf16, converting to q4_K .. size =     0.75 MiB ->     0.21 MiB
[  93/ 601] blk.5.attn_k_norm.weight             - [   256,      1,      1,      1], type =    f32, size =    0.001 MiB
[  94/ 601] blk.5.attn_norm.weight               - [  1536,      1,      1,      1], type =    f32, size =    0.006 MiB
[  95/ 601] blk.5.attn_output.weight             - [  2048,   1536,      1,      1], type =   bf16, converting to q4_K .. size =     6.00 MiB ->     1.69 MiB
[  96/ 601] blk.5.attn_q.weight                  - [  1536,   2048,      1,      1], type =   bf16, converting to q4_K .. size =     6.00 MiB ->     1.69 MiB
[  97/ 601] blk.5.attn_q_norm.weight             - [   256,      1,      1,      1], type =    f32, size =    0.001 MiB
[  98/ 601] blk.5.attn_v.weight                  - [  1536,    256,      1,      1], type =   bf16, converting to q4_K .. size =     0.75 MiB ->     0.21 MiB
[  99/ 601] blk.5.ffn_down.weight                - [  6144,   1536,      1,      1], type =   bf16, converting to q4_K .. size =    18.00 MiB ->     5.06 MiB
[ 100/ 601] blk.5.ffn_gate.weight                - [  1536,   6144,      1,      1], type =   bf16, converting to q4_K .. size =    18.00 MiB ->     5.06 MiB
[ 101/ 601] blk.5.ffn_norm.weight                - [  1536,      1,      1,      1], type =    f32, size =    0.006 MiB
[ 102/ 601] blk.5.ffn_up.weight                  - [  1536,   6144,      1,      1], type =   bf16, converting to q4_K .. size =    18.00 MiB ->     5.06 MiB
[ 103/ 601] blk.5.inp_gate.weight                - [  1536,    256,      1,      1], type =   bf16, converting to q4_K .. size =     0.75 MiB ->     0.21 MiB
[ 104/ 601] blk.5.layer_output_scale.weight      - [     1,      1,      1,      1], type =    f32, size =    0.000 MiB
[ 105/ 601] blk.5.post_attention_norm.weight     - [  1536,      1,      1,      1], type =    f32, size =    0.006 MiB
[ 106/ 601] blk.5.post_ffw_norm.weight           - [  1536,      1,      1,      1], type =    f32, size =    0.006 MiB
[ 107/ 601] blk.5.post_norm.weight               - [  1536,      1,      1,      1], type =    f32, size =    0.006 MiB
[ 108/ 601] blk.5.proj.weight                    - [   256,   1536,      1,      1], type =   bf16, converting to q4_K .. size =     0.75 MiB ->     0.21 MiB
[ 109/ 601] blk.6.attn_k.weight                  - [  1536,    256,      1,      1], type =   bf16, converting to q4_K .. size =     0.75 MiB ->     0.21 MiB
[ 110/ 601] blk.6.attn_k_norm.weight             - [   256,      1,      1,      1], type =    f32, size =    0.001 MiB
[ 111/ 601] blk.6.attn_norm.weight               - [  1536,      1,      1,      1], type =    f32, size =    0.006 MiB
[ 112/ 601] blk.6.attn_output.weight             - [  2048,   1536,      1,      1], type =   bf16, converting to q4_K .. size =     6.00 MiB ->     1.69 MiB
[ 113/ 601] blk.6.attn_q.weight                  - [  1536,   2048,      1,      1], type =   bf16, converting to q4_K .. size =     6.00 MiB ->     1.69 MiB
[ 114/ 601] blk.6.attn_q_norm.weight             - [   256,      1,      1,      1], type =    f32, size =    0.001 MiB
[ 115/ 601] blk.6.attn_v.weight                  - [  1536,    256,      1,      1], type =   bf16, converting to q6_K .. size =     0.75 MiB ->     0.31 MiB
[ 116/ 601] blk.6.ffn_down.weight                - [  6144,   1536,      1,      1], type =   bf16, converting to q6_K .. size =    18.00 MiB ->     7.38 MiB
[ 117/ 601] blk.6.ffn_gate.weight                - [  1536,   6144,      1,      1], type =   bf16, converting to q4_K .. size =    18.00 MiB ->     5.06 MiB
[ 118/ 601] blk.6.ffn_norm.weight                - [  1536,      1,      1,      1], type =    f32, size =    0.006 MiB
[ 119/ 601] blk.6.ffn_up.weight                  - [  1536,   6144,      1,      1], type =   bf16, converting to q4_K .. size =    18.00 MiB ->     5.06 MiB
[ 120/ 601] blk.6.inp_gate.weight                - [  1536,    256,      1,      1], type =   bf16, converting to q4_K .. size =     0.75 MiB ->     0.21 MiB
[ 121/ 601] blk.6.layer_output_scale.weight      - [     1,      1,      1,      1], type =    f32, size =    0.000 MiB
[ 122/ 601] blk.6.post_attention_norm.weight     - [  1536,      1,      1,      1], type =    f32, size =    0.006 MiB
[ 123/ 601] blk.6.post_ffw_norm.weight           - [  1536,      1,      1,      1], type =    f32, size =    0.006 MiB
[ 124/ 601] blk.6.post_norm.weight               - [  1536,      1,      1,      1], type =    f32, size =    0.006 MiB
[ 125/ 601] blk.6.proj.weight                    - [   256,   1536,      1,      1], type =   bf16, converting to q4_K .. size =     0.75 MiB ->     0.21 MiB
[ 126/ 601] blk.7.attn_k.weight                  - [  1536,    256,      1,      1], type =   bf16, converting to q4_K .. size =     0.75 MiB ->     0.21 MiB
[ 127/ 601] blk.7.attn_k_norm.weight             - [   256,      1,      1,      1], type =    f32, size =    0.001 MiB
[ 128/ 601] blk.7.attn_norm.weight               - [  1536,      1,      1,      1], type =    f32, size =    0.006 MiB
[ 129/ 601] blk.7.attn_output.weight             - [  2048,   1536,      1,      1], type =   bf16, converting to q4_K .. size =     6.00 MiB ->     1.69 MiB
[ 130/ 601] blk.7.attn_q.weight                  - [  1536,   2048,      1,      1], type =   bf16, converting to q4_K .. size =     6.00 MiB ->     1.69 MiB
[ 131/ 601] blk.7.attn_q_norm.weight             - [   256,      1,      1,      1], type =    f32, size =    0.001 MiB
[ 132/ 601] blk.7.attn_v.weight                  - [  1536,    256,      1,      1], type =   bf16, converting to q4_K .. size =     0.75 MiB ->     0.21 MiB
[ 133/ 601] blk.7.ffn_down.weight                - [  6144,   1536,      1,      1], type =   bf16, converting to q4_K .. size =    18.00 MiB ->     5.06 MiB
[ 134/ 601] blk.7.ffn_gate.weight                - [  1536,   6144,      1,      1], type =   bf16, converting to q4_K .. size =    18.00 MiB ->     5.06 MiB
[ 135/ 601] blk.7.ffn_norm.weight                - [  1536,      1,      1,      1], type =    f32, size =    0.006 MiB
[ 136/ 601] blk.7.ffn_up.weight                  - [  1536,   6144,      1,      1], type =   bf16, converting to q4_K .. size =    18.00 MiB ->     5.06 MiB
[ 137/ 601] blk.7.inp_gate.weight                - [  1536,    256,      1,      1], type =   bf16, converting to q4_K .. size =     0.75 MiB ->     0.21 MiB
[ 138/ 601] blk.7.layer_output_scale.weight      - [     1,      1,      1,      1], type =    f32, size =    0.000 MiB
[ 139/ 601] blk.7.post_attention_norm.weight     - [  1536,      1,      1,      1], type =    f32, size =    0.006 MiB
[ 140/ 601] blk.7.post_ffw_norm.weight           - [  1536,      1,      1,      1], type =    f32, size =    0.006 MiB
[ 141/ 601] blk.7.post_norm.weight               - [  1536,      1,      1,      1], type =    f32, size =    0.006 MiB
[ 142/ 601] blk.7.proj.weight                    - [   256,   1536,      1,      1], type =   bf16, converting to q4_K .. size =     0.75 MiB ->     0.21 MiB
[ 143/ 601] blk.8.attn_k.weight                  - [  1536,    256,      1,      1], type =   bf16, converting to q4_K .. size =     0.75 MiB ->     0.21 MiB
[ 144/ 601] blk.8.attn_k_norm.weight             - [   256,      1,      1,      1], type =    f32, size =    0.001 MiB
[ 145/ 601] blk.8.attn_norm.weight               - [  1536,      1,      1,      1], type =    f32, size =    0.006 MiB
[ 146/ 601] blk.8.attn_output.weight             - [  2048,   1536,      1,      1], type =   bf16, converting to q4_K .. size =     6.00 MiB ->     1.69 MiB
[ 147/ 601] blk.8.attn_q.weight                  - [  1536,   2048,      1,      1], type =   bf16, converting to q4_K .. size =     6.00 MiB ->     1.69 MiB
[ 148/ 601] blk.8.attn_q_norm.weight             - [   256,      1,      1,      1], type =    f32, size =    0.001 MiB
[ 149/ 601] blk.8.attn_v.weight                  - [  1536,    256,      1,      1], type =   bf16, converting to q4_K .. size =     0.75 MiB ->     0.21 MiB
[ 150/ 601] blk.8.ffn_down.weight                - [  6144,   1536,      1,      1], type =   bf16, converting to q4_K .. size =    18.00 MiB ->     5.06 MiB
[ 151/ 601] blk.8.ffn_gate.weight                - [  1536,   6144,      1,      1], type =   bf16, converting to q4_K .. size =    18.00 MiB ->     5.06 MiB
[ 152/ 601] blk.8.ffn_norm.weight                - [  1536,      1,      1,      1], type =    f32, size =    0.006 MiB
[ 153/ 601] blk.8.ffn_up.weight                  - [  1536,   6144,      1,      1], type =   bf16, converting to q4_K .. size =    18.00 MiB ->     5.06 MiB
[ 154/ 601] blk.8.inp_gate.weight                - [  1536,    256,      1,      1], type =   bf16, converting to q4_K .. size =     0.75 MiB ->     0.21 MiB
[ 155/ 601] blk.8.layer_output_scale.weight      - [     1,      1,      1,      1], type =    f32, size =    0.000 MiB
[ 156/ 601] blk.8.post_attention_norm.weight     - [  1536,      1,      1,      1], type =    f32, size =    0.006 MiB
[ 157/ 601] blk.8.post_ffw_norm.weight           - [  1536,      1,      1,      1], type =    f32, size =    0.006 MiB
[ 158/ 601] blk.8.post_norm.weight               - [  1536,      1,      1,      1], type =    f32, size =    0.006 MiB
[ 159/ 601] blk.8.proj.weight                    - [   256,   1536,      1,      1], type =   bf16, converting to q4_K .. size =     0.75 MiB ->     0.21 MiB
[ 160/ 601] blk.9.attn_k.weight                  - [  1536,    512,      1,      1], type =   bf16, converting to q4_K .. size =     1.50 MiB ->     0.42 MiB
[ 161/ 601] blk.9.attn_k_norm.weight             - [   512,      1,      1,      1], type =    f32, size =    0.002 MiB
[ 162/ 601] blk.9.attn_norm.weight               - [  1536,      1,      1,      1], type =    f32, size =    0.006 MiB
[ 163/ 601] blk.9.attn_output.weight             - [  4096,   1536,      1,      1], type =   bf16, converting to q4_K .. size =    12.00 MiB ->     3.38 MiB
[ 164/ 601] blk.9.attn_q.weight                  - [  1536,   4096,      1,      1], type =   bf16, converting to q4_K .. size =    12.00 MiB ->     3.38 MiB
[ 165/ 601] blk.9.attn_q_norm.weight             - [   512,      1,      1,      1], type =    f32, size =    0.002 MiB
[ 166/ 601] blk.9.attn_v.weight                  - [  1536,    512,      1,      1], type =   bf16, converting to q6_K .. size =     1.50 MiB ->     0.62 MiB
[ 167/ 601] blk.9.ffn_down.weight                - [  6144,   1536,      1,      1], type =   bf16, converting to q6_K .. size =    18.00 MiB ->     7.38 MiB
[ 168/ 601] blk.9.ffn_gate.weight                - [  1536,   6144,      1,      1], type =   bf16, converting to q4_K .. size =    18.00 MiB ->     5.06 MiB
[ 169/ 601] blk.9.ffn_norm.weight                - [  1536,      1,      1,      1], type =    f32, size =    0.006 MiB
[ 170/ 601] blk.9.ffn_up.weight                  - [  1536,   6144,      1,      1], type =   bf16, converting to q4_K .. size =    18.00 MiB ->     5.06 MiB
[ 171/ 601] blk.9.inp_gate.weight                - [  1536,    256,      1,      1], type =   bf16, converting to q4_K .. size =     0.75 MiB ->     0.21 MiB
[ 172/ 601] blk.9.layer_output_scale.weight      - [     1,      1,      1,      1], type =    f32, size =    0.000 MiB
[ 173/ 601] blk.9.post_attention_norm.weight     - [  1536,      1,      1,      1], type =    f32, size =    0.006 MiB
[ 174/ 601] blk.9.post_ffw_norm.weight           - [  1536,      1,      1,      1], type =    f32, size =    0.006 MiB
[ 175/ 601] blk.9.post_norm.weight               - [  1536,      1,      1,      1], type =    f32, size =    0.006 MiB
[ 176/ 601] blk.9.proj.weight                    - [   256,   1536,      1,      1], type =   bf16, converting to q4_K .. size =     0.75 MiB ->     0.21 MiB
[ 177/ 601] blk.10.attn_k.weight                 - [  1536,    256,      1,      1], type =   bf16, converting to q4_K .. size =     0.75 MiB ->     0.21 MiB
[ 178/ 601] blk.10.attn_k_norm.weight            - [   256,      1,      1,      1], type =    f32, size =    0.001 MiB
[ 179/ 601] blk.10.attn_norm.weight              - [  1536,      1,      1,      1], type =    f32, size =    0.006 MiB
[ 180/ 601] blk.10.attn_output.weight            - [  2048,   1536,      1,      1], type =   bf16, converting to q4_K .. size =     6.00 MiB ->     1.69 MiB
[ 181/ 601] blk.10.attn_q.weight                 - [  1536,   2048,      1,      1], type =   bf16, converting to q4_K .. size =     6.00 MiB ->     1.69 MiB
[ 182/ 601] blk.10.attn_q_norm.weight            - [   256,      1,      1,      1], type =    f32, size =    0.001 MiB
[ 183/ 601] blk.10.attn_v.weight                 - [  1536,    256,      1,      1], type =   bf16, converting to q4_K .. size =     0.75 MiB ->     0.21 MiB
[ 184/ 601] blk.10.ffn_down.weight               - [  6144,   1536,      1,      1], type =   bf16, converting to q4_K .. size =    18.00 MiB ->     5.06 MiB
[ 185/ 601] blk.10.ffn_gate.weight               - [  1536,   6144,      1,      1], type =   bf16, converting to q4_K .. size =    18.00 MiB ->     5.06 MiB
[ 186/ 601] blk.10.ffn_norm.weight               - [  1536,      1,      1,      1], type =    f32, size =    0.006 MiB
[ 187/ 601] blk.10.ffn_up.weight                 - [  1536,   6144,      1,      1], type =   bf16, converting to q4_K .. size =    18.00 MiB ->     5.06 MiB
[ 188/ 601] blk.10.inp_gate.weight               - [  1536,    256,      1,      1], type =   bf16, converting to q4_K .. size =     0.75 MiB ->     0.21 MiB
[ 189/ 601] blk.10.layer_output_scale.weight     - [     1,      1,      1,      1], type =    f32, size =    0.000 MiB
[ 190/ 601] blk.10.post_attention_norm.weight    - [  1536,      1,      1,      1], type =    f32, size =    0.006 MiB
[ 191/ 601] blk.10.post_ffw_norm.weight          - [  1536,      1,      1,      1], type =    f32, size =    0.006 MiB
[ 192/ 601] blk.10.post_norm.weight              - [  1536,      1,      1,      1], type =    f32, size =    0.006 MiB
[ 193/ 601] blk.10.proj.weight                   - [   256,   1536,      1,      1], type =   bf16, converting to q4_K .. size =     0.75 MiB ->     0.21 MiB
[ 194/ 601] blk.11.attn_k.weight                 - [  1536,    256,      1,      1], type =   bf16, converting to q4_K .. size =     0.75 MiB ->     0.21 MiB
[ 195/ 601] blk.11.attn_k_norm.weight            - [   256,      1,      1,      1], type =    f32, size =    0.001 MiB
[ 196/ 601] blk.11.attn_norm.weight              - [  1536,      1,      1,      1], type =    f32, size =    0.006 MiB
[ 197/ 601] blk.11.attn_output.weight            - [  2048,   1536,      1,      1], type =   bf16, converting to q4_K .. size =     6.00 MiB ->     1.69 MiB
[ 198/ 601] blk.11.attn_q.weight                 - [  1536,   2048,      1,      1], type =   bf16, converting to q4_K .. size =     6.00 MiB ->     1.69 MiB
[ 199/ 601] blk.11.attn_q_norm.weight            - [   256,      1,      1,      1], type =    f32, size =    0.001 MiB
[ 200/ 601] blk.11.attn_v.weight                 - [  1536,    256,      1,      1], type =   bf16, converting to q4_K .. size =     0.75 MiB ->     0.21 MiB
[ 201/ 601] blk.11.ffn_down.weight               - [  6144,   1536,      1,      1], type =   bf16, converting to q4_K .. size =    18.00 MiB ->     5.06 MiB
[ 202/ 601] blk.11.ffn_gate.weight               - [  1536,   6144,      1,      1], type =   bf16, converting to q4_K .. size =    18.00 MiB ->     5.06 MiB
[ 203/ 601] blk.11.ffn_norm.weight               - [  1536,      1,      1,      1], type =    f32, size =    0.006 MiB
[ 204/ 601] blk.11.ffn_up.weight                 - [  1536,   6144,      1,      1], type =   bf16, converting to q4_K .. size =    18.00 MiB ->     5.06 MiB
[ 205/ 601] blk.11.inp_gate.weight               - [  1536,    256,      1,      1], type =   bf16, converting to q4_K .. size =     0.75 MiB ->     0.21 MiB
[ 206/ 601] blk.11.layer_output_scale.weight     - [     1,      1,      1,      1], type =    f32, size =    0.000 MiB
[ 207/ 601] blk.11.post_attention_norm.weight    - [  1536,      1,      1,      1], type =    f32, size =    0.006 MiB
[ 208/ 601] blk.11.post_ffw_norm.weight          - [  1536,      1,      1,      1], type =    f32, size =    0.006 MiB
[ 209/ 601] blk.11.post_norm.weight              - [  1536,      1,      1,      1], type =    f32, size =    0.006 MiB
[ 210/ 601] blk.11.proj.weight                   - [   256,   1536,      1,      1], type =   bf16, converting to q4_K .. size =     0.75 MiB ->     0.21 MiB
[ 211/ 601] blk.12.attn_k.weight                 - [  1536,    256,      1,      1], type =   bf16, converting to q4_K .. size =     0.75 MiB ->     0.21 MiB
[ 212/ 601] blk.12.attn_k_norm.weight            - [   256,      1,      1,      1], type =    f32, size =    0.001 MiB
[ 213/ 601] blk.12.attn_norm.weight              - [  1536,      1,      1,      1], type =    f32, size =    0.006 MiB
[ 214/ 601] blk.12.attn_output.weight            - [  2048,   1536,      1,      1], type =   bf16, converting to q4_K .. size =     6.00 MiB ->     1.69 MiB
[ 215/ 601] blk.12.attn_q.weight                 - [  1536,   2048,      1,      1], type =   bf16, converting to q4_K .. size =     6.00 MiB ->     1.69 MiB
[ 216/ 601] blk.12.attn_q_norm.weight            - [   256,      1,      1,      1], type =    f32, size =    0.001 MiB
[ 217/ 601] blk.12.attn_v.weight                 - [  1536,    256,      1,      1], type =   bf16, converting to q6_K .. size =     0.75 MiB ->     0.31 MiB
[ 218/ 601] blk.12.ffn_down.weight               - [  6144,   1536,      1,      1], type =   bf16, converting to q6_K .. size =    18.00 MiB ->     7.38 MiB
[ 219/ 601] blk.12.ffn_gate.weight               - [  1536,   6144,      1,      1], type =   bf16, converting to q4_K .. size =    18.00 MiB ->     5.06 MiB
[ 220/ 601] blk.12.ffn_norm.weight               - [  1536,      1,      1,      1], type =    f32, size =    0.006 MiB
[ 221/ 601] blk.12.ffn_up.weight                 - [  1536,   6144,      1,      1], type =   bf16, converting to q4_K .. size =    18.00 MiB ->     5.06 MiB
[ 222/ 601] blk.12.inp_gate.weight               - [  1536,    256,      1,      1], type =   bf16, converting to q4_K .. size =     0.75 MiB ->     0.21 MiB
[ 223/ 601] blk.12.layer_output_scale.weight     - [     1,      1,      1,      1], type =    f32, size =    0.000 MiB
[ 224/ 601] blk.12.post_attention_norm.weight    - [  1536,      1,      1,      1], type =    f32, size =    0.006 MiB
[ 225/ 601] blk.12.post_ffw_norm.weight          - [  1536,      1,      1,      1], type =    f32, size =    0.006 MiB
[ 226/ 601] blk.12.post_norm.weight              - [  1536,      1,      1,      1], type =    f32, size =    0.006 MiB
[ 227/ 601] blk.12.proj.weight                   - [   256,   1536,      1,      1], type =   bf16, converting to q4_K .. size =     0.75 MiB ->     0.21 MiB
[ 228/ 601] blk.13.attn_k.weight                 - [  1536,    256,      1,      1], type =   bf16, converting to q4_K .. size =     0.75 MiB ->     0.21 MiB
[ 229/ 601] blk.13.attn_k_norm.weight            - [   256,      1,      1,      1], type =    f32, size =    0.001 MiB
[ 230/ 601] blk.13.attn_norm.weight              - [  1536,      1,      1,      1], type =    f32, size =    0.006 MiB
[ 231/ 601] blk.13.attn_output.weight            - [  2048,   1536,      1,      1], type =   bf16, converting to q4_K .. size =     6.00 MiB ->     1.69 MiB
[ 232/ 601] blk.13.attn_q.weight                 - [  1536,   2048,      1,      1], type =   bf16, converting to q4_K .. size =     6.00 MiB ->     1.69 MiB
[ 233/ 601] blk.13.attn_q_norm.weight            - [   256,      1,      1,      1], type =    f32, size =    0.001 MiB
[ 234/ 601] blk.13.attn_v.weight                 - [  1536,    256,      1,      1], type =   bf16, converting to q4_K .. size =     0.75 MiB ->     0.21 MiB
[ 235/ 601] blk.13.ffn_down.weight               - [  6144,   1536,      1,      1], type =   bf16, converting to q4_K .. size =    18.00 MiB ->     5.06 MiB
[ 236/ 601] blk.13.ffn_gate.weight               - [  1536,   6144,      1,      1], type =   bf16, converting to q4_K .. size =    18.00 MiB ->     5.06 MiB
[ 237/ 601] blk.13.ffn_norm.weight               - [  1536,      1,      1,      1], type =    f32, size =    0.006 MiB
[ 238/ 601] blk.13.ffn_up.weight                 - [  1536,   6144,      1,      1], type =   bf16, converting to q4_K .. size =    18.00 MiB ->     5.06 MiB
[ 239/ 601] blk.13.inp_gate.weight               - [  1536,    256,      1,      1], type =   bf16, converting to q4_K .. size =     0.75 MiB ->     0.21 MiB
[ 240/ 601] blk.13.layer_output_scale.weight     - [     1,      1,      1,      1], type =    f32, size =    0.000 MiB
[ 241/ 601] blk.13.post_attention_norm.weight    - [  1536,      1,      1,      1], type =    f32, size =    0.006 MiB
[ 242/ 601] blk.13.post_ffw_norm.weight          - [  1536,      1,      1,      1], type =    f32, size =    0.006 MiB
[ 243/ 601] blk.13.post_norm.weight              - [  1536,      1,      1,      1], type =    f32, size =    0.006 MiB
[ 244/ 601] blk.13.proj.weight                   - [   256,   1536,      1,      1], type =   bf16, converting to q4_K .. size =     0.75 MiB ->     0.21 MiB
[ 245/ 601] blk.14.attn_k.weight                 - [  1536,    512,      1,      1], type =   bf16, converting to q4_K .. size =     1.50 MiB ->     0.42 MiB
[ 246/ 601] blk.14.attn_k_norm.weight            - [   512,      1,      1,      1], type =    f32, size =    0.002 MiB
[ 247/ 601] blk.14.attn_norm.weight              - [  1536,      1,      1,      1], type =    f32, size =    0.006 MiB
[ 248/ 601] blk.14.attn_output.weight            - [  4096,   1536,      1,      1], type =   bf16, converting to q4_K .. size =    12.00 MiB ->     3.38 MiB
[ 249/ 601] blk.14.attn_q.weight                 - [  1536,   4096,      1,      1], type =   bf16, converting to q4_K .. size =    12.00 MiB ->     3.38 MiB
[ 250/ 601] blk.14.attn_q_norm.weight            - [   512,      1,      1,      1], type =    f32, size =    0.002 MiB
[ 251/ 601] blk.14.attn_v.weight                 - [  1536,    512,      1,      1], type =   bf16, converting to q4_K .. size =     1.50 MiB ->     0.42 MiB
[ 252/ 601] blk.14.ffn_down.weight               - [  6144,   1536,      1,      1], type =   bf16, converting to q4_K .. size =    18.00 MiB ->     5.06 MiB
[ 253/ 601] blk.14.ffn_gate.weight               - [  1536,   6144,      1,      1], type =   bf16, converting to q4_K .. size =    18.00 MiB ->     5.06 MiB
[ 254/ 601] blk.14.ffn_norm.weight               - [  1536,      1,      1,      1], type =    f32, size =    0.006 MiB
[ 255/ 601] blk.14.ffn_up.weight                 - [  1536,   6144,      1,      1], type =   bf16, converting to q4_K .. size =    18.00 MiB ->     5.06 MiB
[ 256/ 601] blk.14.inp_gate.weight               - [  1536,    256,      1,      1], type =   bf16, converting to q4_K .. size =     0.75 MiB ->     0.21 MiB
[ 257/ 601] blk.14.layer_output_scale.weight     - [     1,      1,      1,      1], type =    f32, size =    0.000 MiB
[ 258/ 601] blk.14.post_attention_norm.weight    - [  1536,      1,      1,      1], type =    f32, size =    0.006 MiB
[ 259/ 601] blk.14.post_ffw_norm.weight          - [  1536,      1,      1,      1], type =    f32, size =    0.006 MiB
[ 260/ 601] blk.14.post_norm.weight              - [  1536,      1,      1,      1], type =    f32, size =    0.006 MiB
[ 261/ 601] blk.14.proj.weight                   - [   256,   1536,      1,      1], type =   bf16, converting to q4_K .. size =     0.75 MiB ->     0.21 MiB
[ 262/ 601] blk.15.attn_k.weight                 - [  1536,    256,      1,      1], type =   bf16, converting to q4_K .. size =     0.75 MiB ->     0.21 MiB
[ 263/ 601] blk.15.attn_k_norm.weight            - [   256,      1,      1,      1], type =    f32, size =    0.001 MiB
[ 264/ 601] blk.15.attn_norm.weight              - [  1536,      1,      1,      1], type =    f32, size =    0.006 MiB
[ 265/ 601] blk.15.attn_output.weight            - [  2048,   1536,      1,      1], type =   bf16, converting to q4_K .. size =     6.00 MiB ->     1.69 MiB
[ 266/ 601] blk.15.attn_q.weight                 - [  1536,   2048,      1,      1], type =   bf16, converting to q4_K .. size =     6.00 MiB ->     1.69 MiB
[ 267/ 601] blk.15.attn_q_norm.weight            - [   256,      1,      1,      1], type =    f32, size =    0.001 MiB
[ 268/ 601] blk.15.attn_v.weight                 - [  1536,    256,      1,      1], type =   bf16, converting to q6_K .. size =     0.75 MiB ->     0.31 MiB
[ 269/ 601] blk.15.ffn_down.weight               - [ 12288,   1536,      1,      1], type =   bf16, converting to q6_K .. size =    36.00 MiB ->    14.77 MiB
[ 270/ 601] blk.15.ffn_gate.weight               - [  1536,  12288,      1,      1], type =   bf16, converting to q4_K .. size =    36.00 MiB ->    10.12 MiB
[ 271/ 601] blk.15.ffn_norm.weight               - [  1536,      1,      1,      1], type =    f32, size =    0.006 MiB
[ 272/ 601] blk.15.ffn_up.weight                 - [  1536,  12288,      1,      1], type =   bf16, converting to q4_K .. size =    36.00 MiB ->    10.12 MiB
[ 273/ 601] blk.15.inp_gate.weight               - [  1536,    256,      1,      1], type =   bf16, converting to q4_K .. size =     0.75 MiB ->     0.21 MiB
[ 274/ 601] blk.15.layer_output_scale.weight     - [     1,      1,      1,      1], type =    f32, size =    0.000 MiB
[ 275/ 601] blk.15.post_attention_norm.weight    - [  1536,      1,      1,      1], type =    f32, size =    0.006 MiB
[ 276/ 601] blk.15.post_ffw_norm.weight          - [  1536,      1,      1,      1], type =    f32, size =    0.006 MiB
[ 277/ 601] blk.15.post_norm.weight              - [  1536,      1,      1,      1], type =    f32, size =    0.006 MiB
[ 278/ 601] blk.15.proj.weight                   - [   256,   1536,      1,      1], type =   bf16, converting to q4_K .. size =     0.75 MiB ->     0.21 MiB
[ 279/ 601] blk.16.attn_k.weight                 - [  1536,    256,      1,      1], type =   bf16, converting to q4_K .. size =     0.75 MiB ->     0.21 MiB
[ 280/ 601] blk.16.attn_k_norm.weight            - [   256,      1,      1,      1], type =    f32, size =    0.001 MiB
[ 281/ 601] blk.16.attn_norm.weight              - [  1536,      1,      1,      1], type =    f32, size =    0.006 MiB
[ 282/ 601] blk.16.attn_output.weight            - [  2048,   1536,      1,      1], type =   bf16, converting to q4_K .. size =     6.00 MiB ->     1.69 MiB
[ 283/ 601] blk.16.attn_q.weight                 - [  1536,   2048,      1,      1], type =   bf16, converting to q4_K .. size =     6.00 MiB ->     1.69 MiB
[ 284/ 601] blk.16.attn_q_norm.weight            - [   256,      1,      1,      1], type =    f32, size =    0.001 MiB
[ 285/ 601] blk.16.attn_v.weight                 - [  1536,    256,      1,      1], type =   bf16, converting to q4_K .. size =     0.75 MiB ->     0.21 MiB
[ 286/ 601] blk.16.ffn_down.weight               - [ 12288,   1536,      1,      1], type =   bf16, converting to q4_K .. size =    36.00 MiB ->    10.12 MiB
[ 287/ 601] blk.16.ffn_gate.weight               - [  1536,  12288,      1,      1], type =   bf16, converting to q4_K .. size =    36.00 MiB ->    10.12 MiB
[ 288/ 601] blk.16.ffn_norm.weight               - [  1536,      1,      1,      1], type =    f32, size =    0.006 MiB
[ 289/ 601] blk.16.ffn_up.weight                 - [  1536,  12288,      1,      1], type =   bf16, converting to q4_K .. size =    36.00 MiB ->    10.12 MiB
[ 290/ 601] blk.16.inp_gate.weight               - [  1536,    256,      1,      1], type =   bf16, converting to q4_K .. size =     0.75 MiB ->     0.21 MiB
[ 291/ 601] blk.16.layer_output_scale.weight     - [     1,      1,      1,      1], type =    f32, size =    0.000 MiB
[ 292/ 601] blk.16.post_attention_norm.weight    - [  1536,      1,      1,      1], type =    f32, size =    0.006 MiB
[ 293/ 601] blk.16.post_ffw_norm.weight          - [  1536,      1,      1,      1], type =    f32, size =    0.006 MiB
[ 294/ 601] blk.16.post_norm.weight              - [  1536,      1,      1,      1], type =    f32, size =    0.006 MiB
[ 295/ 601] blk.16.proj.weight                   - [   256,   1536,      1,      1], type =   bf16, converting to q4_K .. size =     0.75 MiB ->     0.21 MiB
[ 296/ 601] blk.17.attn_k.weight                 - [  1536,    256,      1,      1], type =   bf16, converting to q4_K .. size =     0.75 MiB ->     0.21 MiB
[ 297/ 601] blk.17.attn_k_norm.weight            - [   256,      1,      1,      1], type =    f32, size =    0.001 MiB
[ 298/ 601] blk.17.attn_norm.weight              - [  1536,      1,      1,      1], type =    f32, size =    0.006 MiB
[ 299/ 601] blk.17.attn_output.weight            - [  2048,   1536,      1,      1], type =   bf16, converting to q4_K .. size =     6.00 MiB ->     1.69 MiB
[ 300/ 601] blk.17.attn_q.weight                 - [  1536,   2048,      1,      1], type =   bf16, converting to q4_K .. size =     6.00 MiB ->     1.69 MiB
[ 301/ 601] blk.17.attn_q_norm.weight            - [   256,      1,      1,      1], type =    f32, size =    0.001 MiB
[ 302/ 601] blk.17.attn_v.weight                 - [  1536,    256,      1,      1], type =   bf16, converting to q4_K .. size =     0.75 MiB ->     0.21 MiB
[ 303/ 601] blk.17.ffn_down.weight               - [ 12288,   1536,      1,      1], type =   bf16, converting to q4_K .. size =    36.00 MiB ->    10.12 MiB
[ 304/ 601] blk.17.ffn_gate.weight               - [  1536,  12288,      1,      1], type =   bf16, converting to q4_K .. size =    36.00 MiB ->    10.12 MiB
[ 305/ 601] blk.17.ffn_norm.weight               - [  1536,      1,      1,      1], type =    f32, size =    0.006 MiB
[ 306/ 601] blk.17.ffn_up.weight                 - [  1536,  12288,      1,      1], type =   bf16, converting to q4_K .. size =    36.00 MiB ->    10.12 MiB
[ 307/ 601] blk.17.inp_gate.weight               - [  1536,    256,      1,      1], type =   bf16, converting to q4_K .. size =     0.75 MiB ->     0.21 MiB
[ 308/ 601] blk.17.layer_output_scale.weight     - [     1,      1,      1,      1], type =    f32, size =    0.000 MiB
[ 309/ 601] blk.17.post_attention_norm.weight    - [  1536,      1,      1,      1], type =    f32, size =    0.006 MiB
[ 310/ 601] blk.17.post_ffw_norm.weight          - [  1536,      1,      1,      1], type =    f32, size =    0.006 MiB
[ 311/ 601] blk.17.post_norm.weight              - [  1536,      1,      1,      1], type =    f32, size =    0.006 MiB
[ 312/ 601] blk.17.proj.weight                   - [   256,   1536,      1,      1], type =   bf16, converting to q4_K .. size =     0.75 MiB ->     0.21 MiB
[ 313/ 601] blk.18.attn_k.weight                 - [  1536,    256,      1,      1], type =   bf16, converting to q4_K .. size =     0.75 MiB ->     0.21 MiB
[ 314/ 601] blk.18.attn_k_norm.weight            - [   256,      1,      1,      1], type =    f32, size =    0.001 MiB
[ 315/ 601] blk.18.attn_norm.weight              - [  1536,      1,      1,      1], type =    f32, size =    0.006 MiB
[ 316/ 601] blk.18.attn_output.weight            - [  2048,   1536,      1,      1], type =   bf16, converting to q4_K .. size =     6.00 MiB ->     1.69 MiB
[ 317/ 601] blk.18.attn_q.weight                 - [  1536,   2048,      1,      1], type =   bf16, converting to q4_K .. size =     6.00 MiB ->     1.69 MiB
[ 318/ 601] blk.18.attn_q_norm.weight            - [   256,      1,      1,      1], type =    f32, size =    0.001 MiB
[ 319/ 601] blk.18.attn_v.weight                 - [  1536,    256,      1,      1], type =   bf16, converting to q6_K .. size =     0.75 MiB ->     0.31 MiB
[ 320/ 601] blk.18.ffn_down.weight               - [ 12288,   1536,      1,      1], type =   bf16, converting to q6_K .. size =    36.00 MiB ->    14.77 MiB
[ 321/ 601] blk.18.ffn_gate.weight               - [  1536,  12288,      1,      1], type =   bf16, converting to q4_K .. size =    36.00 MiB ->    10.12 MiB
[ 322/ 601] blk.18.ffn_norm.weight               - [  1536,      1,      1,      1], type =    f32, size =    0.006 MiB
[ 323/ 601] blk.18.ffn_up.weight                 - [  1536,  12288,      1,      1], type =   bf16, converting to q4_K .. size =    36.00 MiB ->    10.12 MiB
[ 324/ 601] blk.18.inp_gate.weight               - [  1536,    256,      1,      1], type =   bf16, converting to q4_K .. size =     0.75 MiB ->     0.21 MiB
[ 325/ 601] blk.18.layer_output_scale.weight     - [     1,      1,      1,      1], type =    f32, size =    0.000 MiB
[ 326/ 601] blk.18.post_attention_norm.weight    - [  1536,      1,      1,      1], type =    f32, size =    0.006 MiB
[ 327/ 601] blk.18.post_ffw_norm.weight          - [  1536,      1,      1,      1], type =    f32, size =    0.006 MiB
[ 328/ 601] blk.18.post_norm.weight              - [  1536,      1,      1,      1], type =    f32, size =    0.006 MiB
[ 329/ 601] blk.18.proj.weight                   - [   256,   1536,      1,      1], type =   bf16, converting to q4_K .. size =     0.75 MiB ->     0.21 MiB
[ 330/ 601] blk.19.attn_k.weight                 - [  1536,    512,      1,      1], type =   bf16, converting to q4_K .. size =     1.50 MiB ->     0.42 MiB
[ 331/ 601] blk.19.attn_k_norm.weight            - [   512,      1,      1,      1], type =    f32, size =    0.002 MiB
[ 332/ 601] blk.19.attn_norm.weight              - [  1536,      1,      1,      1], type =    f32, size =    0.006 MiB
[ 333/ 601] blk.19.attn_output.weight            - [  4096,   1536,      1,      1], type =   bf16, converting to q4_K .. size =    12.00 MiB ->     3.38 MiB
[ 334/ 601] blk.19.attn_q.weight                 - [  1536,   4096,      1,      1], type =   bf16, converting to q4_K .. size =    12.00 MiB ->     3.38 MiB
[ 335/ 601] blk.19.attn_q_norm.weight            - [   512,      1,      1,      1], type =    f32, size =    0.002 MiB
[ 336/ 601] blk.19.attn_v.weight                 - [  1536,    512,      1,      1], type =   bf16, converting to q4_K .. size =     1.50 MiB ->     0.42 MiB
[ 337/ 601] blk.19.ffn_down.weight               - [ 12288,   1536,      1,      1], type =   bf16, converting to q4_K .. size =    36.00 MiB ->    10.12 MiB
[ 338/ 601] blk.19.ffn_gate.weight               - [  1536,  12288,      1,      1], type =   bf16, converting to q4_K .. size =    36.00 MiB ->    10.12 MiB
[ 339/ 601] blk.19.ffn_norm.weight               - [  1536,      1,      1,      1], type =    f32, size =    0.006 MiB
[ 340/ 601] blk.19.ffn_up.weight                 - [  1536,  12288,      1,      1], type =   bf16, converting to q4_K .. size =    36.00 MiB ->    10.12 MiB
[ 341/ 601] blk.19.inp_gate.weight               - [  1536,    256,      1,      1], type =   bf16, converting to q4_K .. size =     0.75 MiB ->     0.21 MiB
[ 342/ 601] blk.19.layer_output_scale.weight     - [     1,      1,      1,      1], type =    f32, size =    0.000 MiB
[ 343/ 601] blk.19.post_attention_norm.weight    - [  1536,      1,      1,      1], type =    f32, size =    0.006 MiB
[ 344/ 601] blk.19.post_ffw_norm.weight          - [  1536,      1,      1,      1], type =    f32, size =    0.006 MiB
[ 345/ 601] blk.19.post_norm.weight              - [  1536,      1,      1,      1], type =    f32, size =    0.006 MiB
[ 346/ 601] blk.19.proj.weight                   - [   256,   1536,      1,      1], type =   bf16, converting to q4_K .. size =     0.75 MiB ->     0.21 MiB
[ 347/ 601] blk.20.attn_k.weight                 - [  1536,    256,      1,      1], type =   bf16, converting to q4_K .. size =     0.75 MiB ->     0.21 MiB
[ 348/ 601] blk.20.attn_k_norm.weight            - [   256,      1,      1,      1], type =    f32, size =    0.001 MiB
[ 349/ 601] blk.20.attn_norm.weight              - [  1536,      1,      1,      1], type =    f32, size =    0.006 MiB
[ 350/ 601] blk.20.attn_output.weight            - [  2048,   1536,      1,      1], type =   bf16, converting to q4_K .. size =     6.00 MiB ->     1.69 MiB
[ 351/ 601] blk.20.attn_q.weight                 - [  1536,   2048,      1,      1], type =   bf16, converting to q4_K .. size =     6.00 MiB ->     1.69 MiB
[ 352/ 601] blk.20.attn_q_norm.weight            - [   256,      1,      1,      1], type =    f32, size =    0.001 MiB
[ 353/ 601] blk.20.attn_v.weight                 - [  1536,    256,      1,      1], type =   bf16, converting to q4_K .. size =     0.75 MiB ->     0.21 MiB
[ 354/ 601] blk.20.ffn_down.weight               - [ 12288,   1536,      1,      1], type =   bf16, converting to q4_K .. size =    36.00 MiB ->    10.12 MiB
[ 355/ 601] blk.20.ffn_gate.weight               - [  1536,  12288,      1,      1], type =   bf16, converting to q4_K .. size =    36.00 MiB ->    10.12 MiB
[ 356/ 601] blk.20.ffn_norm.weight               - [  1536,      1,      1,      1], type =    f32, size =    0.006 MiB
[ 357/ 601] blk.20.ffn_up.weight                 - [  1536,  12288,      1,      1], type =   bf16, converting to q4_K .. size =    36.00 MiB ->    10.12 MiB
[ 358/ 601] blk.20.inp_gate.weight               - [  1536,    256,      1,      1], type =   bf16, converting to q4_K .. size =     0.75 MiB ->     0.21 MiB
[ 359/ 601] blk.20.layer_output_scale.weight     - [     1,      1,      1,      1], type =    f32, size =    0.000 MiB
[ 360/ 601] blk.20.post_attention_norm.weight    - [  1536,      1,      1,      1], type =    f32, size =    0.006 MiB
[ 361/ 601] blk.20.post_ffw_norm.weight          - [  1536,      1,      1,      1], type =    f32, size =    0.006 MiB
[ 362/ 601] blk.20.post_norm.weight              - [  1536,      1,      1,      1], type =    f32, size =    0.006 MiB
[ 363/ 601] blk.20.proj.weight                   - [   256,   1536,      1,      1], type =   bf16, converting to q4_K .. size =     0.75 MiB ->     0.21 MiB
[ 364/ 601] blk.21.attn_k.weight                 - [  1536,    256,      1,      1], type =   bf16, converting to q4_K .. size =     0.75 MiB ->     0.21 MiB
[ 365/ 601] blk.21.attn_k_norm.weight            - [   256,      1,      1,      1], type =    f32, size =    0.001 MiB
[ 366/ 601] blk.21.attn_norm.weight              - [  1536,      1,      1,      1], type =    f32, size =    0.006 MiB
[ 367/ 601] blk.21.attn_output.weight            - [  2048,   1536,      1,      1], type =   bf16, converting to q4_K .. size =     6.00 MiB ->     1.69 MiB
[ 368/ 601] blk.21.attn_q.weight                 - [  1536,   2048,      1,      1], type =   bf16, converting to q4_K .. size =     6.00 MiB ->     1.69 MiB
[ 369/ 601] blk.21.attn_q_norm.weight            - [   256,      1,      1,      1], type =    f32, size =    0.001 MiB
[ 370/ 601] blk.21.attn_v.weight                 - [  1536,    256,      1,      1], type =   bf16, converting to q6_K .. size =     0.75 MiB ->     0.31 MiB
[ 371/ 601] blk.21.ffn_down.weight               - [ 12288,   1536,      1,      1], type =   bf16, converting to q6_K .. size =    36.00 MiB ->    14.77 MiB
[ 372/ 601] blk.21.ffn_gate.weight               - [  1536,  12288,      1,      1], type =   bf16, converting to q4_K .. size =    36.00 MiB ->    10.12 MiB
[ 373/ 601] blk.21.ffn_norm.weight               - [  1536,      1,      1,      1], type =    f32, size =    0.006 MiB
[ 374/ 601] blk.21.ffn_up.weight                 - [  1536,  12288,      1,      1], type =   bf16, converting to q4_K .. size =    36.00 MiB ->    10.12 MiB
[ 375/ 601] blk.21.inp_gate.weight               - [  1536,    256,      1,      1], type =   bf16, converting to q4_K .. size =     0.75 MiB ->     0.21 MiB
[ 376/ 601] blk.21.layer_output_scale.weight     - [     1,      1,      1,      1], type =    f32, size =    0.000 MiB
[ 377/ 601] blk.21.post_attention_norm.weight    - [  1536,      1,      1,      1], type =    f32, size =    0.006 MiB
[ 378/ 601] blk.21.post_ffw_norm.weight          - [  1536,      1,      1,      1], type =    f32, size =    0.006 MiB
[ 379/ 601] blk.21.post_norm.weight              - [  1536,      1,      1,      1], type =    f32, size =    0.006 MiB
[ 380/ 601] blk.21.proj.weight                   - [   256,   1536,      1,      1], type =   bf16, converting to q4_K .. size =     0.75 MiB ->     0.21 MiB
[ 381/ 601] blk.22.attn_k.weight                 - [  1536,    256,      1,      1], type =   bf16, converting to q4_K .. size =     0.75 MiB ->     0.21 MiB
[ 382/ 601] blk.22.attn_k_norm.weight            - [   256,      1,      1,      1], type =    f32, size =    0.001 MiB
[ 383/ 601] blk.22.attn_norm.weight              - [  1536,      1,      1,      1], type =    f32, size =    0.006 MiB
[ 384/ 601] blk.22.attn_output.weight            - [  2048,   1536,      1,      1], type =   bf16, converting to q4_K .. size =     6.00 MiB ->     1.69 MiB
[ 385/ 601] blk.22.attn_q.weight                 - [  1536,   2048,      1,      1], type =   bf16, converting to q4_K .. size =     6.00 MiB ->     1.69 MiB
[ 386/ 601] blk.22.attn_q_norm.weight            - [   256,      1,      1,      1], type =    f32, size =    0.001 MiB
[ 387/ 601] blk.22.attn_v.weight                 - [  1536,    256,      1,      1], type =   bf16, converting to q4_K .. size =     0.75 MiB ->     0.21 MiB
[ 388/ 601] blk.22.ffn_down.weight               - [ 12288,   1536,      1,      1], type =   bf16, converting to q4_K .. size =    36.00 MiB ->    10.12 MiB
[ 389/ 601] blk.22.ffn_gate.weight               - [  1536,  12288,      1,      1], type =   bf16, converting to q4_K .. size =    36.00 MiB ->    10.12 MiB
[ 390/ 601] blk.22.ffn_norm.weight               - [  1536,      1,      1,      1], type =    f32, size =    0.006 MiB
[ 391/ 601] blk.22.ffn_up.weight                 - [  1536,  12288,      1,      1], type =   bf16, converting to q4_K .. size =    36.00 MiB ->    10.12 MiB
[ 392/ 601] blk.22.inp_gate.weight               - [  1536,    256,      1,      1], type =   bf16, converting to q4_K .. size =     0.75 MiB ->     0.21 MiB
[ 393/ 601] blk.22.layer_output_scale.weight     - [     1,      1,      1,      1], type =    f32, size =    0.000 MiB
[ 394/ 601] blk.22.post_attention_norm.weight    - [  1536,      1,      1,      1], type =    f32, size =    0.006 MiB
[ 395/ 601] blk.22.post_ffw_norm.weight          - [  1536,      1,      1,      1], type =    f32, size =    0.006 MiB
[ 396/ 601] blk.22.post_norm.weight              - [  1536,      1,      1,      1], type =    f32, size =    0.006 MiB
[ 397/ 601] blk.22.proj.weight                   - [   256,   1536,      1,      1], type =   bf16, converting to q4_K .. size =     0.75 MiB ->     0.21 MiB
[ 398/ 601] blk.23.attn_k.weight                 - [  1536,    256,      1,      1], type =   bf16, converting to q4_K .. size =     0.75 MiB ->     0.21 MiB
[ 399/ 601] blk.23.attn_k_norm.weight            - [   256,      1,      1,      1], type =    f32, size =    0.001 MiB
[ 400/ 601] blk.23.attn_norm.weight              - [  1536,      1,      1,      1], type =    f32, size =    0.006 MiB
[ 401/ 601] blk.23.attn_output.weight            - [  2048,   1536,      1,      1], type =   bf16, converting to q4_K .. size =     6.00 MiB ->     1.69 MiB
[ 402/ 601] blk.23.attn_q.weight                 - [  1536,   2048,      1,      1], type =   bf16, converting to q4_K .. size =     6.00 MiB ->     1.69 MiB
[ 403/ 601] blk.23.attn_q_norm.weight            - [   256,      1,      1,      1], type =    f32, size =    0.001 MiB
[ 404/ 601] blk.23.attn_v.weight                 - [  1536,    256,      1,      1], type =   bf16, converting to q4_K .. size =     0.75 MiB ->     0.21 MiB
[ 405/ 601] blk.23.ffn_down.weight               - [ 12288,   1536,      1,      1], type =   bf16, converting to q4_K .. size =    36.00 MiB ->    10.12 MiB
[ 406/ 601] blk.23.ffn_gate.weight               - [  1536,  12288,      1,      1], type =   bf16, converting to q4_K .. size =    36.00 MiB ->    10.12 MiB
[ 407/ 601] blk.23.ffn_norm.weight               - [  1536,      1,      1,      1], type =    f32, size =    0.006 MiB
[ 408/ 601] blk.23.ffn_up.weight                 - [  1536,  12288,      1,      1], type =   bf16, converting to q4_K .. size =    36.00 MiB ->    10.12 MiB
[ 409/ 601] blk.23.inp_gate.weight               - [  1536,    256,      1,      1], type =   bf16, converting to q4_K .. size =     0.75 MiB ->     0.21 MiB
[ 410/ 601] blk.23.layer_output_scale.weight     - [     1,      1,      1,      1], type =    f32, size =    0.000 MiB
[ 411/ 601] blk.23.post_attention_norm.weight    - [  1536,      1,      1,      1], type =    f32, size =    0.006 MiB
[ 412/ 601] blk.23.post_ffw_norm.weight          - [  1536,      1,      1,      1], type =    f32, size =    0.006 MiB
[ 413/ 601] blk.23.post_norm.weight              - [  1536,      1,      1,      1], type =    f32, size =    0.006 MiB
[ 414/ 601] blk.23.proj.weight                   - [   256,   1536,      1,      1], type =   bf16, converting to q4_K .. size =     0.75 MiB ->     0.21 MiB
[ 415/ 601] blk.24.attn_k.weight                 - [  1536,    512,      1,      1], type =   bf16, converting to q4_K .. size =     1.50 MiB ->     0.42 MiB
[ 416/ 601] blk.24.attn_k_norm.weight            - [   512,      1,      1,      1], type =    f32, size =    0.002 MiB
[ 417/ 601] blk.24.attn_norm.weight              - [  1536,      1,      1,      1], type =    f32, size =    0.006 MiB
[ 418/ 601] blk.24.attn_output.weight            - [  4096,   1536,      1,      1], type =   bf16, converting to q4_K .. size =    12.00 MiB ->     3.38 MiB
[ 419/ 601] blk.24.attn_q.weight                 - [  1536,   4096,      1,      1], type =   bf16, converting to q4_K .. size =    12.00 MiB ->     3.38 MiB
[ 420/ 601] blk.24.attn_q_norm.weight            - [   512,      1,      1,      1], type =    f32, size =    0.002 MiB
[ 421/ 601] blk.24.attn_v.weight                 - [  1536,    512,      1,      1], type =   bf16, converting to q6_K .. size =     1.50 MiB ->     0.62 MiB
[ 422/ 601] blk.24.ffn_down.weight               - [ 12288,   1536,      1,      1], type =   bf16, converting to q6_K .. size =    36.00 MiB ->    14.77 MiB
[ 423/ 601] blk.24.ffn_gate.weight               - [  1536,  12288,      1,      1], type =   bf16, converting to q4_K .. size =    36.00 MiB ->    10.12 MiB
[ 424/ 601] blk.24.ffn_norm.weight               - [  1536,      1,      1,      1], type =    f32, size =    0.006 MiB
[ 425/ 601] blk.24.ffn_up.weight                 - [  1536,  12288,      1,      1], type =   bf16, converting to q4_K .. size =    36.00 MiB ->    10.12 MiB
[ 426/ 601] blk.24.inp_gate.weight               - [  1536,    256,      1,      1], type =   bf16, converting to q4_K .. size =     0.75 MiB ->     0.21 MiB
[ 427/ 601] blk.24.layer_output_scale.weight     - [     1,      1,      1,      1], type =    f32, size =    0.000 MiB
[ 428/ 601] blk.24.post_attention_norm.weight    - [  1536,      1,      1,      1], type =    f32, size =    0.006 MiB
[ 429/ 601] blk.24.post_ffw_norm.weight          - [  1536,      1,      1,      1], type =    f32, size =    0.006 MiB
[ 430/ 601] blk.24.post_norm.weight              - [  1536,      1,      1,      1], type =    f32, size =    0.006 MiB
[ 431/ 601] blk.24.proj.weight                   - [   256,   1536,      1,      1], type =   bf16, converting to q4_K .. size =     0.75 MiB ->     0.21 MiB
[ 432/ 601] blk.25.attn_k.weight                 - [  1536,    256,      1,      1], type =   bf16, converting to q4_K .. size =     0.75 MiB ->     0.21 MiB
[ 433/ 601] blk.25.attn_k_norm.weight            - [   256,      1,      1,      1], type =    f32, size =    0.001 MiB
[ 434/ 601] blk.25.attn_norm.weight              - [  1536,      1,      1,      1], type =    f32, size =    0.006 MiB
[ 435/ 601] blk.25.attn_output.weight            - [  2048,   1536,      1,      1], type =   bf16, converting to q4_K .. size =     6.00 MiB ->     1.69 MiB
[ 436/ 601] blk.25.attn_q.weight                 - [  1536,   2048,      1,      1], type =   bf16, converting to q4_K .. size =     6.00 MiB ->     1.69 MiB
[ 437/ 601] blk.25.attn_q_norm.weight            - [   256,      1,      1,      1], type =    f32, size =    0.001 MiB
[ 438/ 601] blk.25.attn_v.weight                 - [  1536,    256,      1,      1], type =   bf16, converting to q4_K .. size =     0.75 MiB ->     0.21 MiB
[ 439/ 601] blk.25.ffn_down.weight               - [ 12288,   1536,      1,      1], type =   bf16, converting to q4_K .. size =    36.00 MiB ->    10.12 MiB
[ 440/ 601] blk.25.ffn_gate.weight               - [  1536,  12288,      1,      1], type =   bf16, converting to q4_K .. size =    36.00 MiB ->    10.12 MiB
[ 441/ 601] blk.25.ffn_norm.weight               - [  1536,      1,      1,      1], type =    f32, size =    0.006 MiB
[ 442/ 601] blk.25.ffn_up.weight                 - [  1536,  12288,      1,      1], type =   bf16, converting to q4_K .. size =    36.00 MiB ->    10.12 MiB
[ 443/ 601] blk.25.inp_gate.weight               - [  1536,    256,      1,      1], type =   bf16, converting to q4_K .. size =     0.75 MiB ->     0.21 MiB
[ 444/ 601] blk.25.layer_output_scale.weight     - [     1,      1,      1,      1], type =    f32, size =    0.000 MiB
[ 445/ 601] blk.25.post_attention_norm.weight    - [  1536,      1,      1,      1], type =    f32, size =    0.006 MiB
[ 446/ 601] blk.25.post_ffw_norm.weight          - [  1536,      1,      1,      1], type =    f32, size =    0.006 MiB
[ 447/ 601] blk.25.post_norm.weight              - [  1536,      1,      1,      1], type =    f32, size =    0.006 MiB
[ 448/ 601] blk.25.proj.weight                   - [   256,   1536,      1,      1], type =   bf16, converting to q4_K .. size =     0.75 MiB ->     0.21 MiB
[ 449/ 601] blk.26.attn_k.weight                 - [  1536,    256,      1,      1], type =   bf16, converting to q4_K .. size =     0.75 MiB ->     0.21 MiB
[ 450/ 601] blk.26.attn_k_norm.weight            - [   256,      1,      1,      1], type =    f32, size =    0.001 MiB
[ 451/ 601] blk.26.attn_norm.weight              - [  1536,      1,      1,      1], type =    f32, size =    0.006 MiB
[ 452/ 601] blk.26.attn_output.weight            - [  2048,   1536,      1,      1], type =   bf16, converting to q4_K .. size =     6.00 MiB ->     1.69 MiB
[ 453/ 601] blk.26.attn_q.weight                 - [  1536,   2048,      1,      1], type =   bf16, converting to q4_K .. size =     6.00 MiB ->     1.69 MiB
[ 454/ 601] blk.26.attn_q_norm.weight            - [   256,      1,      1,      1], type =    f32, size =    0.001 MiB
[ 455/ 601] blk.26.attn_v.weight                 - [  1536,    256,      1,      1], type =   bf16, converting to q4_K .. size =     0.75 MiB ->     0.21 MiB
[ 456/ 601] blk.26.ffn_down.weight               - [ 12288,   1536,      1,      1], type =   bf16, converting to q4_K .. size =    36.00 MiB ->    10.12 MiB
[ 457/ 601] blk.26.ffn_gate.weight               - [  1536,  12288,      1,      1], type =   bf16, converting to q4_K .. size =    36.00 MiB ->    10.12 MiB
[ 458/ 601] blk.26.ffn_norm.weight               - [  1536,      1,      1,      1], type =    f32, size =    0.006 MiB
[ 459/ 601] blk.26.ffn_up.weight                 - [  1536,  12288,      1,      1], type =   bf16, converting to q4_K .. size =    36.00 MiB ->    10.12 MiB
[ 460/ 601] blk.26.inp_gate.weight               - [  1536,    256,      1,      1], type =   bf16, converting to q4_K .. size =     0.75 MiB ->     0.21 MiB
[ 461/ 601] blk.26.layer_output_scale.weight     - [     1,      1,      1,      1], type =    f32, size =    0.000 MiB
[ 462/ 601] blk.26.post_attention_norm.weight    - [  1536,      1,      1,      1], type =    f32, size =    0.006 MiB
[ 463/ 601] blk.26.post_ffw_norm.weight          - [  1536,      1,      1,      1], type =    f32, size =    0.006 MiB
[ 464/ 601] blk.26.post_norm.weight              - [  1536,      1,      1,      1], type =    f32, size =    0.006 MiB
[ 465/ 601] blk.26.proj.weight                   - [   256,   1536,      1,      1], type =   bf16, converting to q4_K .. size =     0.75 MiB ->     0.21 MiB
[ 466/ 601] blk.27.attn_k.weight                 - [  1536,    256,      1,      1], type =   bf16, converting to q4_K .. size =     0.75 MiB ->     0.21 MiB
[ 467/ 601] blk.27.attn_k_norm.weight            - [   256,      1,      1,      1], type =    f32, size =    0.001 MiB
[ 468/ 601] blk.27.attn_norm.weight              - [  1536,      1,      1,      1], type =    f32, size =    0.006 MiB
[ 469/ 601] blk.27.attn_output.weight            - [  2048,   1536,      1,      1], type =   bf16, converting to q4_K .. size =     6.00 MiB ->     1.69 MiB
[ 470/ 601] blk.27.attn_q.weight                 - [  1536,   2048,      1,      1], type =   bf16, converting to q4_K .. size =     6.00 MiB ->     1.69 MiB
[ 471/ 601] blk.27.attn_q_norm.weight            - [   256,      1,      1,      1], type =    f32, size =    0.001 MiB
[ 472/ 601] blk.27.attn_v.weight                 - [  1536,    256,      1,      1], type =   bf16, converting to q6_K .. size =     0.75 MiB ->     0.31 MiB
[ 473/ 601] blk.27.ffn_down.weight               - [ 12288,   1536,      1,      1], type =   bf16, converting to q6_K .. size =    36.00 MiB ->    14.77 MiB
[ 474/ 601] blk.27.ffn_gate.weight               - [  1536,  12288,      1,      1], type =   bf16, converting to q4_K .. size =    36.00 MiB ->    10.12 MiB
[ 475/ 601] blk.27.ffn_norm.weight               - [  1536,      1,      1,      1], type =    f32, size =    0.006 MiB
[ 476/ 601] blk.27.ffn_up.weight                 - [  1536,  12288,      1,      1], type =   bf16, converting to q4_K .. size =    36.00 MiB ->    10.12 MiB
[ 477/ 601] blk.27.inp_gate.weight               - [  1536,    256,      1,      1], type =   bf16, converting to q4_K .. size =     0.75 MiB ->     0.21 MiB
[ 478/ 601] blk.27.layer_output_scale.weight     - [     1,      1,      1,      1], type =    f32, size =    0.000 MiB
[ 479/ 601] blk.27.post_attention_norm.weight    - [  1536,      1,      1,      1], type =    f32, size =    0.006 MiB
[ 480/ 601] blk.27.post_ffw_norm.weight          - [  1536,      1,      1,      1], type =    f32, size =    0.006 MiB
[ 481/ 601] blk.27.post_norm.weight              - [  1536,      1,      1,      1], type =    f32, size =    0.006 MiB
[ 482/ 601] blk.27.proj.weight                   - [   256,   1536,      1,      1], type =   bf16, converting to q4_K .. size =     0.75 MiB ->     0.21 MiB
[ 483/ 601] blk.28.attn_k.weight                 - [  1536,    256,      1,      1], type =   bf16, converting to q4_K .. size =     0.75 MiB ->     0.21 MiB
[ 484/ 601] blk.28.attn_k_norm.weight            - [   256,      1,      1,      1], type =    f32, size =    0.001 MiB
[ 485/ 601] blk.28.attn_norm.weight              - [  1536,      1,      1,      1], type =    f32, size =    0.006 MiB
[ 486/ 601] blk.28.attn_output.weight            - [  2048,   1536,      1,      1], type =   bf16, converting to q4_K .. size =     6.00 MiB ->     1.69 MiB
[ 487/ 601] blk.28.attn_q.weight                 - [  1536,   2048,      1,      1], type =   bf16, converting to q4_K .. size =     6.00 MiB ->     1.69 MiB
[ 488/ 601] blk.28.attn_q_norm.weight            - [   256,      1,      1,      1], type =    f32, size =    0.001 MiB
[ 489/ 601] blk.28.attn_v.weight                 - [  1536,    256,      1,      1], type =   bf16, converting to q4_K .. size =     0.75 MiB ->     0.21 MiB
[ 490/ 601] blk.28.ffn_down.weight               - [ 12288,   1536,      1,      1], type =   bf16, converting to q4_K .. size =    36.00 MiB ->    10.12 MiB
[ 491/ 601] blk.28.ffn_gate.weight               - [  1536,  12288,      1,      1], type =   bf16, converting to q4_K .. size =    36.00 MiB ->    10.12 MiB
[ 492/ 601] blk.28.ffn_norm.weight               - [  1536,      1,      1,      1], type =    f32, size =    0.006 MiB
[ 493/ 601] blk.28.ffn_up.weight                 - [  1536,  12288,      1,      1], type =   bf16, converting to q4_K .. size =    36.00 MiB ->    10.12 MiB
[ 494/ 601] blk.28.inp_gate.weight               - [  1536,    256,      1,      1], type =   bf16, converting to q4_K .. size =     0.75 MiB ->     0.21 MiB
[ 495/ 601] blk.28.layer_output_scale.weight     - [     1,      1,      1,      1], type =    f32, size =    0.000 MiB
[ 496/ 601] blk.28.post_attention_norm.weight    - [  1536,      1,      1,      1], type =    f32, size =    0.006 MiB
[ 497/ 601] blk.28.post_ffw_norm.weight          - [  1536,      1,      1,      1], type =    f32, size =    0.006 MiB
[ 498/ 601] blk.28.post_norm.weight              - [  1536,      1,      1,      1], type =    f32, size =    0.006 MiB
[ 499/ 601] blk.28.proj.weight                   - [   256,   1536,      1,      1], type =   bf16, converting to q4_K .. size =     0.75 MiB ->     0.21 MiB
[ 500/ 601] blk.29.attn_k.weight                 - [  1536,    512,      1,      1], type =   bf16, converting to q4_K .. size =     1.50 MiB ->     0.42 MiB
[ 501/ 601] blk.29.attn_k_norm.weight            - [   512,      1,      1,      1], type =    f32, size =    0.002 MiB
[ 502/ 601] blk.29.attn_norm.weight              - [  1536,      1,      1,      1], type =    f32, size =    0.006 MiB
[ 503/ 601] blk.29.attn_output.weight            - [  4096,   1536,      1,      1], type =   bf16, converting to q4_K .. size =    12.00 MiB ->     3.38 MiB
[ 504/ 601] blk.29.attn_q.weight                 - [  1536,   4096,      1,      1], type =   bf16, converting to q4_K .. size =    12.00 MiB ->     3.38 MiB
[ 505/ 601] blk.29.attn_q_norm.weight            - [   512,      1,      1,      1], type =    f32, size =    0.002 MiB
[ 506/ 601] blk.29.attn_v.weight                 - [  1536,    512,      1,      1], type =   bf16, converting to q4_K .. size =     1.50 MiB ->     0.42 MiB
[ 507/ 601] blk.29.ffn_down.weight               - [ 12288,   1536,      1,      1], type =   bf16, converting to q4_K .. size =    36.00 MiB ->    10.12 MiB
[ 508/ 601] blk.29.ffn_gate.weight               - [  1536,  12288,      1,      1], type =   bf16, converting to q4_K .. size =    36.00 MiB ->    10.12 MiB
[ 509/ 601] blk.29.ffn_norm.weight               - [  1536,      1,      1,      1], type =    f32, size =    0.006 MiB
[ 510/ 601] blk.29.ffn_up.weight                 - [  1536,  12288,      1,      1], type =   bf16, converting to q4_K .. size =    36.00 MiB ->    10.12 MiB
[ 511/ 601] blk.29.inp_gate.weight               - [  1536,    256,      1,      1], type =   bf16, converting to q4_K .. size =     0.75 MiB ->     0.21 MiB
[ 512/ 601] blk.29.layer_output_scale.weight     - [     1,      1,      1,      1], type =    f32, size =    0.000 MiB
[ 513/ 601] blk.29.post_attention_norm.weight    - [  1536,      1,      1,      1], type =    f32, size =    0.006 MiB
[ 514/ 601] blk.29.post_ffw_norm.weight          - [  1536,      1,      1,      1], type =    f32, size =    0.006 MiB
[ 515/ 601] blk.29.post_norm.weight              - [  1536,      1,      1,      1], type =    f32, size =    0.006 MiB
[ 516/ 601] blk.29.proj.weight                   - [   256,   1536,      1,      1], type =   bf16, converting to q4_K .. size =     0.75 MiB ->     0.21 MiB
[ 517/ 601] blk.30.attn_k.weight                 - [  1536,    256,      1,      1], type =   bf16, converting to q4_K .. size =     0.75 MiB ->     0.21 MiB
[ 518/ 601] blk.30.attn_k_norm.weight            - [   256,      1,      1,      1], type =    f32, size =    0.001 MiB
[ 519/ 601] blk.30.attn_norm.weight              - [  1536,      1,      1,      1], type =    f32, size =    0.006 MiB
[ 520/ 601] blk.30.attn_output.weight            - [  2048,   1536,      1,      1], type =   bf16, converting to q4_K .. size =     6.00 MiB ->     1.69 MiB
[ 521/ 601] blk.30.attn_q.weight                 - [  1536,   2048,      1,      1], type =   bf16, converting to q4_K .. size =     6.00 MiB ->     1.69 MiB
[ 522/ 601] blk.30.attn_q_norm.weight            - [   256,      1,      1,      1], type =    f32, size =    0.001 MiB
[ 523/ 601] blk.30.attn_v.weight                 - [  1536,    256,      1,      1], type =   bf16, converting to q6_K .. size =     0.75 MiB ->     0.31 MiB
[ 524/ 601] blk.30.ffn_down.weight               - [ 12288,   1536,      1,      1], type =   bf16, converting to q6_K .. size =    36.00 MiB ->    14.77 MiB
[ 525/ 601] blk.30.ffn_gate.weight               - [  1536,  12288,      1,      1], type =   bf16, converting to q4_K .. size =    36.00 MiB ->    10.12 MiB
[ 526/ 601] blk.30.ffn_norm.weight               - [  1536,      1,      1,      1], type =    f32, size =    0.006 MiB
[ 527/ 601] blk.30.ffn_up.weight                 - [  1536,  12288,      1,      1], type =   bf16, converting to q4_K .. size =    36.00 MiB ->    10.12 MiB
[ 528/ 601] blk.30.inp_gate.weight               - [  1536,    256,      1,      1], type =   bf16, converting to q4_K .. size =     0.75 MiB ->     0.21 MiB
[ 529/ 601] blk.30.layer_output_scale.weight     - [     1,      1,      1,      1], type =    f32, size =    0.000 MiB
[ 530/ 601] blk.30.post_attention_norm.weight    - [  1536,      1,      1,      1], type =    f32, size =    0.006 MiB
[ 531/ 601] blk.30.post_ffw_norm.weight          - [  1536,      1,      1,      1], type =    f32, size =    0.006 MiB
[ 532/ 601] blk.30.post_norm.weight              - [  1536,      1,      1,      1], type =    f32, size =    0.006 MiB
[ 533/ 601] blk.30.proj.weight                   - [   256,   1536,      1,      1], type =   bf16, converting to q4_K .. size =     0.75 MiB ->     0.21 MiB
[ 534/ 601] blk.31.attn_k.weight                 - [  1536,    256,      1,      1], type =   bf16, converting to q4_K .. size =     0.75 MiB ->     0.21 MiB
[ 535/ 601] blk.31.attn_k_norm.weight            - [   256,      1,      1,      1], type =    f32, size =    0.001 MiB
[ 536/ 601] blk.31.attn_norm.weight              - [  1536,      1,      1,      1], type =    f32, size =    0.006 MiB
[ 537/ 601] blk.31.attn_output.weight            - [  2048,   1536,      1,      1], type =   bf16, converting to q4_K .. size =     6.00 MiB ->     1.69 MiB
[ 538/ 601] blk.31.attn_q.weight                 - [  1536,   2048,      1,      1], type =   bf16, converting to q4_K .. size =     6.00 MiB ->     1.69 MiB
[ 539/ 601] blk.31.attn_q_norm.weight            - [   256,      1,      1,      1], type =    f32, size =    0.001 MiB
[ 540/ 601] blk.31.attn_v.weight                 - [  1536,    256,      1,      1], type =   bf16, converting to q6_K .. size =     0.75 MiB ->     0.31 MiB
[ 541/ 601] blk.31.ffn_down.weight               - [ 12288,   1536,      1,      1], type =   bf16, converting to q6_K .. size =    36.00 MiB ->    14.77 MiB
[ 542/ 601] blk.31.ffn_gate.weight               - [  1536,  12288,      1,      1], type =   bf16, converting to q4_K .. size =    36.00 MiB ->    10.12 MiB
[ 543/ 601] blk.31.ffn_norm.weight               - [  1536,      1,      1,      1], type =    f32, size =    0.006 MiB
[ 544/ 601] blk.31.ffn_up.weight                 - [  1536,  12288,      1,      1], type =   bf16, converting to q4_K .. size =    36.00 MiB ->    10.12 MiB
[ 545/ 601] blk.31.inp_gate.weight               - [  1536,    256,      1,      1], type =   bf16, converting to q4_K .. size =     0.75 MiB ->     0.21 MiB
[ 546/ 601] blk.31.layer_output_scale.weight     - [     1,      1,      1,      1], type =    f32, size =    0.000 MiB
[ 547/ 601] blk.31.post_attention_norm.weight    - [  1536,      1,      1,      1], type =    f32, size =    0.006 MiB
[ 548/ 601] blk.31.post_ffw_norm.weight          - [  1536,      1,      1,      1], type =    f32, size =    0.006 MiB
[ 549/ 601] blk.31.post_norm.weight              - [  1536,      1,      1,      1], type =    f32, size =    0.006 MiB
[ 550/ 601] blk.31.proj.weight                   - [   256,   1536,      1,      1], type =   bf16, converting to q4_K .. size =     0.75 MiB ->     0.21 MiB
[ 551/ 601] blk.32.attn_k.weight                 - [  1536,    256,      1,      1], type =   bf16, converting to q4_K .. size =     0.75 MiB ->     0.21 MiB
[ 552/ 601] blk.32.attn_k_norm.weight            - [   256,      1,      1,      1], type =    f32, size =    0.001 MiB
[ 553/ 601] blk.32.attn_norm.weight              - [  1536,      1,      1,      1], type =    f32, size =    0.006 MiB
[ 554/ 601] blk.32.attn_output.weight            - [  2048,   1536,      1,      1], type =   bf16, converting to q4_K .. size =     6.00 MiB ->     1.69 MiB
[ 555/ 601] blk.32.attn_q.weight                 - [  1536,   2048,      1,      1], type =   bf16, converting to q4_K .. size =     6.00 MiB ->     1.69 MiB
[ 556/ 601] blk.32.attn_q_norm.weight            - [   256,      1,      1,      1], type =    f32, size =    0.001 MiB
[ 557/ 601] blk.32.attn_v.weight                 - [  1536,    256,      1,      1], type =   bf16, converting to q6_K .. size =     0.75 MiB ->     0.31 MiB
[ 558/ 601] blk.32.ffn_down.weight               - [ 12288,   1536,      1,      1], type =   bf16, converting to q6_K .. size =    36.00 MiB ->    14.77 MiB
[ 559/ 601] blk.32.ffn_gate.weight               - [  1536,  12288,      1,      1], type =   bf16, converting to q4_K .. size =    36.00 MiB ->    10.12 MiB
[ 560/ 601] blk.32.ffn_norm.weight               - [  1536,      1,      1,      1], type =    f32, size =    0.006 MiB
[ 561/ 601] blk.32.ffn_up.weight                 - [  1536,  12288,      1,      1], type =   bf16, converting to q4_K .. size =    36.00 MiB ->    10.12 MiB
[ 562/ 601] blk.32.inp_gate.weight               - [  1536,    256,      1,      1], type =   bf16, converting to q4_K .. size =     0.75 MiB ->     0.21 MiB
[ 563/ 601] blk.32.layer_output_scale.weight     - [     1,      1,      1,      1], type =    f32, size =    0.000 MiB
[ 564/ 601] blk.32.post_attention_norm.weight    - [  1536,      1,      1,      1], type =    f32, size =    0.006 MiB
[ 565/ 601] blk.32.post_ffw_norm.weight          - [  1536,      1,      1,      1], type =    f32, size =    0.006 MiB
[ 566/ 601] blk.32.post_norm.weight              - [  1536,      1,      1,      1], type =    f32, size =    0.006 MiB
[ 567/ 601] blk.32.proj.weight                   - [   256,   1536,      1,      1], type =   bf16, converting to q4_K .. size =     0.75 MiB ->     0.21 MiB
[ 568/ 601] blk.33.attn_k.weight                 - [  1536,    256,      1,      1], type =   bf16, converting to q4_K .. size =     0.75 MiB ->     0.21 MiB
[ 569/ 601] blk.33.attn_k_norm.weight            - [   256,      1,      1,      1], type =    f32, size =    0.001 MiB
[ 570/ 601] blk.33.attn_norm.weight              - [  1536,      1,      1,      1], type =    f32, size =    0.006 MiB
[ 571/ 601] blk.33.attn_output.weight            - [  2048,   1536,      1,      1], type =   bf16, converting to q4_K .. size =     6.00 MiB ->     1.69 MiB
[ 572/ 601] blk.33.attn_q.weight                 - [  1536,   2048,      1,      1], type =   bf16, converting to q4_K .. size =     6.00 MiB ->     1.69 MiB
[ 573/ 601] blk.33.attn_q_norm.weight            - [   256,      1,      1,      1], type =    f32, size =    0.001 MiB
[ 574/ 601] blk.33.attn_v.weight                 - [  1536,    256,      1,      1], type =   bf16, converting to q6_K .. size =     0.75 MiB ->     0.31 MiB
[ 575/ 601] blk.33.ffn_down.weight               - [ 12288,   1536,      1,      1], type =   bf16, converting to q6_K .. size =    36.00 MiB ->    14.77 MiB
[ 576/ 601] blk.33.ffn_gate.weight               - [  1536,  12288,      1,      1], type =   bf16, converting to q4_K .. size =    36.00 MiB ->    10.12 MiB
[ 577/ 601] blk.33.ffn_norm.weight               - [  1536,      1,      1,      1], type =    f32, size =    0.006 MiB
[ 578/ 601] blk.33.ffn_up.weight                 - [  1536,  12288,      1,      1], type =   bf16, converting to q4_K .. size =    36.00 MiB ->    10.12 MiB
[ 579/ 601] blk.33.inp_gate.weight               - [  1536,    256,      1,      1], type =   bf16, converting to q4_K .. size =     0.75 MiB ->     0.21 MiB
[ 580/ 601] blk.33.layer_output_scale.weight     - [     1,      1,      1,      1], type =    f32, size =    0.000 MiB
[ 581/ 601] blk.33.post_attention_norm.weight    - [  1536,      1,      1,      1], type =    f32, size =    0.006 MiB
[ 582/ 601] blk.33.post_ffw_norm.weight          - [  1536,      1,      1,      1], type =    f32, size =    0.006 MiB
[ 583/ 601] blk.33.post_norm.weight              - [  1536,      1,      1,      1], type =    f32, size =    0.006 MiB
[ 584/ 601] blk.33.proj.weight                   - [   256,   1536,      1,      1], type =   bf16, converting to q4_K .. size =     0.75 MiB ->     0.21 MiB
[ 585/ 601] blk.34.attn_k.weight                 - [  1536,    512,      1,      1], type =   bf16, converting to q4_K .. size =     1.50 MiB ->     0.42 MiB
[ 586/ 601] blk.34.attn_k_norm.weight            - [   512,      1,      1,      1], type =    f32, size =    0.002 MiB
[ 587/ 601] blk.34.attn_norm.weight              - [  1536,      1,      1,      1], type =    f32, size =    0.006 MiB
[ 588/ 601] blk.34.attn_output.weight            - [  4096,   1536,      1,      1], type =   bf16, converting to q4_K .. size =    12.00 MiB ->     3.38 MiB
[ 589/ 601] blk.34.attn_q.weight                 - [  1536,   4096,      1,      1], type =   bf16, converting to q4_K .. size =    12.00 MiB ->     3.38 MiB
[ 590/ 601] blk.34.attn_q_norm.weight            - [   512,      1,      1,      1], type =    f32, size =    0.002 MiB
[ 591/ 601] blk.34.attn_v.weight                 - [  1536,    512,      1,      1], type =   bf16, converting to q6_K .. size =     1.50 MiB ->     0.62 MiB
[ 592/ 601] blk.34.ffn_down.weight               - [ 12288,   1536,      1,      1], type =   bf16, converting to q6_K .. size =    36.00 MiB ->    14.77 MiB
[ 593/ 601] blk.34.ffn_gate.weight               - [  1536,  12288,      1,      1], type =   bf16, converting to q4_K .. size =    36.00 MiB ->    10.12 MiB
[ 594/ 601] blk.34.ffn_norm.weight               - [  1536,      1,      1,      1], type =    f32, size =    0.006 MiB
[ 595/ 601] blk.34.ffn_up.weight                 - [  1536,  12288,      1,      1], type =   bf16, converting to q4_K .. size =    36.00 MiB ->    10.12 MiB
[ 596/ 601] blk.34.inp_gate.weight               - [  1536,    256,      1,      1], type =   bf16, converting to q4_K .. size =     0.75 MiB ->     0.21 MiB
[ 597/ 601] blk.34.layer_output_scale.weight     - [     1,      1,      1,      1], type =    f32, size =    0.000 MiB
[ 598/ 601] blk.34.post_attention_norm.weight    - [  1536,      1,      1,      1], type =    f32, size =    0.006 MiB
[ 599/ 601] blk.34.post_ffw_norm.weight          - [  1536,      1,      1,      1], type =    f32, size =    0.006 MiB
[ 600/ 601] blk.34.post_norm.weight              - [  1536,      1,      1,      1], type =    f32, size =    0.006 MiB
[ 601/ 601] blk.34.proj.weight                   - [   256,   1536,      1,      1], type =   bf16, converting to q4_K .. size =     0.75 MiB ->     0.21 MiB
llama_model_quantize_impl: model size  =  8864.87 MiB (16.00 BPW)
llama_model_quantize_impl: quant size  =  3253.99 MiB (5.87 BPW)

llama_quantize: quantize time = 186885.24 ms
llama_quantize:    total time = 186885.24 ms
[prepare] done: ./models/gemma4-e2b/gemma4-e2b-Q4_K_M.gguf size=3.2G time=188s
[prepare] quantizing: ./models/gemma4-e2b/google_gemma-4-E2B-it-bf16.gguf -> ./models/gemma4-e2b/gemma4-e2b-Q4_0.gguf (Q4_0)
load_backend: loaded BLAS backend from /opt/homebrew/Cellar/ggml/0.13.1/libexec/libggml-blas.so
ggml_metal_device_init: tensor API disabled for pre-M5 and pre-A19 devices
ggml_metal_library_init: using embedded metal library
ggml_metal_library_init: loaded in 0.032 sec
ggml_metal_rsets_init: creating a residency set collection (keep_alive = 180 s)
ggml_metal_device_init: GPU name:   MTL0 (Apple M4)
ggml_metal_device_init: GPU family: MTLGPUFamilyApple9  (1009)
ggml_metal_device_init: GPU family: MTLGPUFamilyCommon3 (3003)
ggml_metal_device_init: GPU family: MTLGPUFamilyMetal4  (5002)
ggml_metal_device_init: simdgroup reduction   = true
ggml_metal_device_init: simdgroup matrix mul. = true
ggml_metal_device_init: has unified memory    = true
ggml_metal_device_init: has bfloat            = true
ggml_metal_device_init: has tensor            = false
ggml_metal_device_init: use residency sets    = true
ggml_metal_device_init: use shared buffers    = true
ggml_metal_device_init: recommendedMaxWorkingSetSize  = 12713.12 MB
load_backend: loaded MTL backend from /opt/homebrew/Cellar/ggml/0.13.1/libexec/libggml-metal.so
load_backend: loaded CPU backend from /opt/homebrew/Cellar/ggml/0.13.1/libexec/libggml-cpu-apple_m4.so
llama_print_build_info: build = 9430 (d48a56eff)
llama_print_build_info: built with AppleClang 21.0.0.21000099 for Darwin arm64
llama_quantize: quantizing './models/gemma4-e2b/google_gemma-4-E2B-it-bf16.gguf' to './models/gemma4-e2b/gemma4-e2b-Q4_0.gguf.incomplete' as Q4_0
llama_model_loader: loaded meta data with 45 key-value pairs and 601 tensors from ./models/gemma4-e2b/google_gemma-4-E2B-it-bf16.gguf (version GGUF V3 (latest))
llama_model_loader: Dumping metadata keys/values. Note: KV overrides do not apply in this output.
llama_model_loader: - kv   0:                       general.architecture str              = gemma4
llama_model_loader: - kv   1:                               general.type str              = model
llama_model_loader: - kv   2:                     general.sampling.top_k i32              = 64
llama_model_loader: - kv   3:                     general.sampling.top_p f32              = 0.950000
llama_model_loader: - kv   4:                      general.sampling.temp f32              = 1.000000
llama_model_loader: - kv   5:                               general.name str              = Gemma 4 E2B It
llama_model_loader: - kv   6:                         general.size_label str              = 4.6B
llama_model_loader: - kv   7:                            general.license str              = apache-2.0
llama_model_loader: - kv   8:                       general.license.link str              = https://ai.google.dev/gemma/docs/gemm...
llama_model_loader: - kv   9:                               general.tags arr[str,1]       = ["any-to-any"]
llama_model_loader: - kv  10:                         gemma4.block_count u32              = 35
llama_model_loader: - kv  11:                      gemma4.context_length u32              = 131072
llama_model_loader: - kv  12:                    gemma4.embedding_length u32              = 1536
llama_model_loader: - kv  13:                 gemma4.feed_forward_length arr[i32,35]      = [6144, 6144, 6144, 6144, 6144, 6144, ...
llama_model_loader: - kv  14:                gemma4.attention.head_count u32              = 8
llama_model_loader: - kv  15:             gemma4.attention.head_count_kv u32              = 1
llama_model_loader: - kv  16:                      gemma4.rope.freq_base f32              = 1000000.000000
llama_model_loader: - kv  17:                  gemma4.rope.freq_base_swa f32              = 10000.000000
llama_model_loader: - kv  18:    gemma4.attention.layer_norm_rms_epsilon f32              = 0.000001
llama_model_loader: - kv  19:                gemma4.attention.key_length u32              = 512
llama_model_loader: - kv  20:              gemma4.attention.value_length u32              = 512
llama_model_loader: - kv  21:                          general.file_type u32              = 32
llama_model_loader: - kv  22:             gemma4.final_logit_softcapping f32              = 30.000000
llama_model_loader: - kv  23:            gemma4.attention.sliding_window u32              = 512
llama_model_loader: - kv  24:          gemma4.attention.shared_kv_layers u32              = 20
llama_model_loader: - kv  25:    gemma4.embedding_length_per_layer_input u32              = 256
llama_model_loader: - kv  26:    gemma4.attention.sliding_window_pattern arr[bool,35]     = [true, true, true, true, false, true,...
llama_model_loader: - kv  27:            gemma4.attention.key_length_swa u32              = 256
llama_model_loader: - kv  28:          gemma4.attention.value_length_swa u32              = 256
llama_model_loader: - kv  29:                gemma4.rope.dimension_count u32              = 512
llama_model_loader: - kv  30:            gemma4.rope.dimension_count_swa u32              = 256
llama_model_loader: - kv  31:               general.quantization_version u32              = 2
llama_model_loader: - kv  32:                       tokenizer.ggml.model str              = gemma4
llama_model_loader: - kv  33:                      tokenizer.ggml.tokens arr[str,262144]  = ["<pad>", "<eos>", "<bos>", "<unk>", ...
llama_model_loader: - kv  34:                      tokenizer.ggml.scores arr[f32,262144]  = [-1000.000000, -1000.000000, -1000.00...
llama_model_loader: - kv  35:                  tokenizer.ggml.token_type arr[i32,262144]  = [3, 3, 3, 3, 3, 1, 1, 1, 1, 1, 1, 1, ...
llama_model_loader: - kv  36:                      tokenizer.ggml.merges arr[str,514906]  = ["\n\n\n\n\n\n\n\n\n\n\n\n\n\n\n\n\n\n\n\n\n\n\n\n\n\n\n\n\n\n \n", ...
llama_model_loader: - kv  37:                tokenizer.ggml.bos_token_id u32              = 2
llama_model_loader: - kv  38:                tokenizer.ggml.eos_token_id u32              = 1
llama_model_loader: - kv  39:            tokenizer.ggml.unknown_token_id u32              = 3
llama_model_loader: - kv  40:            tokenizer.ggml.padding_token_id u32              = 0
llama_model_loader: - kv  41:               tokenizer.ggml.mask_token_id u32              = 4
llama_model_loader: - kv  42:            tokenizer.ggml.add_space_prefix bool             = false
llama_model_loader: - kv  43:               tokenizer.ggml.add_bos_token bool             = true
llama_model_loader: - kv  44:                    tokenizer.chat_template str              = {%- macro format_parameters(propertie...
llama_model_loader: - type  f32:  283 tensors
llama_model_loader: - type bf16:  318 tensors
[   1/ 601] output_norm.weight                   - [  1536,      1,      1,      1], type =    f32, size =    0.006 MiB
[   2/ 601] per_layer_model_proj.weight          - [  1536,   8960,      1,      1], type =   bf16, size =   26.250 MiB
[   3/ 601] per_layer_proj_norm.weight           - [   256,      1,      1,      1], type =    f32, size =    0.001 MiB
[   4/ 601] per_layer_token_embd.weight          - [  8960, 262144,      1,      1], type =   bf16, converting to q6_K .. size =  4480.00 MiB ->  1837.50 MiB
[   5/ 601] rope_freqs.weight                    - [   256,      1,      1,      1], type =    f32, size =    0.001 MiB
[   6/ 601] token_embd.weight                    - [  1536, 262144,      1,      1], type =   bf16, converting to q6_K .. size =   768.00 MiB ->   315.00 MiB
[   7/ 601] blk.0.attn_k.weight                  - [  1536,    256,      1,      1], type =   bf16, converting to q4_0 .. size =     0.75 MiB ->     0.21 MiB
[   8/ 601] blk.0.attn_k_norm.weight             - [   256,      1,      1,      1], type =    f32, size =    0.001 MiB
[   9/ 601] blk.0.attn_norm.weight               - [  1536,      1,      1,      1], type =    f32, size =    0.006 MiB
[  10/ 601] blk.0.attn_output.weight             - [  2048,   1536,      1,      1], type =   bf16, converting to q4_0 .. size =     6.00 MiB ->     1.69 MiB
[  11/ 601] blk.0.attn_q.weight                  - [  1536,   2048,      1,      1], type =   bf16, converting to q4_0 .. size =     6.00 MiB ->     1.69 MiB
[  12/ 601] blk.0.attn_q_norm.weight             - [   256,      1,      1,      1], type =    f32, size =    0.001 MiB
[  13/ 601] blk.0.attn_v.weight                  - [  1536,    256,      1,      1], type =   bf16, converting to q4_0 .. size =     0.75 MiB ->     0.21 MiB
[  14/ 601] blk.0.ffn_down.weight                - [  6144,   1536,      1,      1], type =   bf16, converting to q4_0 .. size =    18.00 MiB ->     5.06 MiB
[  15/ 601] blk.0.ffn_gate.weight                - [  1536,   6144,      1,      1], type =   bf16, converting to q4_0 .. size =    18.00 MiB ->     5.06 MiB
[  16/ 601] blk.0.ffn_norm.weight                - [  1536,      1,      1,      1], type =    f32, size =    0.006 MiB
[  17/ 601] blk.0.ffn_up.weight                  - [  1536,   6144,      1,      1], type =   bf16, converting to q4_0 .. size =    18.00 MiB ->     5.06 MiB
[  18/ 601] blk.0.inp_gate.weight                - [  1536,    256,      1,      1], type =   bf16, converting to q4_0 .. size =     0.75 MiB ->     0.21 MiB
[  19/ 601] blk.0.layer_output_scale.weight      - [     1,      1,      1,      1], type =    f32, size =    0.000 MiB
[  20/ 601] blk.0.post_attention_norm.weight     - [  1536,      1,      1,      1], type =    f32, size =    0.006 MiB
[  21/ 601] blk.0.post_ffw_norm.weight           - [  1536,      1,      1,      1], type =    f32, size =    0.006 MiB
[  22/ 601] blk.0.post_norm.weight               - [  1536,      1,      1,      1], type =    f32, size =    0.006 MiB
[  23/ 601] blk.0.proj.weight                    - [   256,   1536,      1,      1], type =   bf16, converting to q4_0 .. size =     0.75 MiB ->     0.21 MiB
[  24/ 601] blk.1.attn_k.weight                  - [  1536,    256,      1,      1], type =   bf16, converting to q4_0 .. size =     0.75 MiB ->     0.21 MiB
[  25/ 601] blk.1.attn_k_norm.weight             - [   256,      1,      1,      1], type =    f32, size =    0.001 MiB
[  26/ 601] blk.1.attn_norm.weight               - [  1536,      1,      1,      1], type =    f32, size =    0.006 MiB
[  27/ 601] blk.1.attn_output.weight             - [  2048,   1536,      1,      1], type =   bf16, converting to q4_0 .. size =     6.00 MiB ->     1.69 MiB
[  28/ 601] blk.1.attn_q.weight                  - [  1536,   2048,      1,      1], type =   bf16, converting to q4_0 .. size =     6.00 MiB ->     1.69 MiB
[  29/ 601] blk.1.attn_q_norm.weight             - [   256,      1,      1,      1], type =    f32, size =    0.001 MiB
[  30/ 601] blk.1.attn_v.weight                  - [  1536,    256,      1,      1], type =   bf16, converting to q4_0 .. size =     0.75 MiB ->     0.21 MiB
[  31/ 601] blk.1.ffn_down.weight                - [  6144,   1536,      1,      1], type =   bf16, converting to q4_0 .. size =    18.00 MiB ->     5.06 MiB
[  32/ 601] blk.1.ffn_gate.weight                - [  1536,   6144,      1,      1], type =   bf16, converting to q4_0 .. size =    18.00 MiB ->     5.06 MiB
[  33/ 601] blk.1.ffn_norm.weight                - [  1536,      1,      1,      1], type =    f32, size =    0.006 MiB
[  34/ 601] blk.1.ffn_up.weight                  - [  1536,   6144,      1,      1], type =   bf16, converting to q4_0 .. size =    18.00 MiB ->     5.06 MiB
[  35/ 601] blk.1.inp_gate.weight                - [  1536,    256,      1,      1], type =   bf16, converting to q4_0 .. size =     0.75 MiB ->     0.21 MiB
[  36/ 601] blk.1.layer_output_scale.weight      - [     1,      1,      1,      1], type =    f32, size =    0.000 MiB
[  37/ 601] blk.1.post_attention_norm.weight     - [  1536,      1,      1,      1], type =    f32, size =    0.006 MiB
[  38/ 601] blk.1.post_ffw_norm.weight           - [  1536,      1,      1,      1], type =    f32, size =    0.006 MiB
[  39/ 601] blk.1.post_norm.weight               - [  1536,      1,      1,      1], type =    f32, size =    0.006 MiB
[  40/ 601] blk.1.proj.weight                    - [   256,   1536,      1,      1], type =   bf16, converting to q4_0 .. size =     0.75 MiB ->     0.21 MiB
[  41/ 601] blk.2.attn_k.weight                  - [  1536,    256,      1,      1], type =   bf16, converting to q4_0 .. size =     0.75 MiB ->     0.21 MiB
[  42/ 601] blk.2.attn_k_norm.weight             - [   256,      1,      1,      1], type =    f32, size =    0.001 MiB
[  43/ 601] blk.2.attn_norm.weight               - [  1536,      1,      1,      1], type =    f32, size =    0.006 MiB
[  44/ 601] blk.2.attn_output.weight             - [  2048,   1536,      1,      1], type =   bf16, converting to q4_0 .. size =     6.00 MiB ->     1.69 MiB
[  45/ 601] blk.2.attn_q.weight                  - [  1536,   2048,      1,      1], type =   bf16, converting to q4_0 .. size =     6.00 MiB ->     1.69 MiB
[  46/ 601] blk.2.attn_q_norm.weight             - [   256,      1,      1,      1], type =    f32, size =    0.001 MiB
[  47/ 601] blk.2.attn_v.weight                  - [  1536,    256,      1,      1], type =   bf16, converting to q4_0 .. size =     0.75 MiB ->     0.21 MiB
[  48/ 601] blk.2.ffn_down.weight                - [  6144,   1536,      1,      1], type =   bf16, converting to q4_0 .. size =    18.00 MiB ->     5.06 MiB
[  49/ 601] blk.2.ffn_gate.weight                - [  1536,   6144,      1,      1], type =   bf16, converting to q4_0 .. size =    18.00 MiB ->     5.06 MiB
[  50/ 601] blk.2.ffn_norm.weight                - [  1536,      1,      1,      1], type =    f32, size =    0.006 MiB
[  51/ 601] blk.2.ffn_up.weight                  - [  1536,   6144,      1,      1], type =   bf16, converting to q4_0 .. size =    18.00 MiB ->     5.06 MiB
[  52/ 601] blk.2.inp_gate.weight                - [  1536,    256,      1,      1], type =   bf16, converting to q4_0 .. size =     0.75 MiB ->     0.21 MiB
[  53/ 601] blk.2.layer_output_scale.weight      - [     1,      1,      1,      1], type =    f32, size =    0.000 MiB
[  54/ 601] blk.2.post_attention_norm.weight     - [  1536,      1,      1,      1], type =    f32, size =    0.006 MiB
[  55/ 601] blk.2.post_ffw_norm.weight           - [  1536,      1,      1,      1], type =    f32, size =    0.006 MiB
[  56/ 601] blk.2.post_norm.weight               - [  1536,      1,      1,      1], type =    f32, size =    0.006 MiB
[  57/ 601] blk.2.proj.weight                    - [   256,   1536,      1,      1], type =   bf16, converting to q4_0 .. size =     0.75 MiB ->     0.21 MiB
[  58/ 601] blk.3.attn_k.weight                  - [  1536,    256,      1,      1], type =   bf16, converting to q4_0 .. size =     0.75 MiB ->     0.21 MiB
[  59/ 601] blk.3.attn_k_norm.weight             - [   256,      1,      1,      1], type =    f32, size =    0.001 MiB
[  60/ 601] blk.3.attn_norm.weight               - [  1536,      1,      1,      1], type =    f32, size =    0.006 MiB
[  61/ 601] blk.3.attn_output.weight             - [  2048,   1536,      1,      1], type =   bf16, converting to q4_0 .. size =     6.00 MiB ->     1.69 MiB
[  62/ 601] blk.3.attn_q.weight                  - [  1536,   2048,      1,      1], type =   bf16, converting to q4_0 .. size =     6.00 MiB ->     1.69 MiB
[  63/ 601] blk.3.attn_q_norm.weight             - [   256,      1,      1,      1], type =    f32, size =    0.001 MiB
[  64/ 601] blk.3.attn_v.weight                  - [  1536,    256,      1,      1], type =   bf16, converting to q4_0 .. size =     0.75 MiB ->     0.21 MiB
[  65/ 601] blk.3.ffn_down.weight                - [  6144,   1536,      1,      1], type =   bf16, converting to q4_0 .. size =    18.00 MiB ->     5.06 MiB
[  66/ 601] blk.3.ffn_gate.weight                - [  1536,   6144,      1,      1], type =   bf16, converting to q4_0 .. size =    18.00 MiB ->     5.06 MiB
[  67/ 601] blk.3.ffn_norm.weight                - [  1536,      1,      1,      1], type =    f32, size =    0.006 MiB
[  68/ 601] blk.3.ffn_up.weight                  - [  1536,   6144,      1,      1], type =   bf16, converting to q4_0 .. size =    18.00 MiB ->     5.06 MiB
[  69/ 601] blk.3.inp_gate.weight                - [  1536,    256,      1,      1], type =   bf16, converting to q4_0 .. size =     0.75 MiB ->     0.21 MiB
[  70/ 601] blk.3.layer_output_scale.weight      - [     1,      1,      1,      1], type =    f32, size =    0.000 MiB
[  71/ 601] blk.3.post_attention_norm.weight     - [  1536,      1,      1,      1], type =    f32, size =    0.006 MiB
[  72/ 601] blk.3.post_ffw_norm.weight           - [  1536,      1,      1,      1], type =    f32, size =    0.006 MiB
[  73/ 601] blk.3.post_norm.weight               - [  1536,      1,      1,      1], type =    f32, size =    0.006 MiB
[  74/ 601] blk.3.proj.weight                    - [   256,   1536,      1,      1], type =   bf16, converting to q4_0 .. size =     0.75 MiB ->     0.21 MiB
[  75/ 601] blk.4.attn_k.weight                  - [  1536,    512,      1,      1], type =   bf16, converting to q4_0 .. size =     1.50 MiB ->     0.42 MiB
[  76/ 601] blk.4.attn_k_norm.weight             - [   512,      1,      1,      1], type =    f32, size =    0.002 MiB
[  77/ 601] blk.4.attn_norm.weight               - [  1536,      1,      1,      1], type =    f32, size =    0.006 MiB
[  78/ 601] blk.4.attn_output.weight             - [  4096,   1536,      1,      1], type =   bf16, converting to q4_0 .. size =    12.00 MiB ->     3.38 MiB
[  79/ 601] blk.4.attn_q.weight                  - [  1536,   4096,      1,      1], type =   bf16, converting to q4_0 .. size =    12.00 MiB ->     3.38 MiB
[  80/ 601] blk.4.attn_q_norm.weight             - [   512,      1,      1,      1], type =    f32, size =    0.002 MiB
[  81/ 601] blk.4.attn_v.weight                  - [  1536,    512,      1,      1], type =   bf16, converting to q4_0 .. size =     1.50 MiB ->     0.42 MiB
[  82/ 601] blk.4.ffn_down.weight                - [  6144,   1536,      1,      1], type =   bf16, converting to q4_0 .. size =    18.00 MiB ->     5.06 MiB
[  83/ 601] blk.4.ffn_gate.weight                - [  1536,   6144,      1,      1], type =   bf16, converting to q4_0 .. size =    18.00 MiB ->     5.06 MiB
[  84/ 601] blk.4.ffn_norm.weight                - [  1536,      1,      1,      1], type =    f32, size =    0.006 MiB
[  85/ 601] blk.4.ffn_up.weight                  - [  1536,   6144,      1,      1], type =   bf16, converting to q4_0 .. size =    18.00 MiB ->     5.06 MiB
[  86/ 601] blk.4.inp_gate.weight                - [  1536,    256,      1,      1], type =   bf16, converting to q4_0 .. size =     0.75 MiB ->     0.21 MiB
[  87/ 601] blk.4.layer_output_scale.weight      - [     1,      1,      1,      1], type =    f32, size =    0.000 MiB
[  88/ 601] blk.4.post_attention_norm.weight     - [  1536,      1,      1,      1], type =    f32, size =    0.006 MiB
[  89/ 601] blk.4.post_ffw_norm.weight           - [  1536,      1,      1,      1], type =    f32, size =    0.006 MiB
[  90/ 601] blk.4.post_norm.weight               - [  1536,      1,      1,      1], type =    f32, size =    0.006 MiB
[  91/ 601] blk.4.proj.weight                    - [   256,   1536,      1,      1], type =   bf16, converting to q4_0 .. size =     0.75 MiB ->     0.21 MiB
[  92/ 601] blk.5.attn_k.weight                  - [  1536,    256,      1,      1], type =   bf16, converting to q4_0 .. size =     0.75 MiB ->     0.21 MiB
[  93/ 601] blk.5.attn_k_norm.weight             - [   256,      1,      1,      1], type =    f32, size =    0.001 MiB
[  94/ 601] blk.5.attn_norm.weight               - [  1536,      1,      1,      1], type =    f32, size =    0.006 MiB
[  95/ 601] blk.5.attn_output.weight             - [  2048,   1536,      1,      1], type =   bf16, converting to q4_0 .. size =     6.00 MiB ->     1.69 MiB
[  96/ 601] blk.5.attn_q.weight                  - [  1536,   2048,      1,      1], type =   bf16, converting to q4_0 .. size =     6.00 MiB ->     1.69 MiB
[  97/ 601] blk.5.attn_q_norm.weight             - [   256,      1,      1,      1], type =    f32, size =    0.001 MiB
[  98/ 601] blk.5.attn_v.weight                  - [  1536,    256,      1,      1], type =   bf16, converting to q4_0 .. size =     0.75 MiB ->     0.21 MiB
[  99/ 601] blk.5.ffn_down.weight                - [  6144,   1536,      1,      1], type =   bf16, converting to q4_0 .. size =    18.00 MiB ->     5.06 MiB
[ 100/ 601] blk.5.ffn_gate.weight                - [  1536,   6144,      1,      1], type =   bf16, converting to q4_0 .. size =    18.00 MiB ->     5.06 MiB
[ 101/ 601] blk.5.ffn_norm.weight                - [  1536,      1,      1,      1], type =    f32, size =    0.006 MiB
[ 102/ 601] blk.5.ffn_up.weight                  - [  1536,   6144,      1,      1], type =   bf16, converting to q4_0 .. size =    18.00 MiB ->     5.06 MiB
[ 103/ 601] blk.5.inp_gate.weight                - [  1536,    256,      1,      1], type =   bf16, converting to q4_0 .. size =     0.75 MiB ->     0.21 MiB
[ 104/ 601] blk.5.layer_output_scale.weight      - [     1,      1,      1,      1], type =    f32, size =    0.000 MiB
[ 105/ 601] blk.5.post_attention_norm.weight     - [  1536,      1,      1,      1], type =    f32, size =    0.006 MiB
[ 106/ 601] blk.5.post_ffw_norm.weight           - [  1536,      1,      1,      1], type =    f32, size =    0.006 MiB
[ 107/ 601] blk.5.post_norm.weight               - [  1536,      1,      1,      1], type =    f32, size =    0.006 MiB
[ 108/ 601] blk.5.proj.weight                    - [   256,   1536,      1,      1], type =   bf16, converting to q4_0 .. size =     0.75 MiB ->     0.21 MiB
[ 109/ 601] blk.6.attn_k.weight                  - [  1536,    256,      1,      1], type =   bf16, converting to q4_0 .. size =     0.75 MiB ->     0.21 MiB
[ 110/ 601] blk.6.attn_k_norm.weight             - [   256,      1,      1,      1], type =    f32, size =    0.001 MiB
[ 111/ 601] blk.6.attn_norm.weight               - [  1536,      1,      1,      1], type =    f32, size =    0.006 MiB
[ 112/ 601] blk.6.attn_output.weight             - [  2048,   1536,      1,      1], type =   bf16, converting to q4_0 .. size =     6.00 MiB ->     1.69 MiB
[ 113/ 601] blk.6.attn_q.weight                  - [  1536,   2048,      1,      1], type =   bf16, converting to q4_0 .. size =     6.00 MiB ->     1.69 MiB
[ 114/ 601] blk.6.attn_q_norm.weight             - [   256,      1,      1,      1], type =    f32, size =    0.001 MiB
[ 115/ 601] blk.6.attn_v.weight                  - [  1536,    256,      1,      1], type =   bf16, converting to q4_0 .. size =     0.75 MiB ->     0.21 MiB
[ 116/ 601] blk.6.ffn_down.weight                - [  6144,   1536,      1,      1], type =   bf16, converting to q4_0 .. size =    18.00 MiB ->     5.06 MiB
[ 117/ 601] blk.6.ffn_gate.weight                - [  1536,   6144,      1,      1], type =   bf16, converting to q4_0 .. size =    18.00 MiB ->     5.06 MiB
[ 118/ 601] blk.6.ffn_norm.weight                - [  1536,      1,      1,      1], type =    f32, size =    0.006 MiB
[ 119/ 601] blk.6.ffn_up.weight                  - [  1536,   6144,      1,      1], type =   bf16, converting to q4_0 .. size =    18.00 MiB ->     5.06 MiB
[ 120/ 601] blk.6.inp_gate.weight                - [  1536,    256,      1,      1], type =   bf16, converting to q4_0 .. size =     0.75 MiB ->     0.21 MiB
[ 121/ 601] blk.6.layer_output_scale.weight      - [     1,      1,      1,      1], type =    f32, size =    0.000 MiB
[ 122/ 601] blk.6.post_attention_norm.weight     - [  1536,      1,      1,      1], type =    f32, size =    0.006 MiB
[ 123/ 601] blk.6.post_ffw_norm.weight           - [  1536,      1,      1,      1], type =    f32, size =    0.006 MiB
[ 124/ 601] blk.6.post_norm.weight               - [  1536,      1,      1,      1], type =    f32, size =    0.006 MiB
[ 125/ 601] blk.6.proj.weight                    - [   256,   1536,      1,      1], type =   bf16, converting to q4_0 .. size =     0.75 MiB ->     0.21 MiB
[ 126/ 601] blk.7.attn_k.weight                  - [  1536,    256,      1,      1], type =   bf16, converting to q4_0 .. size =     0.75 MiB ->     0.21 MiB
[ 127/ 601] blk.7.attn_k_norm.weight             - [   256,      1,      1,      1], type =    f32, size =    0.001 MiB
[ 128/ 601] blk.7.attn_norm.weight               - [  1536,      1,      1,      1], type =    f32, size =    0.006 MiB
[ 129/ 601] blk.7.attn_output.weight             - [  2048,   1536,      1,      1], type =   bf16, converting to q4_0 .. size =     6.00 MiB ->     1.69 MiB
[ 130/ 601] blk.7.attn_q.weight                  - [  1536,   2048,      1,      1], type =   bf16, converting to q4_0 .. size =     6.00 MiB ->     1.69 MiB
[ 131/ 601] blk.7.attn_q_norm.weight             - [   256,      1,      1,      1], type =    f32, size =    0.001 MiB
[ 132/ 601] blk.7.attn_v.weight                  - [  1536,    256,      1,      1], type =   bf16, converting to q4_0 .. size =     0.75 MiB ->     0.21 MiB
[ 133/ 601] blk.7.ffn_down.weight                - [  6144,   1536,      1,      1], type =   bf16, converting to q4_0 .. size =    18.00 MiB ->     5.06 MiB
[ 134/ 601] blk.7.ffn_gate.weight                - [  1536,   6144,      1,      1], type =   bf16, converting to q4_0 .. size =    18.00 MiB ->     5.06 MiB
[ 135/ 601] blk.7.ffn_norm.weight                - [  1536,      1,      1,      1], type =    f32, size =    0.006 MiB
[ 136/ 601] blk.7.ffn_up.weight                  - [  1536,   6144,      1,      1], type =   bf16, converting to q4_0 .. size =    18.00 MiB ->     5.06 MiB
[ 137/ 601] blk.7.inp_gate.weight                - [  1536,    256,      1,      1], type =   bf16, converting to q4_0 .. size =     0.75 MiB ->     0.21 MiB
[ 138/ 601] blk.7.layer_output_scale.weight      - [     1,      1,      1,      1], type =    f32, size =    0.000 MiB
[ 139/ 601] blk.7.post_attention_norm.weight     - [  1536,      1,      1,      1], type =    f32, size =    0.006 MiB
[ 140/ 601] blk.7.post_ffw_norm.weight           - [  1536,      1,      1,      1], type =    f32, size =    0.006 MiB
[ 141/ 601] blk.7.post_norm.weight               - [  1536,      1,      1,      1], type =    f32, size =    0.006 MiB
[ 142/ 601] blk.7.proj.weight                    - [   256,   1536,      1,      1], type =   bf16, converting to q4_0 .. size =     0.75 MiB ->     0.21 MiB
[ 143/ 601] blk.8.attn_k.weight                  - [  1536,    256,      1,      1], type =   bf16, converting to q4_0 .. size =     0.75 MiB ->     0.21 MiB
[ 144/ 601] blk.8.attn_k_norm.weight             - [   256,      1,      1,      1], type =    f32, size =    0.001 MiB
[ 145/ 601] blk.8.attn_norm.weight               - [  1536,      1,      1,      1], type =    f32, size =    0.006 MiB
[ 146/ 601] blk.8.attn_output.weight             - [  2048,   1536,      1,      1], type =   bf16, converting to q4_0 .. size =     6.00 MiB ->     1.69 MiB
[ 147/ 601] blk.8.attn_q.weight                  - [  1536,   2048,      1,      1], type =   bf16, converting to q4_0 .. size =     6.00 MiB ->     1.69 MiB
[ 148/ 601] blk.8.attn_q_norm.weight             - [   256,      1,      1,      1], type =    f32, size =    0.001 MiB
[ 149/ 601] blk.8.attn_v.weight                  - [  1536,    256,      1,      1], type =   bf16, converting to q4_0 .. size =     0.75 MiB ->     0.21 MiB
[ 150/ 601] blk.8.ffn_down.weight                - [  6144,   1536,      1,      1], type =   bf16, converting to q4_0 .. size =    18.00 MiB ->     5.06 MiB
[ 151/ 601] blk.8.ffn_gate.weight                - [  1536,   6144,      1,      1], type =   bf16, converting to q4_0 .. size =    18.00 MiB ->     5.06 MiB
[ 152/ 601] blk.8.ffn_norm.weight                - [  1536,      1,      1,      1], type =    f32, size =    0.006 MiB
[ 153/ 601] blk.8.ffn_up.weight                  - [  1536,   6144,      1,      1], type =   bf16, converting to q4_0 .. size =    18.00 MiB ->     5.06 MiB
[ 154/ 601] blk.8.inp_gate.weight                - [  1536,    256,      1,      1], type =   bf16, converting to q4_0 .. size =     0.75 MiB ->     0.21 MiB
[ 155/ 601] blk.8.layer_output_scale.weight      - [     1,      1,      1,      1], type =    f32, size =    0.000 MiB
[ 156/ 601] blk.8.post_attention_norm.weight     - [  1536,      1,      1,      1], type =    f32, size =    0.006 MiB
[ 157/ 601] blk.8.post_ffw_norm.weight           - [  1536,      1,      1,      1], type =    f32, size =    0.006 MiB
[ 158/ 601] blk.8.post_norm.weight               - [  1536,      1,      1,      1], type =    f32, size =    0.006 MiB
[ 159/ 601] blk.8.proj.weight                    - [   256,   1536,      1,      1], type =   bf16, converting to q4_0 .. size =     0.75 MiB ->     0.21 MiB
[ 160/ 601] blk.9.attn_k.weight                  - [  1536,    512,      1,      1], type =   bf16, converting to q4_0 .. size =     1.50 MiB ->     0.42 MiB
[ 161/ 601] blk.9.attn_k_norm.weight             - [   512,      1,      1,      1], type =    f32, size =    0.002 MiB
[ 162/ 601] blk.9.attn_norm.weight               - [  1536,      1,      1,      1], type =    f32, size =    0.006 MiB
[ 163/ 601] blk.9.attn_output.weight             - [  4096,   1536,      1,      1], type =   bf16, converting to q4_0 .. size =    12.00 MiB ->     3.38 MiB
[ 164/ 601] blk.9.attn_q.weight                  - [  1536,   4096,      1,      1], type =   bf16, converting to q4_0 .. size =    12.00 MiB ->     3.38 MiB
[ 165/ 601] blk.9.attn_q_norm.weight             - [   512,      1,      1,      1], type =    f32, size =    0.002 MiB
[ 166/ 601] blk.9.attn_v.weight                  - [  1536,    512,      1,      1], type =   bf16, converting to q4_0 .. size =     1.50 MiB ->     0.42 MiB
[ 167/ 601] blk.9.ffn_down.weight                - [  6144,   1536,      1,      1], type =   bf16, converting to q4_0 .. size =    18.00 MiB ->     5.06 MiB
[ 168/ 601] blk.9.ffn_gate.weight                - [  1536,   6144,      1,      1], type =   bf16, converting to q4_0 .. size =    18.00 MiB ->     5.06 MiB
[ 169/ 601] blk.9.ffn_norm.weight                - [  1536,      1,      1,      1], type =    f32, size =    0.006 MiB
[ 170/ 601] blk.9.ffn_up.weight                  - [  1536,   6144,      1,      1], type =   bf16, converting to q4_0 .. size =    18.00 MiB ->     5.06 MiB
[ 171/ 601] blk.9.inp_gate.weight                - [  1536,    256,      1,      1], type =   bf16, converting to q4_0 .. size =     0.75 MiB ->     0.21 MiB
[ 172/ 601] blk.9.layer_output_scale.weight      - [     1,      1,      1,      1], type =    f32, size =    0.000 MiB
[ 173/ 601] blk.9.post_attention_norm.weight     - [  1536,      1,      1,      1], type =    f32, size =    0.006 MiB
[ 174/ 601] blk.9.post_ffw_norm.weight           - [  1536,      1,      1,      1], type =    f32, size =    0.006 MiB
[ 175/ 601] blk.9.post_norm.weight               - [  1536,      1,      1,      1], type =    f32, size =    0.006 MiB
[ 176/ 601] blk.9.proj.weight                    - [   256,   1536,      1,      1], type =   bf16, converting to q4_0 .. size =     0.75 MiB ->     0.21 MiB
[ 177/ 601] blk.10.attn_k.weight                 - [  1536,    256,      1,      1], type =   bf16, converting to q4_0 .. size =     0.75 MiB ->     0.21 MiB
[ 178/ 601] blk.10.attn_k_norm.weight            - [   256,      1,      1,      1], type =    f32, size =    0.001 MiB
[ 179/ 601] blk.10.attn_norm.weight              - [  1536,      1,      1,      1], type =    f32, size =    0.006 MiB
[ 180/ 601] blk.10.attn_output.weight            - [  2048,   1536,      1,      1], type =   bf16, converting to q4_0 .. size =     6.00 MiB ->     1.69 MiB
[ 181/ 601] blk.10.attn_q.weight                 - [  1536,   2048,      1,      1], type =   bf16, converting to q4_0 .. size =     6.00 MiB ->     1.69 MiB
[ 182/ 601] blk.10.attn_q_norm.weight            - [   256,      1,      1,      1], type =    f32, size =    0.001 MiB
[ 183/ 601] blk.10.attn_v.weight                 - [  1536,    256,      1,      1], type =   bf16, converting to q4_0 .. size =     0.75 MiB ->     0.21 MiB
[ 184/ 601] blk.10.ffn_down.weight               - [  6144,   1536,      1,      1], type =   bf16, converting to q4_0 .. size =    18.00 MiB ->     5.06 MiB
[ 185/ 601] blk.10.ffn_gate.weight               - [  1536,   6144,      1,      1], type =   bf16, converting to q4_0 .. size =    18.00 MiB ->     5.06 MiB
[ 186/ 601] blk.10.ffn_norm.weight               - [  1536,      1,      1,      1], type =    f32, size =    0.006 MiB
[ 187/ 601] blk.10.ffn_up.weight                 - [  1536,   6144,      1,      1], type =   bf16, converting to q4_0 .. size =    18.00 MiB ->     5.06 MiB
[ 188/ 601] blk.10.inp_gate.weight               - [  1536,    256,      1,      1], type =   bf16, converting to q4_0 .. size =     0.75 MiB ->     0.21 MiB
[ 189/ 601] blk.10.layer_output_scale.weight     - [     1,      1,      1,      1], type =    f32, size =    0.000 MiB
[ 190/ 601] blk.10.post_attention_norm.weight    - [  1536,      1,      1,      1], type =    f32, size =    0.006 MiB
[ 191/ 601] blk.10.post_ffw_norm.weight          - [  1536,      1,      1,      1], type =    f32, size =    0.006 MiB
[ 192/ 601] blk.10.post_norm.weight              - [  1536,      1,      1,      1], type =    f32, size =    0.006 MiB
[ 193/ 601] blk.10.proj.weight                   - [   256,   1536,      1,      1], type =   bf16, converting to q4_0 .. size =     0.75 MiB ->     0.21 MiB
[ 194/ 601] blk.11.attn_k.weight                 - [  1536,    256,      1,      1], type =   bf16, converting to q4_0 .. size =     0.75 MiB ->     0.21 MiB
[ 195/ 601] blk.11.attn_k_norm.weight            - [   256,      1,      1,      1], type =    f32, size =    0.001 MiB
[ 196/ 601] blk.11.attn_norm.weight              - [  1536,      1,      1,      1], type =    f32, size =    0.006 MiB
[ 197/ 601] blk.11.attn_output.weight            - [  2048,   1536,      1,      1], type =   bf16, converting to q4_0 .. size =     6.00 MiB ->     1.69 MiB
[ 198/ 601] blk.11.attn_q.weight                 - [  1536,   2048,      1,      1], type =   bf16, converting to q4_0 .. size =     6.00 MiB ->     1.69 MiB
[ 199/ 601] blk.11.attn_q_norm.weight            - [   256,      1,      1,      1], type =    f32, size =    0.001 MiB
[ 200/ 601] blk.11.attn_v.weight                 - [  1536,    256,      1,      1], type =   bf16, converting to q4_0 .. size =     0.75 MiB ->     0.21 MiB
[ 201/ 601] blk.11.ffn_down.weight               - [  6144,   1536,      1,      1], type =   bf16, converting to q4_0 .. size =    18.00 MiB ->     5.06 MiB
[ 202/ 601] blk.11.ffn_gate.weight               - [  1536,   6144,      1,      1], type =   bf16, converting to q4_0 .. size =    18.00 MiB ->     5.06 MiB
[ 203/ 601] blk.11.ffn_norm.weight               - [  1536,      1,      1,      1], type =    f32, size =    0.006 MiB
[ 204/ 601] blk.11.ffn_up.weight                 - [  1536,   6144,      1,      1], type =   bf16, converting to q4_0 .. size =    18.00 MiB ->     5.06 MiB
[ 205/ 601] blk.11.inp_gate.weight               - [  1536,    256,      1,      1], type =   bf16, converting to q4_0 .. size =     0.75 MiB ->     0.21 MiB
[ 206/ 601] blk.11.layer_output_scale.weight     - [     1,      1,      1,      1], type =    f32, size =    0.000 MiB
[ 207/ 601] blk.11.post_attention_norm.weight    - [  1536,      1,      1,      1], type =    f32, size =    0.006 MiB
[ 208/ 601] blk.11.post_ffw_norm.weight          - [  1536,      1,      1,      1], type =    f32, size =    0.006 MiB
[ 209/ 601] blk.11.post_norm.weight              - [  1536,      1,      1,      1], type =    f32, size =    0.006 MiB
[ 210/ 601] blk.11.proj.weight                   - [   256,   1536,      1,      1], type =   bf16, converting to q4_0 .. size =     0.75 MiB ->     0.21 MiB
[ 211/ 601] blk.12.attn_k.weight                 - [  1536,    256,      1,      1], type =   bf16, converting to q4_0 .. size =     0.75 MiB ->     0.21 MiB
[ 212/ 601] blk.12.attn_k_norm.weight            - [   256,      1,      1,      1], type =    f32, size =    0.001 MiB
[ 213/ 601] blk.12.attn_norm.weight              - [  1536,      1,      1,      1], type =    f32, size =    0.006 MiB
[ 214/ 601] blk.12.attn_output.weight            - [  2048,   1536,      1,      1], type =   bf16, converting to q4_0 .. size =     6.00 MiB ->     1.69 MiB
[ 215/ 601] blk.12.attn_q.weight                 - [  1536,   2048,      1,      1], type =   bf16, converting to q4_0 .. size =     6.00 MiB ->     1.69 MiB
[ 216/ 601] blk.12.attn_q_norm.weight            - [   256,      1,      1,      1], type =    f32, size =    0.001 MiB
[ 217/ 601] blk.12.attn_v.weight                 - [  1536,    256,      1,      1], type =   bf16, converting to q4_0 .. size =     0.75 MiB ->     0.21 MiB
[ 218/ 601] blk.12.ffn_down.weight               - [  6144,   1536,      1,      1], type =   bf16, converting to q4_0 .. size =    18.00 MiB ->     5.06 MiB
[ 219/ 601] blk.12.ffn_gate.weight               - [  1536,   6144,      1,      1], type =   bf16, converting to q4_0 .. size =    18.00 MiB ->     5.06 MiB
[ 220/ 601] blk.12.ffn_norm.weight               - [  1536,      1,      1,      1], type =    f32, size =    0.006 MiB
[ 221/ 601] blk.12.ffn_up.weight                 - [  1536,   6144,      1,      1], type =   bf16, converting to q4_0 .. size =    18.00 MiB ->     5.06 MiB
[ 222/ 601] blk.12.inp_gate.weight               - [  1536,    256,      1,      1], type =   bf16, converting to q4_0 .. size =     0.75 MiB ->     0.21 MiB
[ 223/ 601] blk.12.layer_output_scale.weight     - [     1,      1,      1,      1], type =    f32, size =    0.000 MiB
[ 224/ 601] blk.12.post_attention_norm.weight    - [  1536,      1,      1,      1], type =    f32, size =    0.006 MiB
[ 225/ 601] blk.12.post_ffw_norm.weight          - [  1536,      1,      1,      1], type =    f32, size =    0.006 MiB
[ 226/ 601] blk.12.post_norm.weight              - [  1536,      1,      1,      1], type =    f32, size =    0.006 MiB
[ 227/ 601] blk.12.proj.weight                   - [   256,   1536,      1,      1], type =   bf16, converting to q4_0 .. size =     0.75 MiB ->     0.21 MiB
[ 228/ 601] blk.13.attn_k.weight                 - [  1536,    256,      1,      1], type =   bf16, converting to q4_0 .. size =     0.75 MiB ->     0.21 MiB
[ 229/ 601] blk.13.attn_k_norm.weight            - [   256,      1,      1,      1], type =    f32, size =    0.001 MiB
[ 230/ 601] blk.13.attn_norm.weight              - [  1536,      1,      1,      1], type =    f32, size =    0.006 MiB
[ 231/ 601] blk.13.attn_output.weight            - [  2048,   1536,      1,      1], type =   bf16, converting to q4_0 .. size =     6.00 MiB ->     1.69 MiB
[ 232/ 601] blk.13.attn_q.weight                 - [  1536,   2048,      1,      1], type =   bf16, converting to q4_0 .. size =     6.00 MiB ->     1.69 MiB
[ 233/ 601] blk.13.attn_q_norm.weight            - [   256,      1,      1,      1], type =    f32, size =    0.001 MiB
[ 234/ 601] blk.13.attn_v.weight                 - [  1536,    256,      1,      1], type =   bf16, converting to q4_0 .. size =     0.75 MiB ->     0.21 MiB
[ 235/ 601] blk.13.ffn_down.weight               - [  6144,   1536,      1,      1], type =   bf16, converting to q4_0 .. size =    18.00 MiB ->     5.06 MiB
[ 236/ 601] blk.13.ffn_gate.weight               - [  1536,   6144,      1,      1], type =   bf16, converting to q4_0 .. size =    18.00 MiB ->     5.06 MiB
[ 237/ 601] blk.13.ffn_norm.weight               - [  1536,      1,      1,      1], type =    f32, size =    0.006 MiB
[ 238/ 601] blk.13.ffn_up.weight                 - [  1536,   6144,      1,      1], type =   bf16, converting to q4_0 .. size =    18.00 MiB ->     5.06 MiB
[ 239/ 601] blk.13.inp_gate.weight               - [  1536,    256,      1,      1], type =   bf16, converting to q4_0 .. size =     0.75 MiB ->     0.21 MiB
[ 240/ 601] blk.13.layer_output_scale.weight     - [     1,      1,      1,      1], type =    f32, size =    0.000 MiB
[ 241/ 601] blk.13.post_attention_norm.weight    - [  1536,      1,      1,      1], type =    f32, size =    0.006 MiB
[ 242/ 601] blk.13.post_ffw_norm.weight          - [  1536,      1,      1,      1], type =    f32, size =    0.006 MiB
[ 243/ 601] blk.13.post_norm.weight              - [  1536,      1,      1,      1], type =    f32, size =    0.006 MiB
[ 244/ 601] blk.13.proj.weight                   - [   256,   1536,      1,      1], type =   bf16, converting to q4_0 .. size =     0.75 MiB ->     0.21 MiB
[ 245/ 601] blk.14.attn_k.weight                 - [  1536,    512,      1,      1], type =   bf16, converting to q4_0 .. size =     1.50 MiB ->     0.42 MiB
[ 246/ 601] blk.14.attn_k_norm.weight            - [   512,      1,      1,      1], type =    f32, size =    0.002 MiB
[ 247/ 601] blk.14.attn_norm.weight              - [  1536,      1,      1,      1], type =    f32, size =    0.006 MiB
[ 248/ 601] blk.14.attn_output.weight            - [  4096,   1536,      1,      1], type =   bf16, converting to q4_0 .. size =    12.00 MiB ->     3.38 MiB
[ 249/ 601] blk.14.attn_q.weight                 - [  1536,   4096,      1,      1], type =   bf16, converting to q4_0 .. size =    12.00 MiB ->     3.38 MiB
[ 250/ 601] blk.14.attn_q_norm.weight            - [   512,      1,      1,      1], type =    f32, size =    0.002 MiB
[ 251/ 601] blk.14.attn_v.weight                 - [  1536,    512,      1,      1], type =   bf16, converting to q4_0 .. size =     1.50 MiB ->     0.42 MiB
[ 252/ 601] blk.14.ffn_down.weight               - [  6144,   1536,      1,      1], type =   bf16, converting to q4_0 .. size =    18.00 MiB ->     5.06 MiB
[ 253/ 601] blk.14.ffn_gate.weight               - [  1536,   6144,      1,      1], type =   bf16, converting to q4_0 .. size =    18.00 MiB ->     5.06 MiB
[ 254/ 601] blk.14.ffn_norm.weight               - [  1536,      1,      1,      1], type =    f32, size =    0.006 MiB
[ 255/ 601] blk.14.ffn_up.weight                 - [  1536,   6144,      1,      1], type =   bf16, converting to q4_0 .. size =    18.00 MiB ->     5.06 MiB
[ 256/ 601] blk.14.inp_gate.weight               - [  1536,    256,      1,      1], type =   bf16, converting to q4_0 .. size =     0.75 MiB ->     0.21 MiB
[ 257/ 601] blk.14.layer_output_scale.weight     - [     1,      1,      1,      1], type =    f32, size =    0.000 MiB
[ 258/ 601] blk.14.post_attention_norm.weight    - [  1536,      1,      1,      1], type =    f32, size =    0.006 MiB
[ 259/ 601] blk.14.post_ffw_norm.weight          - [  1536,      1,      1,      1], type =    f32, size =    0.006 MiB
[ 260/ 601] blk.14.post_norm.weight              - [  1536,      1,      1,      1], type =    f32, size =    0.006 MiB
[ 261/ 601] blk.14.proj.weight                   - [   256,   1536,      1,      1], type =   bf16, converting to q4_0 .. size =     0.75 MiB ->     0.21 MiB
[ 262/ 601] blk.15.attn_k.weight                 - [  1536,    256,      1,      1], type =   bf16, converting to q4_0 .. size =     0.75 MiB ->     0.21 MiB
[ 263/ 601] blk.15.attn_k_norm.weight            - [   256,      1,      1,      1], type =    f32, size =    0.001 MiB
[ 264/ 601] blk.15.attn_norm.weight              - [  1536,      1,      1,      1], type =    f32, size =    0.006 MiB
[ 265/ 601] blk.15.attn_output.weight            - [  2048,   1536,      1,      1], type =   bf16, converting to q4_0 .. size =     6.00 MiB ->     1.69 MiB
[ 266/ 601] blk.15.attn_q.weight                 - [  1536,   2048,      1,      1], type =   bf16, converting to q4_0 .. size =     6.00 MiB ->     1.69 MiB
[ 267/ 601] blk.15.attn_q_norm.weight            - [   256,      1,      1,      1], type =    f32, size =    0.001 MiB
[ 268/ 601] blk.15.attn_v.weight                 - [  1536,    256,      1,      1], type =   bf16, converting to q4_0 .. size =     0.75 MiB ->     0.21 MiB
[ 269/ 601] blk.15.ffn_down.weight               - [ 12288,   1536,      1,      1], type =   bf16, converting to q4_0 .. size =    36.00 MiB ->    10.12 MiB
[ 270/ 601] blk.15.ffn_gate.weight               - [  1536,  12288,      1,      1], type =   bf16, converting to q4_0 .. size =    36.00 MiB ->    10.12 MiB
[ 271/ 601] blk.15.ffn_norm.weight               - [  1536,      1,      1,      1], type =    f32, size =    0.006 MiB
[ 272/ 601] blk.15.ffn_up.weight                 - [  1536,  12288,      1,      1], type =   bf16, converting to q4_0 .. size =    36.00 MiB ->    10.12 MiB
[ 273/ 601] blk.15.inp_gate.weight               - [  1536,    256,      1,      1], type =   bf16, converting to q4_0 .. size =     0.75 MiB ->     0.21 MiB
[ 274/ 601] blk.15.layer_output_scale.weight     - [     1,      1,      1,      1], type =    f32, size =    0.000 MiB
[ 275/ 601] blk.15.post_attention_norm.weight    - [  1536,      1,      1,      1], type =    f32, size =    0.006 MiB
[ 276/ 601] blk.15.post_ffw_norm.weight          - [  1536,      1,      1,      1], type =    f32, size =    0.006 MiB
[ 277/ 601] blk.15.post_norm.weight              - [  1536,      1,      1,      1], type =    f32, size =    0.006 MiB
[ 278/ 601] blk.15.proj.weight                   - [   256,   1536,      1,      1], type =   bf16, converting to q4_0 .. size =     0.75 MiB ->     0.21 MiB
[ 279/ 601] blk.16.attn_k.weight                 - [  1536,    256,      1,      1], type =   bf16, converting to q4_0 .. size =     0.75 MiB ->     0.21 MiB
[ 280/ 601] blk.16.attn_k_norm.weight            - [   256,      1,      1,      1], type =    f32, size =    0.001 MiB
[ 281/ 601] blk.16.attn_norm.weight              - [  1536,      1,      1,      1], type =    f32, size =    0.006 MiB
[ 282/ 601] blk.16.attn_output.weight            - [  2048,   1536,      1,      1], type =   bf16, converting to q4_0 .. size =     6.00 MiB ->     1.69 MiB
[ 283/ 601] blk.16.attn_q.weight                 - [  1536,   2048,      1,      1], type =   bf16, converting to q4_0 .. size =     6.00 MiB ->     1.69 MiB
[ 284/ 601] blk.16.attn_q_norm.weight            - [   256,      1,      1,      1], type =    f32, size =    0.001 MiB
[ 285/ 601] blk.16.attn_v.weight                 - [  1536,    256,      1,      1], type =   bf16, converting to q4_0 .. size =     0.75 MiB ->     0.21 MiB
[ 286/ 601] blk.16.ffn_down.weight               - [ 12288,   1536,      1,      1], type =   bf16, converting to q4_0 .. size =    36.00 MiB ->    10.12 MiB
[ 287/ 601] blk.16.ffn_gate.weight               - [  1536,  12288,      1,      1], type =   bf16, converting to q4_0 .. size =    36.00 MiB ->    10.12 MiB
[ 288/ 601] blk.16.ffn_norm.weight               - [  1536,      1,      1,      1], type =    f32, size =    0.006 MiB
[ 289/ 601] blk.16.ffn_up.weight                 - [  1536,  12288,      1,      1], type =   bf16, converting to q4_0 .. size =    36.00 MiB ->    10.12 MiB
[ 290/ 601] blk.16.inp_gate.weight               - [  1536,    256,      1,      1], type =   bf16, converting to q4_0 .. size =     0.75 MiB ->     0.21 MiB
[ 291/ 601] blk.16.layer_output_scale.weight     - [     1,      1,      1,      1], type =    f32, size =    0.000 MiB
[ 292/ 601] blk.16.post_attention_norm.weight    - [  1536,      1,      1,      1], type =    f32, size =    0.006 MiB
[ 293/ 601] blk.16.post_ffw_norm.weight          - [  1536,      1,      1,      1], type =    f32, size =    0.006 MiB
[ 294/ 601] blk.16.post_norm.weight              - [  1536,      1,      1,      1], type =    f32, size =    0.006 MiB
[ 295/ 601] blk.16.proj.weight                   - [   256,   1536,      1,      1], type =   bf16, converting to q4_0 .. size =     0.75 MiB ->     0.21 MiB
[ 296/ 601] blk.17.attn_k.weight                 - [  1536,    256,      1,      1], type =   bf16, converting to q4_0 .. size =     0.75 MiB ->     0.21 MiB
[ 297/ 601] blk.17.attn_k_norm.weight            - [   256,      1,      1,      1], type =    f32, size =    0.001 MiB
[ 298/ 601] blk.17.attn_norm.weight              - [  1536,      1,      1,      1], type =    f32, size =    0.006 MiB
[ 299/ 601] blk.17.attn_output.weight            - [  2048,   1536,      1,      1], type =   bf16, converting to q4_0 .. size =     6.00 MiB ->     1.69 MiB
[ 300/ 601] blk.17.attn_q.weight                 - [  1536,   2048,      1,      1], type =   bf16, converting to q4_0 .. size =     6.00 MiB ->     1.69 MiB
[ 301/ 601] blk.17.attn_q_norm.weight            - [   256,      1,      1,      1], type =    f32, size =    0.001 MiB
[ 302/ 601] blk.17.attn_v.weight                 - [  1536,    256,      1,      1], type =   bf16, converting to q4_0 .. size =     0.75 MiB ->     0.21 MiB
[ 303/ 601] blk.17.ffn_down.weight               - [ 12288,   1536,      1,      1], type =   bf16, converting to q4_0 .. size =    36.00 MiB ->    10.12 MiB
[ 304/ 601] blk.17.ffn_gate.weight               - [  1536,  12288,      1,      1], type =   bf16, converting to q4_0 .. size =    36.00 MiB ->    10.12 MiB
[ 305/ 601] blk.17.ffn_norm.weight               - [  1536,      1,      1,      1], type =    f32, size =    0.006 MiB
[ 306/ 601] blk.17.ffn_up.weight                 - [  1536,  12288,      1,      1], type =   bf16, converting to q4_0 .. size =    36.00 MiB ->    10.12 MiB
[ 307/ 601] blk.17.inp_gate.weight               - [  1536,    256,      1,      1], type =   bf16, converting to q4_0 .. size =     0.75 MiB ->     0.21 MiB
[ 308/ 601] blk.17.layer_output_scale.weight     - [     1,      1,      1,      1], type =    f32, size =    0.000 MiB
[ 309/ 601] blk.17.post_attention_norm.weight    - [  1536,      1,      1,      1], type =    f32, size =    0.006 MiB
[ 310/ 601] blk.17.post_ffw_norm.weight          - [  1536,      1,      1,      1], type =    f32, size =    0.006 MiB
[ 311/ 601] blk.17.post_norm.weight              - [  1536,      1,      1,      1], type =    f32, size =    0.006 MiB
[ 312/ 601] blk.17.proj.weight                   - [   256,   1536,      1,      1], type =   bf16, converting to q4_0 .. size =     0.75 MiB ->     0.21 MiB
[ 313/ 601] blk.18.attn_k.weight                 - [  1536,    256,      1,      1], type =   bf16, converting to q4_0 .. size =     0.75 MiB ->     0.21 MiB
[ 314/ 601] blk.18.attn_k_norm.weight            - [   256,      1,      1,      1], type =    f32, size =    0.001 MiB
[ 315/ 601] blk.18.attn_norm.weight              - [  1536,      1,      1,      1], type =    f32, size =    0.006 MiB
[ 316/ 601] blk.18.attn_output.weight            - [  2048,   1536,      1,      1], type =   bf16, converting to q4_0 .. size =     6.00 MiB ->     1.69 MiB
[ 317/ 601] blk.18.attn_q.weight                 - [  1536,   2048,      1,      1], type =   bf16, converting to q4_0 .. size =     6.00 MiB ->     1.69 MiB
[ 318/ 601] blk.18.attn_q_norm.weight            - [   256,      1,      1,      1], type =    f32, size =    0.001 MiB
[ 319/ 601] blk.18.attn_v.weight                 - [  1536,    256,      1,      1], type =   bf16, converting to q4_0 .. size =     0.75 MiB ->     0.21 MiB
[ 320/ 601] blk.18.ffn_down.weight               - [ 12288,   1536,      1,      1], type =   bf16, converting to q4_0 .. size =    36.00 MiB ->    10.12 MiB
[ 321/ 601] blk.18.ffn_gate.weight               - [  1536,  12288,      1,      1], type =   bf16, converting to q4_0 .. size =    36.00 MiB ->    10.12 MiB
[ 322/ 601] blk.18.ffn_norm.weight               - [  1536,      1,      1,      1], type =    f32, size =    0.006 MiB
[ 323/ 601] blk.18.ffn_up.weight                 - [  1536,  12288,      1,      1], type =   bf16, converting to q4_0 .. size =    36.00 MiB ->    10.12 MiB
[ 324/ 601] blk.18.inp_gate.weight               - [  1536,    256,      1,      1], type =   bf16, converting to q4_0 .. size =     0.75 MiB ->     0.21 MiB
[ 325/ 601] blk.18.layer_output_scale.weight     - [     1,      1,      1,      1], type =    f32, size =    0.000 MiB
[ 326/ 601] blk.18.post_attention_norm.weight    - [  1536,      1,      1,      1], type =    f32, size =    0.006 MiB
[ 327/ 601] blk.18.post_ffw_norm.weight          - [  1536,      1,      1,      1], type =    f32, size =    0.006 MiB
[ 328/ 601] blk.18.post_norm.weight              - [  1536,      1,      1,      1], type =    f32, size =    0.006 MiB
[ 329/ 601] blk.18.proj.weight                   - [   256,   1536,      1,      1], type =   bf16, converting to q4_0 .. size =     0.75 MiB ->     0.21 MiB
[ 330/ 601] blk.19.attn_k.weight                 - [  1536,    512,      1,      1], type =   bf16, converting to q4_0 .. size =     1.50 MiB ->     0.42 MiB
[ 331/ 601] blk.19.attn_k_norm.weight            - [   512,      1,      1,      1], type =    f32, size =    0.002 MiB
[ 332/ 601] blk.19.attn_norm.weight              - [  1536,      1,      1,      1], type =    f32, size =    0.006 MiB
[ 333/ 601] blk.19.attn_output.weight            - [  4096,   1536,      1,      1], type =   bf16, converting to q4_0 .. size =    12.00 MiB ->     3.38 MiB
[ 334/ 601] blk.19.attn_q.weight                 - [  1536,   4096,      1,      1], type =   bf16, converting to q4_0 .. size =    12.00 MiB ->     3.38 MiB
[ 335/ 601] blk.19.attn_q_norm.weight            - [   512,      1,      1,      1], type =    f32, size =    0.002 MiB
[ 336/ 601] blk.19.attn_v.weight                 - [  1536,    512,      1,      1], type =   bf16, converting to q4_0 .. size =     1.50 MiB ->     0.42 MiB
[ 337/ 601] blk.19.ffn_down.weight               - [ 12288,   1536,      1,      1], type =   bf16, converting to q4_0 .. size =    36.00 MiB ->    10.12 MiB
[ 338/ 601] blk.19.ffn_gate.weight               - [  1536,  12288,      1,      1], type =   bf16, converting to q4_0 .. size =    36.00 MiB ->    10.12 MiB
[ 339/ 601] blk.19.ffn_norm.weight               - [  1536,      1,      1,      1], type =    f32, size =    0.006 MiB
[ 340/ 601] blk.19.ffn_up.weight                 - [  1536,  12288,      1,      1], type =   bf16, converting to q4_0 .. size =    36.00 MiB ->    10.12 MiB
[ 341/ 601] blk.19.inp_gate.weight               - [  1536,    256,      1,      1], type =   bf16, converting to q4_0 .. size =     0.75 MiB ->     0.21 MiB
[ 342/ 601] blk.19.layer_output_scale.weight     - [     1,      1,      1,      1], type =    f32, size =    0.000 MiB
[ 343/ 601] blk.19.post_attention_norm.weight    - [  1536,      1,      1,      1], type =    f32, size =    0.006 MiB
[ 344/ 601] blk.19.post_ffw_norm.weight          - [  1536,      1,      1,      1], type =    f32, size =    0.006 MiB
[ 345/ 601] blk.19.post_norm.weight              - [  1536,      1,      1,      1], type =    f32, size =    0.006 MiB
[ 346/ 601] blk.19.proj.weight                   - [   256,   1536,      1,      1], type =   bf16, converting to q4_0 .. size =     0.75 MiB ->     0.21 MiB
[ 347/ 601] blk.20.attn_k.weight                 - [  1536,    256,      1,      1], type =   bf16, converting to q4_0 .. size =     0.75 MiB ->     0.21 MiB
[ 348/ 601] blk.20.attn_k_norm.weight            - [   256,      1,      1,      1], type =    f32, size =    0.001 MiB
[ 349/ 601] blk.20.attn_norm.weight              - [  1536,      1,      1,      1], type =    f32, size =    0.006 MiB
[ 350/ 601] blk.20.attn_output.weight            - [  2048,   1536,      1,      1], type =   bf16, converting to q4_0 .. size =     6.00 MiB ->     1.69 MiB
[ 351/ 601] blk.20.attn_q.weight                 - [  1536,   2048,      1,      1], type =   bf16, converting to q4_0 .. size =     6.00 MiB ->     1.69 MiB
[ 352/ 601] blk.20.attn_q_norm.weight            - [   256,      1,      1,      1], type =    f32, size =    0.001 MiB
[ 353/ 601] blk.20.attn_v.weight                 - [  1536,    256,      1,      1], type =   bf16, converting to q4_0 .. size =     0.75 MiB ->     0.21 MiB
[ 354/ 601] blk.20.ffn_down.weight               - [ 12288,   1536,      1,      1], type =   bf16, converting to q4_0 .. size =    36.00 MiB ->    10.12 MiB
[ 355/ 601] blk.20.ffn_gate.weight               - [  1536,  12288,      1,      1], type =   bf16, converting to q4_0 .. size =    36.00 MiB ->    10.12 MiB
[ 356/ 601] blk.20.ffn_norm.weight               - [  1536,      1,      1,      1], type =    f32, size =    0.006 MiB
[ 357/ 601] blk.20.ffn_up.weight                 - [  1536,  12288,      1,      1], type =   bf16, converting to q4_0 .. size =    36.00 MiB ->    10.12 MiB
[ 358/ 601] blk.20.inp_gate.weight               - [  1536,    256,      1,      1], type =   bf16, converting to q4_0 .. size =     0.75 MiB ->     0.21 MiB
[ 359/ 601] blk.20.layer_output_scale.weight     - [     1,      1,      1,      1], type =    f32, size =    0.000 MiB
[ 360/ 601] blk.20.post_attention_norm.weight    - [  1536,      1,      1,      1], type =    f32, size =    0.006 MiB
[ 361/ 601] blk.20.post_ffw_norm.weight          - [  1536,      1,      1,      1], type =    f32, size =    0.006 MiB
[ 362/ 601] blk.20.post_norm.weight              - [  1536,      1,      1,      1], type =    f32, size =    0.006 MiB
[ 363/ 601] blk.20.proj.weight                   - [   256,   1536,      1,      1], type =   bf16, converting to q4_0 .. size =     0.75 MiB ->     0.21 MiB
[ 364/ 601] blk.21.attn_k.weight                 - [  1536,    256,      1,      1], type =   bf16, converting to q4_0 .. size =     0.75 MiB ->     0.21 MiB
[ 365/ 601] blk.21.attn_k_norm.weight            - [   256,      1,      1,      1], type =    f32, size =    0.001 MiB
[ 366/ 601] blk.21.attn_norm.weight              - [  1536,      1,      1,      1], type =    f32, size =    0.006 MiB
[ 367/ 601] blk.21.attn_output.weight            - [  2048,   1536,      1,      1], type =   bf16, converting to q4_0 .. size =     6.00 MiB ->     1.69 MiB
[ 368/ 601] blk.21.attn_q.weight                 - [  1536,   2048,      1,      1], type =   bf16, converting to q4_0 .. size =     6.00 MiB ->     1.69 MiB
[ 369/ 601] blk.21.attn_q_norm.weight            - [   256,      1,      1,      1], type =    f32, size =    0.001 MiB
[ 370/ 601] blk.21.attn_v.weight                 - [  1536,    256,      1,      1], type =   bf16, converting to q4_0 .. size =     0.75 MiB ->     0.21 MiB
[ 371/ 601] blk.21.ffn_down.weight               - [ 12288,   1536,      1,      1], type =   bf16, converting to q4_0 .. size =    36.00 MiB ->    10.12 MiB
[ 372/ 601] blk.21.ffn_gate.weight               - [  1536,  12288,      1,      1], type =   bf16, converting to q4_0 .. size =    36.00 MiB ->    10.12 MiB
[ 373/ 601] blk.21.ffn_norm.weight               - [  1536,      1,      1,      1], type =    f32, size =    0.006 MiB
[ 374/ 601] blk.21.ffn_up.weight                 - [  1536,  12288,      1,      1], type =   bf16, converting to q4_0 .. size =    36.00 MiB ->    10.12 MiB
[ 375/ 601] blk.21.inp_gate.weight               - [  1536,    256,      1,      1], type =   bf16, converting to q4_0 .. size =     0.75 MiB ->     0.21 MiB
[ 376/ 601] blk.21.layer_output_scale.weight     - [     1,      1,      1,      1], type =    f32, size =    0.000 MiB
[ 377/ 601] blk.21.post_attention_norm.weight    - [  1536,      1,      1,      1], type =    f32, size =    0.006 MiB
[ 378/ 601] blk.21.post_ffw_norm.weight          - [  1536,      1,      1,      1], type =    f32, size =    0.006 MiB
[ 379/ 601] blk.21.post_norm.weight              - [  1536,      1,      1,      1], type =    f32, size =    0.006 MiB
[ 380/ 601] blk.21.proj.weight                   - [   256,   1536,      1,      1], type =   bf16, converting to q4_0 .. size =     0.75 MiB ->     0.21 MiB
[ 381/ 601] blk.22.attn_k.weight                 - [  1536,    256,      1,      1], type =   bf16, converting to q4_0 .. size =     0.75 MiB ->     0.21 MiB
[ 382/ 601] blk.22.attn_k_norm.weight            - [   256,      1,      1,      1], type =    f32, size =    0.001 MiB
[ 383/ 601] blk.22.attn_norm.weight              - [  1536,      1,      1,      1], type =    f32, size =    0.006 MiB
[ 384/ 601] blk.22.attn_output.weight            - [  2048,   1536,      1,      1], type =   bf16, converting to q4_0 .. size =     6.00 MiB ->     1.69 MiB
[ 385/ 601] blk.22.attn_q.weight                 - [  1536,   2048,      1,      1], type =   bf16, converting to q4_0 .. size =     6.00 MiB ->     1.69 MiB
[ 386/ 601] blk.22.attn_q_norm.weight            - [   256,      1,      1,      1], type =    f32, size =    0.001 MiB
[ 387/ 601] blk.22.attn_v.weight                 - [  1536,    256,      1,      1], type =   bf16, converting to q4_0 .. size =     0.75 MiB ->     0.21 MiB
[ 388/ 601] blk.22.ffn_down.weight               - [ 12288,   1536,      1,      1], type =   bf16, converting to q4_0 .. size =    36.00 MiB ->    10.12 MiB
[ 389/ 601] blk.22.ffn_gate.weight               - [  1536,  12288,      1,      1], type =   bf16, converting to q4_0 .. size =    36.00 MiB ->    10.12 MiB
[ 390/ 601] blk.22.ffn_norm.weight               - [  1536,      1,      1,      1], type =    f32, size =    0.006 MiB
[ 391/ 601] blk.22.ffn_up.weight                 - [  1536,  12288,      1,      1], type =   bf16, converting to q4_0 .. size =    36.00 MiB ->    10.12 MiB
[ 392/ 601] blk.22.inp_gate.weight               - [  1536,    256,      1,      1], type =   bf16, converting to q4_0 .. size =     0.75 MiB ->     0.21 MiB
[ 393/ 601] blk.22.layer_output_scale.weight     - [     1,      1,      1,      1], type =    f32, size =    0.000 MiB
[ 394/ 601] blk.22.post_attention_norm.weight    - [  1536,      1,      1,      1], type =    f32, size =    0.006 MiB
[ 395/ 601] blk.22.post_ffw_norm.weight          - [  1536,      1,      1,      1], type =    f32, size =    0.006 MiB
[ 396/ 601] blk.22.post_norm.weight              - [  1536,      1,      1,      1], type =    f32, size =    0.006 MiB
[ 397/ 601] blk.22.proj.weight                   - [   256,   1536,      1,      1], type =   bf16, converting to q4_0 .. size =     0.75 MiB ->     0.21 MiB
[ 398/ 601] blk.23.attn_k.weight                 - [  1536,    256,      1,      1], type =   bf16, converting to q4_0 .. size =     0.75 MiB ->     0.21 MiB
[ 399/ 601] blk.23.attn_k_norm.weight            - [   256,      1,      1,      1], type =    f32, size =    0.001 MiB
[ 400/ 601] blk.23.attn_norm.weight              - [  1536,      1,      1,      1], type =    f32, size =    0.006 MiB
[ 401/ 601] blk.23.attn_output.weight            - [  2048,   1536,      1,      1], type =   bf16, converting to q4_0 .. size =     6.00 MiB ->     1.69 MiB
[ 402/ 601] blk.23.attn_q.weight                 - [  1536,   2048,      1,      1], type =   bf16, converting to q4_0 .. size =     6.00 MiB ->     1.69 MiB
[ 403/ 601] blk.23.attn_q_norm.weight            - [   256,      1,      1,      1], type =    f32, size =    0.001 MiB
[ 404/ 601] blk.23.attn_v.weight                 - [  1536,    256,      1,      1], type =   bf16, converting to q4_0 .. size =     0.75 MiB ->     0.21 MiB
[ 405/ 601] blk.23.ffn_down.weight               - [ 12288,   1536,      1,      1], type =   bf16, converting to q4_0 .. size =    36.00 MiB ->    10.12 MiB
[ 406/ 601] blk.23.ffn_gate.weight               - [  1536,  12288,      1,      1], type =   bf16, converting to q4_0 .. size =    36.00 MiB ->    10.12 MiB
[ 407/ 601] blk.23.ffn_norm.weight               - [  1536,      1,      1,      1], type =    f32, size =    0.006 MiB
[ 408/ 601] blk.23.ffn_up.weight                 - [  1536,  12288,      1,      1], type =   bf16, converting to q4_0 .. size =    36.00 MiB ->    10.12 MiB
[ 409/ 601] blk.23.inp_gate.weight               - [  1536,    256,      1,      1], type =   bf16, converting to q4_0 .. size =     0.75 MiB ->     0.21 MiB
[ 410/ 601] blk.23.layer_output_scale.weight     - [     1,      1,      1,      1], type =    f32, size =    0.000 MiB
[ 411/ 601] blk.23.post_attention_norm.weight    - [  1536,      1,      1,      1], type =    f32, size =    0.006 MiB
[ 412/ 601] blk.23.post_ffw_norm.weight          - [  1536,      1,      1,      1], type =    f32, size =    0.006 MiB
[ 413/ 601] blk.23.post_norm.weight              - [  1536,      1,      1,      1], type =    f32, size =    0.006 MiB
[ 414/ 601] blk.23.proj.weight                   - [   256,   1536,      1,      1], type =   bf16, converting to q4_0 .. size =     0.75 MiB ->     0.21 MiB
[ 415/ 601] blk.24.attn_k.weight                 - [  1536,    512,      1,      1], type =   bf16, converting to q4_0 .. size =     1.50 MiB ->     0.42 MiB
[ 416/ 601] blk.24.attn_k_norm.weight            - [   512,      1,      1,      1], type =    f32, size =    0.002 MiB
[ 417/ 601] blk.24.attn_norm.weight              - [  1536,      1,      1,      1], type =    f32, size =    0.006 MiB
[ 418/ 601] blk.24.attn_output.weight            - [  4096,   1536,      1,      1], type =   bf16, converting to q4_0 .. size =    12.00 MiB ->     3.38 MiB
[ 419/ 601] blk.24.attn_q.weight                 - [  1536,   4096,      1,      1], type =   bf16, converting to q4_0 .. size =    12.00 MiB ->     3.38 MiB
[ 420/ 601] blk.24.attn_q_norm.weight            - [   512,      1,      1,      1], type =    f32, size =    0.002 MiB
[ 421/ 601] blk.24.attn_v.weight                 - [  1536,    512,      1,      1], type =   bf16, converting to q4_0 .. size =     1.50 MiB ->     0.42 MiB
[ 422/ 601] blk.24.ffn_down.weight               - [ 12288,   1536,      1,      1], type =   bf16, converting to q4_0 .. size =    36.00 MiB ->    10.12 MiB
[ 423/ 601] blk.24.ffn_gate.weight               - [  1536,  12288,      1,      1], type =   bf16, converting to q4_0 .. size =    36.00 MiB ->    10.12 MiB
[ 424/ 601] blk.24.ffn_norm.weight               - [  1536,      1,      1,      1], type =    f32, size =    0.006 MiB
[ 425/ 601] blk.24.ffn_up.weight                 - [  1536,  12288,      1,      1], type =   bf16, converting to q4_0 .. size =    36.00 MiB ->    10.12 MiB
[ 426/ 601] blk.24.inp_gate.weight               - [  1536,    256,      1,      1], type =   bf16, converting to q4_0 .. size =     0.75 MiB ->     0.21 MiB
[ 427/ 601] blk.24.layer_output_scale.weight     - [     1,      1,      1,      1], type =    f32, size =    0.000 MiB
[ 428/ 601] blk.24.post_attention_norm.weight    - [  1536,      1,      1,      1], type =    f32, size =    0.006 MiB
[ 429/ 601] blk.24.post_ffw_norm.weight          - [  1536,      1,      1,      1], type =    f32, size =    0.006 MiB
[ 430/ 601] blk.24.post_norm.weight              - [  1536,      1,      1,      1], type =    f32, size =    0.006 MiB
[ 431/ 601] blk.24.proj.weight                   - [   256,   1536,      1,      1], type =   bf16, converting to q4_0 .. size =     0.75 MiB ->     0.21 MiB
[ 432/ 601] blk.25.attn_k.weight                 - [  1536,    256,      1,      1], type =   bf16, converting to q4_0 .. size =     0.75 MiB ->     0.21 MiB
[ 433/ 601] blk.25.attn_k_norm.weight            - [   256,      1,      1,      1], type =    f32, size =    0.001 MiB
[ 434/ 601] blk.25.attn_norm.weight              - [  1536,      1,      1,      1], type =    f32, size =    0.006 MiB
[ 435/ 601] blk.25.attn_output.weight            - [  2048,   1536,      1,      1], type =   bf16, converting to q4_0 .. size =     6.00 MiB ->     1.69 MiB
[ 436/ 601] blk.25.attn_q.weight                 - [  1536,   2048,      1,      1], type =   bf16, converting to q4_0 .. size =     6.00 MiB ->     1.69 MiB
[ 437/ 601] blk.25.attn_q_norm.weight            - [   256,      1,      1,      1], type =    f32, size =    0.001 MiB
[ 438/ 601] blk.25.attn_v.weight                 - [  1536,    256,      1,      1], type =   bf16, converting to q4_0 .. size =     0.75 MiB ->     0.21 MiB
[ 439/ 601] blk.25.ffn_down.weight               - [ 12288,   1536,      1,      1], type =   bf16, converting to q4_0 .. size =    36.00 MiB ->    10.12 MiB
[ 440/ 601] blk.25.ffn_gate.weight               - [  1536,  12288,      1,      1], type =   bf16, converting to q4_0 .. size =    36.00 MiB ->    10.12 MiB
[ 441/ 601] blk.25.ffn_norm.weight               - [  1536,      1,      1,      1], type =    f32, size =    0.006 MiB
[ 442/ 601] blk.25.ffn_up.weight                 - [  1536,  12288,      1,      1], type =   bf16, converting to q4_0 .. size =    36.00 MiB ->    10.12 MiB
[ 443/ 601] blk.25.inp_gate.weight               - [  1536,    256,      1,      1], type =   bf16, converting to q4_0 .. size =     0.75 MiB ->     0.21 MiB
[ 444/ 601] blk.25.layer_output_scale.weight     - [     1,      1,      1,      1], type =    f32, size =    0.000 MiB
[ 445/ 601] blk.25.post_attention_norm.weight    - [  1536,      1,      1,      1], type =    f32, size =    0.006 MiB
[ 446/ 601] blk.25.post_ffw_norm.weight          - [  1536,      1,      1,      1], type =    f32, size =    0.006 MiB
[ 447/ 601] blk.25.post_norm.weight              - [  1536,      1,      1,      1], type =    f32, size =    0.006 MiB
[ 448/ 601] blk.25.proj.weight                   - [   256,   1536,      1,      1], type =   bf16, converting to q4_0 .. size =     0.75 MiB ->     0.21 MiB
[ 449/ 601] blk.26.attn_k.weight                 - [  1536,    256,      1,      1], type =   bf16, converting to q4_0 .. size =     0.75 MiB ->     0.21 MiB
[ 450/ 601] blk.26.attn_k_norm.weight            - [   256,      1,      1,      1], type =    f32, size =    0.001 MiB
[ 451/ 601] blk.26.attn_norm.weight              - [  1536,      1,      1,      1], type =    f32, size =    0.006 MiB
[ 452/ 601] blk.26.attn_output.weight            - [  2048,   1536,      1,      1], type =   bf16, converting to q4_0 .. size =     6.00 MiB ->     1.69 MiB
[ 453/ 601] blk.26.attn_q.weight                 - [  1536,   2048,      1,      1], type =   bf16, converting to q4_0 .. size =     6.00 MiB ->     1.69 MiB
[ 454/ 601] blk.26.attn_q_norm.weight            - [   256,      1,      1,      1], type =    f32, size =    0.001 MiB
[ 455/ 601] blk.26.attn_v.weight                 - [  1536,    256,      1,      1], type =   bf16, converting to q4_0 .. size =     0.75 MiB ->     0.21 MiB
[ 456/ 601] blk.26.ffn_down.weight               - [ 12288,   1536,      1,      1], type =   bf16, converting to q4_0 .. size =    36.00 MiB ->    10.12 MiB
[ 457/ 601] blk.26.ffn_gate.weight               - [  1536,  12288,      1,      1], type =   bf16, converting to q4_0 .. size =    36.00 MiB ->    10.12 MiB
[ 458/ 601] blk.26.ffn_norm.weight               - [  1536,      1,      1,      1], type =    f32, size =    0.006 MiB
[ 459/ 601] blk.26.ffn_up.weight                 - [  1536,  12288,      1,      1], type =   bf16, converting to q4_0 .. size =    36.00 MiB ->    10.12 MiB
[ 460/ 601] blk.26.inp_gate.weight               - [  1536,    256,      1,      1], type =   bf16, converting to q4_0 .. size =     0.75 MiB ->     0.21 MiB
[ 461/ 601] blk.26.layer_output_scale.weight     - [     1,      1,      1,      1], type =    f32, size =    0.000 MiB
[ 462/ 601] blk.26.post_attention_norm.weight    - [  1536,      1,      1,      1], type =    f32, size =    0.006 MiB
[ 463/ 601] blk.26.post_ffw_norm.weight          - [  1536,      1,      1,      1], type =    f32, size =    0.006 MiB
[ 464/ 601] blk.26.post_norm.weight              - [  1536,      1,      1,      1], type =    f32, size =    0.006 MiB
[ 465/ 601] blk.26.proj.weight                   - [   256,   1536,      1,      1], type =   bf16, converting to q4_0 .. size =     0.75 MiB ->     0.21 MiB
[ 466/ 601] blk.27.attn_k.weight                 - [  1536,    256,      1,      1], type =   bf16, converting to q4_0 .. size =     0.75 MiB ->     0.21 MiB
[ 467/ 601] blk.27.attn_k_norm.weight            - [   256,      1,      1,      1], type =    f32, size =    0.001 MiB
[ 468/ 601] blk.27.attn_norm.weight              - [  1536,      1,      1,      1], type =    f32, size =    0.006 MiB
[ 469/ 601] blk.27.attn_output.weight            - [  2048,   1536,      1,      1], type =   bf16, converting to q4_0 .. size =     6.00 MiB ->     1.69 MiB
[ 470/ 601] blk.27.attn_q.weight                 - [  1536,   2048,      1,      1], type =   bf16, converting to q4_0 .. size =     6.00 MiB ->     1.69 MiB
[ 471/ 601] blk.27.attn_q_norm.weight            - [   256,      1,      1,      1], type =    f32, size =    0.001 MiB
[ 472/ 601] blk.27.attn_v.weight                 - [  1536,    256,      1,      1], type =   bf16, converting to q4_0 .. size =     0.75 MiB ->     0.21 MiB
[ 473/ 601] blk.27.ffn_down.weight               - [ 12288,   1536,      1,      1], type =   bf16, converting to q4_0 .. size =    36.00 MiB ->    10.12 MiB
[ 474/ 601] blk.27.ffn_gate.weight               - [  1536,  12288,      1,      1], type =   bf16, converting to q4_0 .. size =    36.00 MiB ->    10.12 MiB
[ 475/ 601] blk.27.ffn_norm.weight               - [  1536,      1,      1,      1], type =    f32, size =    0.006 MiB
[ 476/ 601] blk.27.ffn_up.weight                 - [  1536,  12288,      1,      1], type =   bf16, converting to q4_0 .. size =    36.00 MiB ->    10.12 MiB
[ 477/ 601] blk.27.inp_gate.weight               - [  1536,    256,      1,      1], type =   bf16, converting to q4_0 .. size =     0.75 MiB ->     0.21 MiB
[ 478/ 601] blk.27.layer_output_scale.weight     - [     1,      1,      1,      1], type =    f32, size =    0.000 MiB
[ 479/ 601] blk.27.post_attention_norm.weight    - [  1536,      1,      1,      1], type =    f32, size =    0.006 MiB
[ 480/ 601] blk.27.post_ffw_norm.weight          - [  1536,      1,      1,      1], type =    f32, size =    0.006 MiB
[ 481/ 601] blk.27.post_norm.weight              - [  1536,      1,      1,      1], type =    f32, size =    0.006 MiB
[ 482/ 601] blk.27.proj.weight                   - [   256,   1536,      1,      1], type =   bf16, converting to q4_0 .. size =     0.75 MiB ->     0.21 MiB
[ 483/ 601] blk.28.attn_k.weight                 - [  1536,    256,      1,      1], type =   bf16, converting to q4_0 .. size =     0.75 MiB ->     0.21 MiB
[ 484/ 601] blk.28.attn_k_norm.weight            - [   256,      1,      1,      1], type =    f32, size =    0.001 MiB
[ 485/ 601] blk.28.attn_norm.weight              - [  1536,      1,      1,      1], type =    f32, size =    0.006 MiB
[ 486/ 601] blk.28.attn_output.weight            - [  2048,   1536,      1,      1], type =   bf16, converting to q4_0 .. size =     6.00 MiB ->     1.69 MiB
[ 487/ 601] blk.28.attn_q.weight                 - [  1536,   2048,      1,      1], type =   bf16, converting to q4_0 .. size =     6.00 MiB ->     1.69 MiB
[ 488/ 601] blk.28.attn_q_norm.weight            - [   256,      1,      1,      1], type =    f32, size =    0.001 MiB
[ 489/ 601] blk.28.attn_v.weight                 - [  1536,    256,      1,      1], type =   bf16, converting to q4_0 .. size =     0.75 MiB ->     0.21 MiB
[ 490/ 601] blk.28.ffn_down.weight               - [ 12288,   1536,      1,      1], type =   bf16, converting to q4_0 .. size =    36.00 MiB ->    10.12 MiB
[ 491/ 601] blk.28.ffn_gate.weight               - [  1536,  12288,      1,      1], type =   bf16, converting to q4_0 .. size =    36.00 MiB ->    10.12 MiB
[ 492/ 601] blk.28.ffn_norm.weight               - [  1536,      1,      1,      1], type =    f32, size =    0.006 MiB
[ 493/ 601] blk.28.ffn_up.weight                 - [  1536,  12288,      1,      1], type =   bf16, converting to q4_0 .. size =    36.00 MiB ->    10.12 MiB
[ 494/ 601] blk.28.inp_gate.weight               - [  1536,    256,      1,      1], type =   bf16, converting to q4_0 .. size =     0.75 MiB ->     0.21 MiB
[ 495/ 601] blk.28.layer_output_scale.weight     - [     1,      1,      1,      1], type =    f32, size =    0.000 MiB
[ 496/ 601] blk.28.post_attention_norm.weight    - [  1536,      1,      1,      1], type =    f32, size =    0.006 MiB
[ 497/ 601] blk.28.post_ffw_norm.weight          - [  1536,      1,      1,      1], type =    f32, size =    0.006 MiB
[ 498/ 601] blk.28.post_norm.weight              - [  1536,      1,      1,      1], type =    f32, size =    0.006 MiB
[ 499/ 601] blk.28.proj.weight                   - [   256,   1536,      1,      1], type =   bf16, converting to q4_0 .. size =     0.75 MiB ->     0.21 MiB
[ 500/ 601] blk.29.attn_k.weight                 - [  1536,    512,      1,      1], type =   bf16, converting to q4_0 .. size =     1.50 MiB ->     0.42 MiB
[ 501/ 601] blk.29.attn_k_norm.weight            - [   512,      1,      1,      1], type =    f32, size =    0.002 MiB
[ 502/ 601] blk.29.attn_norm.weight              - [  1536,      1,      1,      1], type =    f32, size =    0.006 MiB
[ 503/ 601] blk.29.attn_output.weight            - [  4096,   1536,      1,      1], type =   bf16, converting to q4_0 .. size =    12.00 MiB ->     3.38 MiB
[ 504/ 601] blk.29.attn_q.weight                 - [  1536,   4096,      1,      1], type =   bf16, converting to q4_0 .. size =    12.00 MiB ->     3.38 MiB
[ 505/ 601] blk.29.attn_q_norm.weight            - [   512,      1,      1,      1], type =    f32, size =    0.002 MiB
[ 506/ 601] blk.29.attn_v.weight                 - [  1536,    512,      1,      1], type =   bf16, converting to q4_0 .. size =     1.50 MiB ->     0.42 MiB
[ 507/ 601] blk.29.ffn_down.weight               - [ 12288,   1536,      1,      1], type =   bf16, converting to q4_0 .. size =    36.00 MiB ->    10.12 MiB
[ 508/ 601] blk.29.ffn_gate.weight               - [  1536,  12288,      1,      1], type =   bf16, converting to q4_0 .. size =    36.00 MiB ->    10.12 MiB
[ 509/ 601] blk.29.ffn_norm.weight               - [  1536,      1,      1,      1], type =    f32, size =    0.006 MiB
[ 510/ 601] blk.29.ffn_up.weight                 - [  1536,  12288,      1,      1], type =   bf16, converting to q4_0 .. size =    36.00 MiB ->    10.12 MiB
[ 511/ 601] blk.29.inp_gate.weight               - [  1536,    256,      1,      1], type =   bf16, converting to q4_0 .. size =     0.75 MiB ->     0.21 MiB
[ 512/ 601] blk.29.layer_output_scale.weight     - [     1,      1,      1,      1], type =    f32, size =    0.000 MiB
[ 513/ 601] blk.29.post_attention_norm.weight    - [  1536,      1,      1,      1], type =    f32, size =    0.006 MiB
[ 514/ 601] blk.29.post_ffw_norm.weight          - [  1536,      1,      1,      1], type =    f32, size =    0.006 MiB
[ 515/ 601] blk.29.post_norm.weight              - [  1536,      1,      1,      1], type =    f32, size =    0.006 MiB
[ 516/ 601] blk.29.proj.weight                   - [   256,   1536,      1,      1], type =   bf16, converting to q4_0 .. size =     0.75 MiB ->     0.21 MiB
[ 517/ 601] blk.30.attn_k.weight                 - [  1536,    256,      1,      1], type =   bf16, converting to q4_0 .. size =     0.75 MiB ->     0.21 MiB
[ 518/ 601] blk.30.attn_k_norm.weight            - [   256,      1,      1,      1], type =    f32, size =    0.001 MiB
[ 519/ 601] blk.30.attn_norm.weight              - [  1536,      1,      1,      1], type =    f32, size =    0.006 MiB
[ 520/ 601] blk.30.attn_output.weight            - [  2048,   1536,      1,      1], type =   bf16, converting to q4_0 .. size =     6.00 MiB ->     1.69 MiB
[ 521/ 601] blk.30.attn_q.weight                 - [  1536,   2048,      1,      1], type =   bf16, converting to q4_0 .. size =     6.00 MiB ->     1.69 MiB
[ 522/ 601] blk.30.attn_q_norm.weight            - [   256,      1,      1,      1], type =    f32, size =    0.001 MiB
[ 523/ 601] blk.30.attn_v.weight                 - [  1536,    256,      1,      1], type =   bf16, converting to q4_0 .. size =     0.75 MiB ->     0.21 MiB
[ 524/ 601] blk.30.ffn_down.weight               - [ 12288,   1536,      1,      1], type =   bf16, converting to q4_0 .. size =    36.00 MiB ->    10.12 MiB
[ 525/ 601] blk.30.ffn_gate.weight               - [  1536,  12288,      1,      1], type =   bf16, converting to q4_0 .. size =    36.00 MiB ->    10.12 MiB
[ 526/ 601] blk.30.ffn_norm.weight               - [  1536,      1,      1,      1], type =    f32, size =    0.006 MiB
[ 527/ 601] blk.30.ffn_up.weight                 - [  1536,  12288,      1,      1], type =   bf16, converting to q4_0 .. size =    36.00 MiB ->    10.12 MiB
[ 528/ 601] blk.30.inp_gate.weight               - [  1536,    256,      1,      1], type =   bf16, converting to q4_0 .. size =     0.75 MiB ->     0.21 MiB
[ 529/ 601] blk.30.layer_output_scale.weight     - [     1,      1,      1,      1], type =    f32, size =    0.000 MiB
[ 530/ 601] blk.30.post_attention_norm.weight    - [  1536,      1,      1,      1], type =    f32, size =    0.006 MiB
[ 531/ 601] blk.30.post_ffw_norm.weight          - [  1536,      1,      1,      1], type =    f32, size =    0.006 MiB
[ 532/ 601] blk.30.post_norm.weight              - [  1536,      1,      1,      1], type =    f32, size =    0.006 MiB
[ 533/ 601] blk.30.proj.weight                   - [   256,   1536,      1,      1], type =   bf16, converting to q4_0 .. size =     0.75 MiB ->     0.21 MiB
[ 534/ 601] blk.31.attn_k.weight                 - [  1536,    256,      1,      1], type =   bf16, converting to q4_0 .. size =     0.75 MiB ->     0.21 MiB
[ 535/ 601] blk.31.attn_k_norm.weight            - [   256,      1,      1,      1], type =    f32, size =    0.001 MiB
[ 536/ 601] blk.31.attn_norm.weight              - [  1536,      1,      1,      1], type =    f32, size =    0.006 MiB
[ 537/ 601] blk.31.attn_output.weight            - [  2048,   1536,      1,      1], type =   bf16, converting to q4_0 .. size =     6.00 MiB ->     1.69 MiB
[ 538/ 601] blk.31.attn_q.weight                 - [  1536,   2048,      1,      1], type =   bf16, converting to q4_0 .. size =     6.00 MiB ->     1.69 MiB
[ 539/ 601] blk.31.attn_q_norm.weight            - [   256,      1,      1,      1], type =    f32, size =    0.001 MiB
[ 540/ 601] blk.31.attn_v.weight                 - [  1536,    256,      1,      1], type =   bf16, converting to q4_0 .. size =     0.75 MiB ->     0.21 MiB
[ 541/ 601] blk.31.ffn_down.weight               - [ 12288,   1536,      1,      1], type =   bf16, converting to q4_0 .. size =    36.00 MiB ->    10.12 MiB
[ 542/ 601] blk.31.ffn_gate.weight               - [  1536,  12288,      1,      1], type =   bf16, converting to q4_0 .. size =    36.00 MiB ->    10.12 MiB
[ 543/ 601] blk.31.ffn_norm.weight               - [  1536,      1,      1,      1], type =    f32, size =    0.006 MiB
[ 544/ 601] blk.31.ffn_up.weight                 - [  1536,  12288,      1,      1], type =   bf16, converting to q4_0 .. size =    36.00 MiB ->    10.12 MiB
[ 545/ 601] blk.31.inp_gate.weight               - [  1536,    256,      1,      1], type =   bf16, converting to q4_0 .. size =     0.75 MiB ->     0.21 MiB
[ 546/ 601] blk.31.layer_output_scale.weight     - [     1,      1,      1,      1], type =    f32, size =    0.000 MiB
[ 547/ 601] blk.31.post_attention_norm.weight    - [  1536,      1,      1,      1], type =    f32, size =    0.006 MiB
[ 548/ 601] blk.31.post_ffw_norm.weight          - [  1536,      1,      1,      1], type =    f32, size =    0.006 MiB
[ 549/ 601] blk.31.post_norm.weight              - [  1536,      1,      1,      1], type =    f32, size =    0.006 MiB
[ 550/ 601] blk.31.proj.weight                   - [   256,   1536,      1,      1], type =   bf16, converting to q4_0 .. size =     0.75 MiB ->     0.21 MiB
[ 551/ 601] blk.32.attn_k.weight                 - [  1536,    256,      1,      1], type =   bf16, converting to q4_0 .. size =     0.75 MiB ->     0.21 MiB
[ 552/ 601] blk.32.attn_k_norm.weight            - [   256,      1,      1,      1], type =    f32, size =    0.001 MiB
[ 553/ 601] blk.32.attn_norm.weight              - [  1536,      1,      1,      1], type =    f32, size =    0.006 MiB
[ 554/ 601] blk.32.attn_output.weight            - [  2048,   1536,      1,      1], type =   bf16, converting to q4_0 .. size =     6.00 MiB ->     1.69 MiB
[ 555/ 601] blk.32.attn_q.weight                 - [  1536,   2048,      1,      1], type =   bf16, converting to q4_0 .. size =     6.00 MiB ->     1.69 MiB
[ 556/ 601] blk.32.attn_q_norm.weight            - [   256,      1,      1,      1], type =    f32, size =    0.001 MiB
[ 557/ 601] blk.32.attn_v.weight                 - [  1536,    256,      1,      1], type =   bf16, converting to q4_0 .. size =     0.75 MiB ->     0.21 MiB
[ 558/ 601] blk.32.ffn_down.weight               - [ 12288,   1536,      1,      1], type =   bf16, converting to q4_0 .. size =    36.00 MiB ->    10.12 MiB
[ 559/ 601] blk.32.ffn_gate.weight               - [  1536,  12288,      1,      1], type =   bf16, converting to q4_0 .. size =    36.00 MiB ->    10.12 MiB
[ 560/ 601] blk.32.ffn_norm.weight               - [  1536,      1,      1,      1], type =    f32, size =    0.006 MiB
[ 561/ 601] blk.32.ffn_up.weight                 - [  1536,  12288,      1,      1], type =   bf16, converting to q4_0 .. size =    36.00 MiB ->    10.12 MiB
[ 562/ 601] blk.32.inp_gate.weight               - [  1536,    256,      1,      1], type =   bf16, converting to q4_0 .. size =     0.75 MiB ->     0.21 MiB
[ 563/ 601] blk.32.layer_output_scale.weight     - [     1,      1,      1,      1], type =    f32, size =    0.000 MiB
[ 564/ 601] blk.32.post_attention_norm.weight    - [  1536,      1,      1,      1], type =    f32, size =    0.006 MiB
[ 565/ 601] blk.32.post_ffw_norm.weight          - [  1536,      1,      1,      1], type =    f32, size =    0.006 MiB
[ 566/ 601] blk.32.post_norm.weight              - [  1536,      1,      1,      1], type =    f32, size =    0.006 MiB
[ 567/ 601] blk.32.proj.weight                   - [   256,   1536,      1,      1], type =   bf16, converting to q4_0 .. size =     0.75 MiB ->     0.21 MiB
[ 568/ 601] blk.33.attn_k.weight                 - [  1536,    256,      1,      1], type =   bf16, converting to q4_0 .. size =     0.75 MiB ->     0.21 MiB
[ 569/ 601] blk.33.attn_k_norm.weight            - [   256,      1,      1,      1], type =    f32, size =    0.001 MiB
[ 570/ 601] blk.33.attn_norm.weight              - [  1536,      1,      1,      1], type =    f32, size =    0.006 MiB
[ 571/ 601] blk.33.attn_output.weight            - [  2048,   1536,      1,      1], type =   bf16, converting to q4_0 .. size =     6.00 MiB ->     1.69 MiB
[ 572/ 601] blk.33.attn_q.weight                 - [  1536,   2048,      1,      1], type =   bf16, converting to q4_0 .. size =     6.00 MiB ->     1.69 MiB
[ 573/ 601] blk.33.attn_q_norm.weight            - [   256,      1,      1,      1], type =    f32, size =    0.001 MiB
[ 574/ 601] blk.33.attn_v.weight                 - [  1536,    256,      1,      1], type =   bf16, converting to q4_0 .. size =     0.75 MiB ->     0.21 MiB
[ 575/ 601] blk.33.ffn_down.weight               - [ 12288,   1536,      1,      1], type =   bf16, converting to q4_0 .. size =    36.00 MiB ->    10.12 MiB
[ 576/ 601] blk.33.ffn_gate.weight               - [  1536,  12288,      1,      1], type =   bf16, converting to q4_0 .. size =    36.00 MiB ->    10.12 MiB
[ 577/ 601] blk.33.ffn_norm.weight               - [  1536,      1,      1,      1], type =    f32, size =    0.006 MiB
[ 578/ 601] blk.33.ffn_up.weight                 - [  1536,  12288,      1,      1], type =   bf16, converting to q4_0 .. size =    36.00 MiB ->    10.12 MiB
[ 579/ 601] blk.33.inp_gate.weight               - [  1536,    256,      1,      1], type =   bf16, converting to q4_0 .. size =     0.75 MiB ->     0.21 MiB
[ 580/ 601] blk.33.layer_output_scale.weight     - [     1,      1,      1,      1], type =    f32, size =    0.000 MiB
[ 581/ 601] blk.33.post_attention_norm.weight    - [  1536,      1,      1,      1], type =    f32, size =    0.006 MiB
[ 582/ 601] blk.33.post_ffw_norm.weight          - [  1536,      1,      1,      1], type =    f32, size =    0.006 MiB
[ 583/ 601] blk.33.post_norm.weight              - [  1536,      1,      1,      1], type =    f32, size =    0.006 MiB
[ 584/ 601] blk.33.proj.weight                   - [   256,   1536,      1,      1], type =   bf16, converting to q4_0 .. size =     0.75 MiB ->     0.21 MiB
[ 585/ 601] blk.34.attn_k.weight                 - [  1536,    512,      1,      1], type =   bf16, converting to q4_0 .. size =     1.50 MiB ->     0.42 MiB
[ 586/ 601] blk.34.attn_k_norm.weight            - [   512,      1,      1,      1], type =    f32, size =    0.002 MiB
[ 587/ 601] blk.34.attn_norm.weight              - [  1536,      1,      1,      1], type =    f32, size =    0.006 MiB
[ 588/ 601] blk.34.attn_output.weight            - [  4096,   1536,      1,      1], type =   bf16, converting to q4_0 .. size =    12.00 MiB ->     3.38 MiB
[ 589/ 601] blk.34.attn_q.weight                 - [  1536,   4096,      1,      1], type =   bf16, converting to q4_0 .. size =    12.00 MiB ->     3.38 MiB
[ 590/ 601] blk.34.attn_q_norm.weight            - [   512,      1,      1,      1], type =    f32, size =    0.002 MiB
[ 591/ 601] blk.34.attn_v.weight                 - [  1536,    512,      1,      1], type =   bf16, converting to q4_0 .. size =     1.50 MiB ->     0.42 MiB
[ 592/ 601] blk.34.ffn_down.weight               - [ 12288,   1536,      1,      1], type =   bf16, converting to q4_0 .. size =    36.00 MiB ->    10.12 MiB
[ 593/ 601] blk.34.ffn_gate.weight               - [  1536,  12288,      1,      1], type =   bf16, converting to q4_0 .. size =    36.00 MiB ->    10.12 MiB
[ 594/ 601] blk.34.ffn_norm.weight               - [  1536,      1,      1,      1], type =    f32, size =    0.006 MiB
[ 595/ 601] blk.34.ffn_up.weight                 - [  1536,  12288,      1,      1], type =   bf16, converting to q4_0 .. size =    36.00 MiB ->    10.12 MiB
[ 596/ 601] blk.34.inp_gate.weight               - [  1536,    256,      1,      1], type =   bf16, converting to q4_0 .. size =     0.75 MiB ->     0.21 MiB
[ 597/ 601] blk.34.layer_output_scale.weight     - [     1,      1,      1,      1], type =    f32, size =    0.000 MiB
[ 598/ 601] blk.34.post_attention_norm.weight    - [  1536,      1,      1,      1], type =    f32, size =    0.006 MiB
[ 599/ 601] blk.34.post_ffw_norm.weight          - [  1536,      1,      1,      1], type =    f32, size =    0.006 MiB
[ 600/ 601] blk.34.post_norm.weight              - [  1536,      1,      1,      1], type =    f32, size =    0.006 MiB
[ 601/ 601] blk.34.proj.weight                   - [   256,   1536,      1,      1], type =   bf16, converting to q4_0 .. size =     0.75 MiB ->     0.21 MiB
llama_model_quantize_impl: model size  =  8864.87 MiB (16.00 BPW)
llama_model_quantize_impl: quant size  =  3189.41 MiB (5.76 BPW)

llama_quantize: quantize time = 182928.33 ms
llama_quantize:    total time = 182928.33 ms
[prepare] done: ./models/gemma4-e2b/gemma4-e2b-Q4_0.gguf size=3.1G time=184s
[prepare] quantizing: ./models/gemma4-e2b/google_gemma-4-E2B-it-bf16.gguf -> ./models/gemma4-e2b/gemma4-e2b-Q2_K.gguf (Q2_K)
load_backend: loaded BLAS backend from /opt/homebrew/Cellar/ggml/0.13.1/libexec/libggml-blas.so
ggml_metal_device_init: tensor API disabled for pre-M5 and pre-A19 devices
ggml_metal_library_init: using embedded metal library
ggml_metal_library_init: loaded in 0.034 sec
ggml_metal_rsets_init: creating a residency set collection (keep_alive = 180 s)
ggml_metal_device_init: GPU name:   MTL0 (Apple M4)
ggml_metal_device_init: GPU family: MTLGPUFamilyApple9  (1009)
ggml_metal_device_init: GPU family: MTLGPUFamilyCommon3 (3003)
ggml_metal_device_init: GPU family: MTLGPUFamilyMetal4  (5002)
ggml_metal_device_init: simdgroup reduction   = true
ggml_metal_device_init: simdgroup matrix mul. = true
ggml_metal_device_init: has unified memory    = true
ggml_metal_device_init: has bfloat            = true
ggml_metal_device_init: has tensor            = false
ggml_metal_device_init: use residency sets    = true
ggml_metal_device_init: use shared buffers    = true
ggml_metal_device_init: recommendedMaxWorkingSetSize  = 12713.12 MB
load_backend: loaded MTL backend from /opt/homebrew/Cellar/ggml/0.13.1/libexec/libggml-metal.so
load_backend: loaded CPU backend from /opt/homebrew/Cellar/ggml/0.13.1/libexec/libggml-cpu-apple_m4.so
llama_print_build_info: build = 9430 (d48a56eff)
llama_print_build_info: built with AppleClang 21.0.0.21000099 for Darwin arm64
llama_quantize: quantizing './models/gemma4-e2b/google_gemma-4-E2B-it-bf16.gguf' to './models/gemma4-e2b/gemma4-e2b-Q2_K.gguf.incomplete' as Q2_K
llama_model_loader: loaded meta data with 45 key-value pairs and 601 tensors from ./models/gemma4-e2b/google_gemma-4-E2B-it-bf16.gguf (version GGUF V3 (latest))
llama_model_loader: Dumping metadata keys/values. Note: KV overrides do not apply in this output.
llama_model_loader: - kv   0:                       general.architecture str              = gemma4
llama_model_loader: - kv   1:                               general.type str              = model
llama_model_loader: - kv   2:                     general.sampling.top_k i32              = 64
llama_model_loader: - kv   3:                     general.sampling.top_p f32              = 0.950000
llama_model_loader: - kv   4:                      general.sampling.temp f32              = 1.000000
llama_model_loader: - kv   5:                               general.name str              = Gemma 4 E2B It
llama_model_loader: - kv   6:                         general.size_label str              = 4.6B
llama_model_loader: - kv   7:                            general.license str              = apache-2.0
llama_model_loader: - kv   8:                       general.license.link str              = https://ai.google.dev/gemma/docs/gemm...
llama_model_loader: - kv   9:                               general.tags arr[str,1]       = ["any-to-any"]
llama_model_loader: - kv  10:                         gemma4.block_count u32              = 35
llama_model_loader: - kv  11:                      gemma4.context_length u32              = 131072
llama_model_loader: - kv  12:                    gemma4.embedding_length u32              = 1536
llama_model_loader: - kv  13:                 gemma4.feed_forward_length arr[i32,35]      = [6144, 6144, 6144, 6144, 6144, 6144, ...
llama_model_loader: - kv  14:                gemma4.attention.head_count u32              = 8
llama_model_loader: - kv  15:             gemma4.attention.head_count_kv u32              = 1
llama_model_loader: - kv  16:                      gemma4.rope.freq_base f32              = 1000000.000000
llama_model_loader: - kv  17:                  gemma4.rope.freq_base_swa f32              = 10000.000000
llama_model_loader: - kv  18:    gemma4.attention.layer_norm_rms_epsilon f32              = 0.000001
llama_model_loader: - kv  19:                gemma4.attention.key_length u32              = 512
llama_model_loader: - kv  20:              gemma4.attention.value_length u32              = 512
llama_model_loader: - kv  21:                          general.file_type u32              = 32
llama_model_loader: - kv  22:             gemma4.final_logit_softcapping f32              = 30.000000
llama_model_loader: - kv  23:            gemma4.attention.sliding_window u32              = 512
llama_model_loader: - kv  24:          gemma4.attention.shared_kv_layers u32              = 20
llama_model_loader: - kv  25:    gemma4.embedding_length_per_layer_input u32              = 256
llama_model_loader: - kv  26:    gemma4.attention.sliding_window_pattern arr[bool,35]     = [true, true, true, true, false, true,...
llama_model_loader: - kv  27:            gemma4.attention.key_length_swa u32              = 256
llama_model_loader: - kv  28:          gemma4.attention.value_length_swa u32              = 256
llama_model_loader: - kv  29:                gemma4.rope.dimension_count u32              = 512
llama_model_loader: - kv  30:            gemma4.rope.dimension_count_swa u32              = 256
llama_model_loader: - kv  31:               general.quantization_version u32              = 2
llama_model_loader: - kv  32:                       tokenizer.ggml.model str              = gemma4
llama_model_loader: - kv  33:                      tokenizer.ggml.tokens arr[str,262144]  = ["<pad>", "<eos>", "<bos>", "<unk>", ...
llama_model_loader: - kv  34:                      tokenizer.ggml.scores arr[f32,262144]  = [-1000.000000, -1000.000000, -1000.00...
llama_model_loader: - kv  35:                  tokenizer.ggml.token_type arr[i32,262144]  = [3, 3, 3, 3, 3, 1, 1, 1, 1, 1, 1, 1, ...
llama_model_loader: - kv  36:                      tokenizer.ggml.merges arr[str,514906]  = ["\n\n\n\n\n\n\n\n\n\n\n\n\n\n\n\n\n\n\n\n\n\n\n\n\n\n\n\n\n\n \n", ...
llama_model_loader: - kv  37:                tokenizer.ggml.bos_token_id u32              = 2
llama_model_loader: - kv  38:                tokenizer.ggml.eos_token_id u32              = 1
llama_model_loader: - kv  39:            tokenizer.ggml.unknown_token_id u32              = 3
llama_model_loader: - kv  40:            tokenizer.ggml.padding_token_id u32              = 0
llama_model_loader: - kv  41:               tokenizer.ggml.mask_token_id u32              = 4
llama_model_loader: - kv  42:            tokenizer.ggml.add_space_prefix bool             = false
llama_model_loader: - kv  43:               tokenizer.ggml.add_bos_token bool             = true
llama_model_loader: - kv  44:                    tokenizer.chat_template str              = {%- macro format_parameters(propertie...
llama_model_loader: - type  f32:  283 tensors
llama_model_loader: - type bf16:  318 tensors
[   1/ 601] output_norm.weight                   - [  1536,      1,      1,      1], type =    f32, size =    0.006 MiB
[   2/ 601] per_layer_model_proj.weight          - [  1536,   8960,      1,      1], type =   bf16, size =   26.250 MiB
[   3/ 601] per_layer_proj_norm.weight           - [   256,      1,      1,      1], type =    f32, size =    0.001 MiB
[   4/ 601] per_layer_token_embd.weight          - [  8960, 262144,      1,      1], type =   bf16, converting to q6_K .. size =  4480.00 MiB ->  1837.50 MiB
[   5/ 601] rope_freqs.weight                    - [   256,      1,      1,      1], type =    f32, size =    0.001 MiB
[   6/ 601] token_embd.weight                    - [  1536, 262144,      1,      1], type =   bf16, converting to q6_K .. size =   768.00 MiB ->   315.00 MiB
[   7/ 601] blk.0.attn_k.weight                  - [  1536,    256,      1,      1], type =   bf16, converting to q2_K .. size =     0.75 MiB ->     0.12 MiB
[   8/ 601] blk.0.attn_k_norm.weight             - [   256,      1,      1,      1], type =    f32, size =    0.001 MiB
[   9/ 601] blk.0.attn_norm.weight               - [  1536,      1,      1,      1], type =    f32, size =    0.006 MiB
[  10/ 601] blk.0.attn_output.weight             - [  2048,   1536,      1,      1], type =   bf16, converting to q3_K .. size =     6.00 MiB ->     1.29 MiB
[  11/ 601] blk.0.attn_q.weight                  - [  1536,   2048,      1,      1], type =   bf16, converting to q2_K .. size =     6.00 MiB ->     0.98 MiB
[  12/ 601] blk.0.attn_q_norm.weight             - [   256,      1,      1,      1], type =    f32, size =    0.001 MiB
[  13/ 601] blk.0.attn_v.weight                  - [  1536,    256,      1,      1], type =   bf16, converting to q4_K .. size =     0.75 MiB ->     0.21 MiB
[  14/ 601] blk.0.ffn_down.weight                - [  6144,   1536,      1,      1], type =   bf16, converting to q3_K .. size =    18.00 MiB ->     3.87 MiB
[  15/ 601] blk.0.ffn_gate.weight                - [  1536,   6144,      1,      1], type =   bf16, converting to q2_K .. size =    18.00 MiB ->     2.95 MiB
[  16/ 601] blk.0.ffn_norm.weight                - [  1536,      1,      1,      1], type =    f32, size =    0.006 MiB
[  17/ 601] blk.0.ffn_up.weight                  - [  1536,   6144,      1,      1], type =   bf16, converting to q2_K .. size =    18.00 MiB ->     2.95 MiB
[  18/ 601] blk.0.inp_gate.weight                - [  1536,    256,      1,      1], type =   bf16, converting to q2_K .. size =     0.75 MiB ->     0.12 MiB
[  19/ 601] blk.0.layer_output_scale.weight      - [     1,      1,      1,      1], type =    f32, size =    0.000 MiB
[  20/ 601] blk.0.post_attention_norm.weight     - [  1536,      1,      1,      1], type =    f32, size =    0.006 MiB
[  21/ 601] blk.0.post_ffw_norm.weight           - [  1536,      1,      1,      1], type =    f32, size =    0.006 MiB
[  22/ 601] blk.0.post_norm.weight               - [  1536,      1,      1,      1], type =    f32, size =    0.006 MiB
[  23/ 601] blk.0.proj.weight                    - [   256,   1536,      1,      1], type =   bf16, converting to q2_K .. size =     0.75 MiB ->     0.12 MiB
[  24/ 601] blk.1.attn_k.weight                  - [  1536,    256,      1,      1], type =   bf16, converting to q2_K .. size =     0.75 MiB ->     0.12 MiB
[  25/ 601] blk.1.attn_k_norm.weight             - [   256,      1,      1,      1], type =    f32, size =    0.001 MiB
[  26/ 601] blk.1.attn_norm.weight               - [  1536,      1,      1,      1], type =    f32, size =    0.006 MiB
[  27/ 601] blk.1.attn_output.weight             - [  2048,   1536,      1,      1], type =   bf16, converting to q3_K .. size =     6.00 MiB ->     1.29 MiB
[  28/ 601] blk.1.attn_q.weight                  - [  1536,   2048,      1,      1], type =   bf16, converting to q2_K .. size =     6.00 MiB ->     0.98 MiB
[  29/ 601] blk.1.attn_q_norm.weight             - [   256,      1,      1,      1], type =    f32, size =    0.001 MiB
[  30/ 601] blk.1.attn_v.weight                  - [  1536,    256,      1,      1], type =   bf16, converting to q4_K .. size =     0.75 MiB ->     0.21 MiB
[  31/ 601] blk.1.ffn_down.weight                - [  6144,   1536,      1,      1], type =   bf16, converting to q3_K .. size =    18.00 MiB ->     3.87 MiB
[  32/ 601] blk.1.ffn_gate.weight                - [  1536,   6144,      1,      1], type =   bf16, converting to q2_K .. size =    18.00 MiB ->     2.95 MiB
[  33/ 601] blk.1.ffn_norm.weight                - [  1536,      1,      1,      1], type =    f32, size =    0.006 MiB
[  34/ 601] blk.1.ffn_up.weight                  - [  1536,   6144,      1,      1], type =   bf16, converting to q2_K .. size =    18.00 MiB ->     2.95 MiB
[  35/ 601] blk.1.inp_gate.weight                - [  1536,    256,      1,      1], type =   bf16, converting to q2_K .. size =     0.75 MiB ->     0.12 MiB
[  36/ 601] blk.1.layer_output_scale.weight      - [     1,      1,      1,      1], type =    f32, size =    0.000 MiB
[  37/ 601] blk.1.post_attention_norm.weight     - [  1536,      1,      1,      1], type =    f32, size =    0.006 MiB
[  38/ 601] blk.1.post_ffw_norm.weight           - [  1536,      1,      1,      1], type =    f32, size =    0.006 MiB
[  39/ 601] blk.1.post_norm.weight               - [  1536,      1,      1,      1], type =    f32, size =    0.006 MiB
[  40/ 601] blk.1.proj.weight                    - [   256,   1536,      1,      1], type =   bf16, converting to q2_K .. size =     0.75 MiB ->     0.12 MiB
[  41/ 601] blk.2.attn_k.weight                  - [  1536,    256,      1,      1], type =   bf16, converting to q2_K .. size =     0.75 MiB ->     0.12 MiB
[  42/ 601] blk.2.attn_k_norm.weight             - [   256,      1,      1,      1], type =    f32, size =    0.001 MiB
[  43/ 601] blk.2.attn_norm.weight               - [  1536,      1,      1,      1], type =    f32, size =    0.006 MiB
[  44/ 601] blk.2.attn_output.weight             - [  2048,   1536,      1,      1], type =   bf16, converting to q3_K .. size =     6.00 MiB ->     1.29 MiB
[  45/ 601] blk.2.attn_q.weight                  - [  1536,   2048,      1,      1], type =   bf16, converting to q2_K .. size =     6.00 MiB ->     0.98 MiB
[  46/ 601] blk.2.attn_q_norm.weight             - [   256,      1,      1,      1], type =    f32, size =    0.001 MiB
[  47/ 601] blk.2.attn_v.weight                  - [  1536,    256,      1,      1], type =   bf16, converting to q4_K .. size =     0.75 MiB ->     0.21 MiB
[  48/ 601] blk.2.ffn_down.weight                - [  6144,   1536,      1,      1], type =   bf16, converting to q3_K .. size =    18.00 MiB ->     3.87 MiB
[  49/ 601] blk.2.ffn_gate.weight                - [  1536,   6144,      1,      1], type =   bf16, converting to q2_K .. size =    18.00 MiB ->     2.95 MiB
[  50/ 601] blk.2.ffn_norm.weight                - [  1536,      1,      1,      1], type =    f32, size =    0.006 MiB
[  51/ 601] blk.2.ffn_up.weight                  - [  1536,   6144,      1,      1], type =   bf16, converting to q2_K .. size =    18.00 MiB ->     2.95 MiB
[  52/ 601] blk.2.inp_gate.weight                - [  1536,    256,      1,      1], type =   bf16, converting to q2_K .. size =     0.75 MiB ->     0.12 MiB
[  53/ 601] blk.2.layer_output_scale.weight      - [     1,      1,      1,      1], type =    f32, size =    0.000 MiB
[  54/ 601] blk.2.post_attention_norm.weight     - [  1536,      1,      1,      1], type =    f32, size =    0.006 MiB
[  55/ 601] blk.2.post_ffw_norm.weight           - [  1536,      1,      1,      1], type =    f32, size =    0.006 MiB
[  56/ 601] blk.2.post_norm.weight               - [  1536,      1,      1,      1], type =    f32, size =    0.006 MiB
[  57/ 601] blk.2.proj.weight                    - [   256,   1536,      1,      1], type =   bf16, converting to q2_K .. size =     0.75 MiB ->     0.12 MiB
[  58/ 601] blk.3.attn_k.weight                  - [  1536,    256,      1,      1], type =   bf16, converting to q2_K .. size =     0.75 MiB ->     0.12 MiB
[  59/ 601] blk.3.attn_k_norm.weight             - [   256,      1,      1,      1], type =    f32, size =    0.001 MiB
[  60/ 601] blk.3.attn_norm.weight               - [  1536,      1,      1,      1], type =    f32, size =    0.006 MiB
[  61/ 601] blk.3.attn_output.weight             - [  2048,   1536,      1,      1], type =   bf16, converting to q3_K .. size =     6.00 MiB ->     1.29 MiB
[  62/ 601] blk.3.attn_q.weight                  - [  1536,   2048,      1,      1], type =   bf16, converting to q2_K .. size =     6.00 MiB ->     0.98 MiB
[  63/ 601] blk.3.attn_q_norm.weight             - [   256,      1,      1,      1], type =    f32, size =    0.001 MiB
[  64/ 601] blk.3.attn_v.weight                  - [  1536,    256,      1,      1], type =   bf16, converting to q4_K .. size =     0.75 MiB ->     0.21 MiB
[  65/ 601] blk.3.ffn_down.weight                - [  6144,   1536,      1,      1], type =   bf16, converting to q3_K .. size =    18.00 MiB ->     3.87 MiB
[  66/ 601] blk.3.ffn_gate.weight                - [  1536,   6144,      1,      1], type =   bf16, converting to q2_K .. size =    18.00 MiB ->     2.95 MiB
[  67/ 601] blk.3.ffn_norm.weight                - [  1536,      1,      1,      1], type =    f32, size =    0.006 MiB
[  68/ 601] blk.3.ffn_up.weight                  - [  1536,   6144,      1,      1], type =   bf16, converting to q2_K .. size =    18.00 MiB ->     2.95 MiB
[  69/ 601] blk.3.inp_gate.weight                - [  1536,    256,      1,      1], type =   bf16, converting to q2_K .. size =     0.75 MiB ->     0.12 MiB
[  70/ 601] blk.3.layer_output_scale.weight      - [     1,      1,      1,      1], type =    f32, size =    0.000 MiB
[  71/ 601] blk.3.post_attention_norm.weight     - [  1536,      1,      1,      1], type =    f32, size =    0.006 MiB
[  72/ 601] blk.3.post_ffw_norm.weight           - [  1536,      1,      1,      1], type =    f32, size =    0.006 MiB
[  73/ 601] blk.3.post_norm.weight               - [  1536,      1,      1,      1], type =    f32, size =    0.006 MiB
[  74/ 601] blk.3.proj.weight                    - [   256,   1536,      1,      1], type =   bf16, converting to q2_K .. size =     0.75 MiB ->     0.12 MiB
[  75/ 601] blk.4.attn_k.weight                  - [  1536,    512,      1,      1], type =   bf16, converting to q2_K .. size =     1.50 MiB ->     0.25 MiB
[  76/ 601] blk.4.attn_k_norm.weight             - [   512,      1,      1,      1], type =    f32, size =    0.002 MiB
[  77/ 601] blk.4.attn_norm.weight               - [  1536,      1,      1,      1], type =    f32, size =    0.006 MiB
[  78/ 601] blk.4.attn_output.weight             - [  4096,   1536,      1,      1], type =   bf16, converting to q3_K .. size =    12.00 MiB ->     2.58 MiB
[  79/ 601] blk.4.attn_q.weight                  - [  1536,   4096,      1,      1], type =   bf16, converting to q2_K .. size =    12.00 MiB ->     1.97 MiB
[  80/ 601] blk.4.attn_q_norm.weight             - [   512,      1,      1,      1], type =    f32, size =    0.002 MiB
[  81/ 601] blk.4.attn_v.weight                  - [  1536,    512,      1,      1], type =   bf16, converting to q4_K .. size =     1.50 MiB ->     0.42 MiB
[  82/ 601] blk.4.ffn_down.weight                - [  6144,   1536,      1,      1], type =   bf16, converting to q3_K .. size =    18.00 MiB ->     3.87 MiB
[  83/ 601] blk.4.ffn_gate.weight                - [  1536,   6144,      1,      1], type =   bf16, converting to q2_K .. size =    18.00 MiB ->     2.95 MiB
[  84/ 601] blk.4.ffn_norm.weight                - [  1536,      1,      1,      1], type =    f32, size =    0.006 MiB
[  85/ 601] blk.4.ffn_up.weight                  - [  1536,   6144,      1,      1], type =   bf16, converting to q2_K .. size =    18.00 MiB ->     2.95 MiB
[  86/ 601] blk.4.inp_gate.weight                - [  1536,    256,      1,      1], type =   bf16, converting to q2_K .. size =     0.75 MiB ->     0.12 MiB
[  87/ 601] blk.4.layer_output_scale.weight      - [     1,      1,      1,      1], type =    f32, size =    0.000 MiB
[  88/ 601] blk.4.post_attention_norm.weight     - [  1536,      1,      1,      1], type =    f32, size =    0.006 MiB
[  89/ 601] blk.4.post_ffw_norm.weight           - [  1536,      1,      1,      1], type =    f32, size =    0.006 MiB
[  90/ 601] blk.4.post_norm.weight               - [  1536,      1,      1,      1], type =    f32, size =    0.006 MiB
[  91/ 601] blk.4.proj.weight                    - [   256,   1536,      1,      1], type =   bf16, converting to q2_K .. size =     0.75 MiB ->     0.12 MiB
[  92/ 601] blk.5.attn_k.weight                  - [  1536,    256,      1,      1], type =   bf16, converting to q2_K .. size =     0.75 MiB ->     0.12 MiB
[  93/ 601] blk.5.attn_k_norm.weight             - [   256,      1,      1,      1], type =    f32, size =    0.001 MiB
[  94/ 601] blk.5.attn_norm.weight               - [  1536,      1,      1,      1], type =    f32, size =    0.006 MiB
[  95/ 601] blk.5.attn_output.weight             - [  2048,   1536,      1,      1], type =   bf16, converting to q3_K .. size =     6.00 MiB ->     1.29 MiB
[  96/ 601] blk.5.attn_q.weight                  - [  1536,   2048,      1,      1], type =   bf16, converting to q2_K .. size =     6.00 MiB ->     0.98 MiB
[  97/ 601] blk.5.attn_q_norm.weight             - [   256,      1,      1,      1], type =    f32, size =    0.001 MiB
[  98/ 601] blk.5.attn_v.weight                  - [  1536,    256,      1,      1], type =   bf16, converting to q4_K .. size =     0.75 MiB ->     0.21 MiB
[  99/ 601] blk.5.ffn_down.weight                - [  6144,   1536,      1,      1], type =   bf16, converting to q3_K .. size =    18.00 MiB ->     3.87 MiB
[ 100/ 601] blk.5.ffn_gate.weight                - [  1536,   6144,      1,      1], type =   bf16, converting to q2_K .. size =    18.00 MiB ->     2.95 MiB
[ 101/ 601] blk.5.ffn_norm.weight                - [  1536,      1,      1,      1], type =    f32, size =    0.006 MiB
[ 102/ 601] blk.5.ffn_up.weight                  - [  1536,   6144,      1,      1], type =   bf16, converting to q2_K .. size =    18.00 MiB ->     2.95 MiB
[ 103/ 601] blk.5.inp_gate.weight                - [  1536,    256,      1,      1], type =   bf16, converting to q2_K .. size =     0.75 MiB ->     0.12 MiB
[ 104/ 601] blk.5.layer_output_scale.weight      - [     1,      1,      1,      1], type =    f32, size =    0.000 MiB
[ 105/ 601] blk.5.post_attention_norm.weight     - [  1536,      1,      1,      1], type =    f32, size =    0.006 MiB
[ 106/ 601] blk.5.post_ffw_norm.weight           - [  1536,      1,      1,      1], type =    f32, size =    0.006 MiB
[ 107/ 601] blk.5.post_norm.weight               - [  1536,      1,      1,      1], type =    f32, size =    0.006 MiB
[ 108/ 601] blk.5.proj.weight                    - [   256,   1536,      1,      1], type =   bf16, converting to q2_K .. size =     0.75 MiB ->     0.12 MiB
[ 109/ 601] blk.6.attn_k.weight                  - [  1536,    256,      1,      1], type =   bf16, converting to q2_K .. size =     0.75 MiB ->     0.12 MiB
[ 110/ 601] blk.6.attn_k_norm.weight             - [   256,      1,      1,      1], type =    f32, size =    0.001 MiB
[ 111/ 601] blk.6.attn_norm.weight               - [  1536,      1,      1,      1], type =    f32, size =    0.006 MiB
[ 112/ 601] blk.6.attn_output.weight             - [  2048,   1536,      1,      1], type =   bf16, converting to q3_K .. size =     6.00 MiB ->     1.29 MiB
[ 113/ 601] blk.6.attn_q.weight                  - [  1536,   2048,      1,      1], type =   bf16, converting to q2_K .. size =     6.00 MiB ->     0.98 MiB
[ 114/ 601] blk.6.attn_q_norm.weight             - [   256,      1,      1,      1], type =    f32, size =    0.001 MiB
[ 115/ 601] blk.6.attn_v.weight                  - [  1536,    256,      1,      1], type =   bf16, converting to q4_K .. size =     0.75 MiB ->     0.21 MiB
[ 116/ 601] blk.6.ffn_down.weight                - [  6144,   1536,      1,      1], type =   bf16, converting to q3_K .. size =    18.00 MiB ->     3.87 MiB
[ 117/ 601] blk.6.ffn_gate.weight                - [  1536,   6144,      1,      1], type =   bf16, converting to q2_K .. size =    18.00 MiB ->     2.95 MiB
[ 118/ 601] blk.6.ffn_norm.weight                - [  1536,      1,      1,      1], type =    f32, size =    0.006 MiB
[ 119/ 601] blk.6.ffn_up.weight                  - [  1536,   6144,      1,      1], type =   bf16, converting to q2_K .. size =    18.00 MiB ->     2.95 MiB
[ 120/ 601] blk.6.inp_gate.weight                - [  1536,    256,      1,      1], type =   bf16, converting to q2_K .. size =     0.75 MiB ->     0.12 MiB
[ 121/ 601] blk.6.layer_output_scale.weight      - [     1,      1,      1,      1], type =    f32, size =    0.000 MiB
[ 122/ 601] blk.6.post_attention_norm.weight     - [  1536,      1,      1,      1], type =    f32, size =    0.006 MiB
[ 123/ 601] blk.6.post_ffw_norm.weight           - [  1536,      1,      1,      1], type =    f32, size =    0.006 MiB
[ 124/ 601] blk.6.post_norm.weight               - [  1536,      1,      1,      1], type =    f32, size =    0.006 MiB
[ 125/ 601] blk.6.proj.weight                    - [   256,   1536,      1,      1], type =   bf16, converting to q2_K .. size =     0.75 MiB ->     0.12 MiB
[ 126/ 601] blk.7.attn_k.weight                  - [  1536,    256,      1,      1], type =   bf16, converting to q2_K .. size =     0.75 MiB ->     0.12 MiB
[ 127/ 601] blk.7.attn_k_norm.weight             - [   256,      1,      1,      1], type =    f32, size =    0.001 MiB
[ 128/ 601] blk.7.attn_norm.weight               - [  1536,      1,      1,      1], type =    f32, size =    0.006 MiB
[ 129/ 601] blk.7.attn_output.weight             - [  2048,   1536,      1,      1], type =   bf16, converting to q3_K .. size =     6.00 MiB ->     1.29 MiB
[ 130/ 601] blk.7.attn_q.weight                  - [  1536,   2048,      1,      1], type =   bf16, converting to q2_K .. size =     6.00 MiB ->     0.98 MiB
[ 131/ 601] blk.7.attn_q_norm.weight             - [   256,      1,      1,      1], type =    f32, size =    0.001 MiB
[ 132/ 601] blk.7.attn_v.weight                  - [  1536,    256,      1,      1], type =   bf16, converting to q4_K .. size =     0.75 MiB ->     0.21 MiB
[ 133/ 601] blk.7.ffn_down.weight                - [  6144,   1536,      1,      1], type =   bf16, converting to q3_K .. size =    18.00 MiB ->     3.87 MiB
[ 134/ 601] blk.7.ffn_gate.weight                - [  1536,   6144,      1,      1], type =   bf16, converting to q2_K .. size =    18.00 MiB ->     2.95 MiB
[ 135/ 601] blk.7.ffn_norm.weight                - [  1536,      1,      1,      1], type =    f32, size =    0.006 MiB
[ 136/ 601] blk.7.ffn_up.weight                  - [  1536,   6144,      1,      1], type =   bf16, converting to q2_K .. size =    18.00 MiB ->     2.95 MiB
[ 137/ 601] blk.7.inp_gate.weight                - [  1536,    256,      1,      1], type =   bf16, converting to q2_K .. size =     0.75 MiB ->     0.12 MiB
[ 138/ 601] blk.7.layer_output_scale.weight      - [     1,      1,      1,      1], type =    f32, size =    0.000 MiB
[ 139/ 601] blk.7.post_attention_norm.weight     - [  1536,      1,      1,      1], type =    f32, size =    0.006 MiB
[ 140/ 601] blk.7.post_ffw_norm.weight           - [  1536,      1,      1,      1], type =    f32, size =    0.006 MiB
[ 141/ 601] blk.7.post_norm.weight               - [  1536,      1,      1,      1], type =    f32, size =    0.006 MiB
[ 142/ 601] blk.7.proj.weight                    - [   256,   1536,      1,      1], type =   bf16, converting to q2_K .. size =     0.75 MiB ->     0.12 MiB
[ 143/ 601] blk.8.attn_k.weight                  - [  1536,    256,      1,      1], type =   bf16, converting to q2_K .. size =     0.75 MiB ->     0.12 MiB
[ 144/ 601] blk.8.attn_k_norm.weight             - [   256,      1,      1,      1], type =    f32, size =    0.001 MiB
[ 145/ 601] blk.8.attn_norm.weight               - [  1536,      1,      1,      1], type =    f32, size =    0.006 MiB
[ 146/ 601] blk.8.attn_output.weight             - [  2048,   1536,      1,      1], type =   bf16, converting to q3_K .. size =     6.00 MiB ->     1.29 MiB
[ 147/ 601] blk.8.attn_q.weight                  - [  1536,   2048,      1,      1], type =   bf16, converting to q2_K .. size =     6.00 MiB ->     0.98 MiB
[ 148/ 601] blk.8.attn_q_norm.weight             - [   256,      1,      1,      1], type =    f32, size =    0.001 MiB
[ 149/ 601] blk.8.attn_v.weight                  - [  1536,    256,      1,      1], type =   bf16, converting to q4_K .. size =     0.75 MiB ->     0.21 MiB
[ 150/ 601] blk.8.ffn_down.weight                - [  6144,   1536,      1,      1], type =   bf16, converting to q3_K .. size =    18.00 MiB ->     3.87 MiB
[ 151/ 601] blk.8.ffn_gate.weight                - [  1536,   6144,      1,      1], type =   bf16, converting to q2_K .. size =    18.00 MiB ->     2.95 MiB
[ 152/ 601] blk.8.ffn_norm.weight                - [  1536,      1,      1,      1], type =    f32, size =    0.006 MiB
[ 153/ 601] blk.8.ffn_up.weight                  - [  1536,   6144,      1,      1], type =   bf16, converting to q2_K .. size =    18.00 MiB ->     2.95 MiB
[ 154/ 601] blk.8.inp_gate.weight                - [  1536,    256,      1,      1], type =   bf16, converting to q2_K .. size =     0.75 MiB ->     0.12 MiB
[ 155/ 601] blk.8.layer_output_scale.weight      - [     1,      1,      1,      1], type =    f32, size =    0.000 MiB
[ 156/ 601] blk.8.post_attention_norm.weight     - [  1536,      1,      1,      1], type =    f32, size =    0.006 MiB
[ 157/ 601] blk.8.post_ffw_norm.weight           - [  1536,      1,      1,      1], type =    f32, size =    0.006 MiB
[ 158/ 601] blk.8.post_norm.weight               - [  1536,      1,      1,      1], type =    f32, size =    0.006 MiB
[ 159/ 601] blk.8.proj.weight                    - [   256,   1536,      1,      1], type =   bf16, converting to q2_K .. size =     0.75 MiB ->     0.12 MiB
[ 160/ 601] blk.9.attn_k.weight                  - [  1536,    512,      1,      1], type =   bf16, converting to q2_K .. size =     1.50 MiB ->     0.25 MiB
[ 161/ 601] blk.9.attn_k_norm.weight             - [   512,      1,      1,      1], type =    f32, size =    0.002 MiB
[ 162/ 601] blk.9.attn_norm.weight               - [  1536,      1,      1,      1], type =    f32, size =    0.006 MiB
[ 163/ 601] blk.9.attn_output.weight             - [  4096,   1536,      1,      1], type =   bf16, converting to q3_K .. size =    12.00 MiB ->     2.58 MiB
[ 164/ 601] blk.9.attn_q.weight                  - [  1536,   4096,      1,      1], type =   bf16, converting to q2_K .. size =    12.00 MiB ->     1.97 MiB
[ 165/ 601] blk.9.attn_q_norm.weight             - [   512,      1,      1,      1], type =    f32, size =    0.002 MiB
[ 166/ 601] blk.9.attn_v.weight                  - [  1536,    512,      1,      1], type =   bf16, converting to q4_K .. size =     1.50 MiB ->     0.42 MiB
[ 167/ 601] blk.9.ffn_down.weight                - [  6144,   1536,      1,      1], type =   bf16, converting to q3_K .. size =    18.00 MiB ->     3.87 MiB
[ 168/ 601] blk.9.ffn_gate.weight                - [  1536,   6144,      1,      1], type =   bf16, converting to q2_K .. size =    18.00 MiB ->     2.95 MiB
[ 169/ 601] blk.9.ffn_norm.weight                - [  1536,      1,      1,      1], type =    f32, size =    0.006 MiB
[ 170/ 601] blk.9.ffn_up.weight                  - [  1536,   6144,      1,      1], type =   bf16, converting to q2_K .. size =    18.00 MiB ->     2.95 MiB
[ 171/ 601] blk.9.inp_gate.weight                - [  1536,    256,      1,      1], type =   bf16, converting to q2_K .. size =     0.75 MiB ->     0.12 MiB
[ 172/ 601] blk.9.layer_output_scale.weight      - [     1,      1,      1,      1], type =    f32, size =    0.000 MiB
[ 173/ 601] blk.9.post_attention_norm.weight     - [  1536,      1,      1,      1], type =    f32, size =    0.006 MiB
[ 174/ 601] blk.9.post_ffw_norm.weight           - [  1536,      1,      1,      1], type =    f32, size =    0.006 MiB
[ 175/ 601] blk.9.post_norm.weight               - [  1536,      1,      1,      1], type =    f32, size =    0.006 MiB
[ 176/ 601] blk.9.proj.weight                    - [   256,   1536,      1,      1], type =   bf16, converting to q2_K .. size =     0.75 MiB ->     0.12 MiB
[ 177/ 601] blk.10.attn_k.weight                 - [  1536,    256,      1,      1], type =   bf16, converting to q2_K .. size =     0.75 MiB ->     0.12 MiB
[ 178/ 601] blk.10.attn_k_norm.weight            - [   256,      1,      1,      1], type =    f32, size =    0.001 MiB
[ 179/ 601] blk.10.attn_norm.weight              - [  1536,      1,      1,      1], type =    f32, size =    0.006 MiB
[ 180/ 601] blk.10.attn_output.weight            - [  2048,   1536,      1,      1], type =   bf16, converting to q3_K .. size =     6.00 MiB ->     1.29 MiB
[ 181/ 601] blk.10.attn_q.weight                 - [  1536,   2048,      1,      1], type =   bf16, converting to q2_K .. size =     6.00 MiB ->     0.98 MiB
[ 182/ 601] blk.10.attn_q_norm.weight            - [   256,      1,      1,      1], type =    f32, size =    0.001 MiB
[ 183/ 601] blk.10.attn_v.weight                 - [  1536,    256,      1,      1], type =   bf16, converting to q4_K .. size =     0.75 MiB ->     0.21 MiB
[ 184/ 601] blk.10.ffn_down.weight               - [  6144,   1536,      1,      1], type =   bf16, converting to q3_K .. size =    18.00 MiB ->     3.87 MiB
[ 185/ 601] blk.10.ffn_gate.weight               - [  1536,   6144,      1,      1], type =   bf16, converting to q2_K .. size =    18.00 MiB ->     2.95 MiB
[ 186/ 601] blk.10.ffn_norm.weight               - [  1536,      1,      1,      1], type =    f32, size =    0.006 MiB
[ 187/ 601] blk.10.ffn_up.weight                 - [  1536,   6144,      1,      1], type =   bf16, converting to q2_K .. size =    18.00 MiB ->     2.95 MiB
[ 188/ 601] blk.10.inp_gate.weight               - [  1536,    256,      1,      1], type =   bf16, converting to q2_K .. size =     0.75 MiB ->     0.12 MiB
[ 189/ 601] blk.10.layer_output_scale.weight     - [     1,      1,      1,      1], type =    f32, size =    0.000 MiB
[ 190/ 601] blk.10.post_attention_norm.weight    - [  1536,      1,      1,      1], type =    f32, size =    0.006 MiB
[ 191/ 601] blk.10.post_ffw_norm.weight          - [  1536,      1,      1,      1], type =    f32, size =    0.006 MiB
[ 192/ 601] blk.10.post_norm.weight              - [  1536,      1,      1,      1], type =    f32, size =    0.006 MiB
[ 193/ 601] blk.10.proj.weight                   - [   256,   1536,      1,      1], type =   bf16, converting to q2_K .. size =     0.75 MiB ->     0.12 MiB
[ 194/ 601] blk.11.attn_k.weight                 - [  1536,    256,      1,      1], type =   bf16, converting to q2_K .. size =     0.75 MiB ->     0.12 MiB
[ 195/ 601] blk.11.attn_k_norm.weight            - [   256,      1,      1,      1], type =    f32, size =    0.001 MiB
[ 196/ 601] blk.11.attn_norm.weight              - [  1536,      1,      1,      1], type =    f32, size =    0.006 MiB
[ 197/ 601] blk.11.attn_output.weight            - [  2048,   1536,      1,      1], type =   bf16, converting to q3_K .. size =     6.00 MiB ->     1.29 MiB
[ 198/ 601] blk.11.attn_q.weight                 - [  1536,   2048,      1,      1], type =   bf16, converting to q2_K .. size =     6.00 MiB ->     0.98 MiB
[ 199/ 601] blk.11.attn_q_norm.weight            - [   256,      1,      1,      1], type =    f32, size =    0.001 MiB
[ 200/ 601] blk.11.attn_v.weight                 - [  1536,    256,      1,      1], type =   bf16, converting to q4_K .. size =     0.75 MiB ->     0.21 MiB
[ 201/ 601] blk.11.ffn_down.weight               - [  6144,   1536,      1,      1], type =   bf16, converting to q3_K .. size =    18.00 MiB ->     3.87 MiB
[ 202/ 601] blk.11.ffn_gate.weight               - [  1536,   6144,      1,      1], type =   bf16, converting to q2_K .. size =    18.00 MiB ->     2.95 MiB
[ 203/ 601] blk.11.ffn_norm.weight               - [  1536,      1,      1,      1], type =    f32, size =    0.006 MiB
[ 204/ 601] blk.11.ffn_up.weight                 - [  1536,   6144,      1,      1], type =   bf16, converting to q2_K .. size =    18.00 MiB ->     2.95 MiB
[ 205/ 601] blk.11.inp_gate.weight               - [  1536,    256,      1,      1], type =   bf16, converting to q2_K .. size =     0.75 MiB ->     0.12 MiB
[ 206/ 601] blk.11.layer_output_scale.weight     - [     1,      1,      1,      1], type =    f32, size =    0.000 MiB
[ 207/ 601] blk.11.post_attention_norm.weight    - [  1536,      1,      1,      1], type =    f32, size =    0.006 MiB
[ 208/ 601] blk.11.post_ffw_norm.weight          - [  1536,      1,      1,      1], type =    f32, size =    0.006 MiB
[ 209/ 601] blk.11.post_norm.weight              - [  1536,      1,      1,      1], type =    f32, size =    0.006 MiB
[ 210/ 601] blk.11.proj.weight                   - [   256,   1536,      1,      1], type =   bf16, converting to q2_K .. size =     0.75 MiB ->     0.12 MiB
[ 211/ 601] blk.12.attn_k.weight                 - [  1536,    256,      1,      1], type =   bf16, converting to q2_K .. size =     0.75 MiB ->     0.12 MiB
[ 212/ 601] blk.12.attn_k_norm.weight            - [   256,      1,      1,      1], type =    f32, size =    0.001 MiB
[ 213/ 601] blk.12.attn_norm.weight              - [  1536,      1,      1,      1], type =    f32, size =    0.006 MiB
[ 214/ 601] blk.12.attn_output.weight            - [  2048,   1536,      1,      1], type =   bf16, converting to q3_K .. size =     6.00 MiB ->     1.29 MiB
[ 215/ 601] blk.12.attn_q.weight                 - [  1536,   2048,      1,      1], type =   bf16, converting to q2_K .. size =     6.00 MiB ->     0.98 MiB
[ 216/ 601] blk.12.attn_q_norm.weight            - [   256,      1,      1,      1], type =    f32, size =    0.001 MiB
[ 217/ 601] blk.12.attn_v.weight                 - [  1536,    256,      1,      1], type =   bf16, converting to q4_K .. size =     0.75 MiB ->     0.21 MiB
[ 218/ 601] blk.12.ffn_down.weight               - [  6144,   1536,      1,      1], type =   bf16, converting to q3_K .. size =    18.00 MiB ->     3.87 MiB
[ 219/ 601] blk.12.ffn_gate.weight               - [  1536,   6144,      1,      1], type =   bf16, converting to q2_K .. size =    18.00 MiB ->     2.95 MiB
[ 220/ 601] blk.12.ffn_norm.weight               - [  1536,      1,      1,      1], type =    f32, size =    0.006 MiB
[ 221/ 601] blk.12.ffn_up.weight                 - [  1536,   6144,      1,      1], type =   bf16, converting to q2_K .. size =    18.00 MiB ->     2.95 MiB
[ 222/ 601] blk.12.inp_gate.weight               - [  1536,    256,      1,      1], type =   bf16, converting to q2_K .. size =     0.75 MiB ->     0.12 MiB
[ 223/ 601] blk.12.layer_output_scale.weight     - [     1,      1,      1,      1], type =    f32, size =    0.000 MiB
[ 224/ 601] blk.12.post_attention_norm.weight    - [  1536,      1,      1,      1], type =    f32, size =    0.006 MiB
[ 225/ 601] blk.12.post_ffw_norm.weight          - [  1536,      1,      1,      1], type =    f32, size =    0.006 MiB
[ 226/ 601] blk.12.post_norm.weight              - [  1536,      1,      1,      1], type =    f32, size =    0.006 MiB
[ 227/ 601] blk.12.proj.weight                   - [   256,   1536,      1,      1], type =   bf16, converting to q2_K .. size =     0.75 MiB ->     0.12 MiB
[ 228/ 601] blk.13.attn_k.weight                 - [  1536,    256,      1,      1], type =   bf16, converting to q2_K .. size =     0.75 MiB ->     0.12 MiB
[ 229/ 601] blk.13.attn_k_norm.weight            - [   256,      1,      1,      1], type =    f32, size =    0.001 MiB
[ 230/ 601] blk.13.attn_norm.weight              - [  1536,      1,      1,      1], type =    f32, size =    0.006 MiB
[ 231/ 601] blk.13.attn_output.weight            - [  2048,   1536,      1,      1], type =   bf16, converting to q3_K .. size =     6.00 MiB ->     1.29 MiB
[ 232/ 601] blk.13.attn_q.weight                 - [  1536,   2048,      1,      1], type =   bf16, converting to q2_K .. size =     6.00 MiB ->     0.98 MiB
[ 233/ 601] blk.13.attn_q_norm.weight            - [   256,      1,      1,      1], type =    f32, size =    0.001 MiB
[ 234/ 601] blk.13.attn_v.weight                 - [  1536,    256,      1,      1], type =   bf16, converting to q4_K .. size =     0.75 MiB ->     0.21 MiB
[ 235/ 601] blk.13.ffn_down.weight               - [  6144,   1536,      1,      1], type =   bf16, converting to q3_K .. size =    18.00 MiB ->     3.87 MiB
[ 236/ 601] blk.13.ffn_gate.weight               - [  1536,   6144,      1,      1], type =   bf16, converting to q2_K .. size =    18.00 MiB ->     2.95 MiB
[ 237/ 601] blk.13.ffn_norm.weight               - [  1536,      1,      1,      1], type =    f32, size =    0.006 MiB
[ 238/ 601] blk.13.ffn_up.weight                 - [  1536,   6144,      1,      1], type =   bf16, converting to q2_K .. size =    18.00 MiB ->     2.95 MiB
[ 239/ 601] blk.13.inp_gate.weight               - [  1536,    256,      1,      1], type =   bf16, converting to q2_K .. size =     0.75 MiB ->     0.12 MiB
[ 240/ 601] blk.13.layer_output_scale.weight     - [     1,      1,      1,      1], type =    f32, size =    0.000 MiB
[ 241/ 601] blk.13.post_attention_norm.weight    - [  1536,      1,      1,      1], type =    f32, size =    0.006 MiB
[ 242/ 601] blk.13.post_ffw_norm.weight          - [  1536,      1,      1,      1], type =    f32, size =    0.006 MiB
[ 243/ 601] blk.13.post_norm.weight              - [  1536,      1,      1,      1], type =    f32, size =    0.006 MiB
[ 244/ 601] blk.13.proj.weight                   - [   256,   1536,      1,      1], type =   bf16, converting to q2_K .. size =     0.75 MiB ->     0.12 MiB
[ 245/ 601] blk.14.attn_k.weight                 - [  1536,    512,      1,      1], type =   bf16, converting to q2_K .. size =     1.50 MiB ->     0.25 MiB
[ 246/ 601] blk.14.attn_k_norm.weight            - [   512,      1,      1,      1], type =    f32, size =    0.002 MiB
[ 247/ 601] blk.14.attn_norm.weight              - [  1536,      1,      1,      1], type =    f32, size =    0.006 MiB
[ 248/ 601] blk.14.attn_output.weight            - [  4096,   1536,      1,      1], type =   bf16, converting to q3_K .. size =    12.00 MiB ->     2.58 MiB
[ 249/ 601] blk.14.attn_q.weight                 - [  1536,   4096,      1,      1], type =   bf16, converting to q2_K .. size =    12.00 MiB ->     1.97 MiB
[ 250/ 601] blk.14.attn_q_norm.weight            - [   512,      1,      1,      1], type =    f32, size =    0.002 MiB
[ 251/ 601] blk.14.attn_v.weight                 - [  1536,    512,      1,      1], type =   bf16, converting to q4_K .. size =     1.50 MiB ->     0.42 MiB
[ 252/ 601] blk.14.ffn_down.weight               - [  6144,   1536,      1,      1], type =   bf16, converting to q3_K .. size =    18.00 MiB ->     3.87 MiB
[ 253/ 601] blk.14.ffn_gate.weight               - [  1536,   6144,      1,      1], type =   bf16, converting to q2_K .. size =    18.00 MiB ->     2.95 MiB
[ 254/ 601] blk.14.ffn_norm.weight               - [  1536,      1,      1,      1], type =    f32, size =    0.006 MiB
[ 255/ 601] blk.14.ffn_up.weight                 - [  1536,   6144,      1,      1], type =   bf16, converting to q2_K .. size =    18.00 MiB ->     2.95 MiB
[ 256/ 601] blk.14.inp_gate.weight               - [  1536,    256,      1,      1], type =   bf16, converting to q2_K .. size =     0.75 MiB ->     0.12 MiB
[ 257/ 601] blk.14.layer_output_scale.weight     - [     1,      1,      1,      1], type =    f32, size =    0.000 MiB
[ 258/ 601] blk.14.post_attention_norm.weight    - [  1536,      1,      1,      1], type =    f32, size =    0.006 MiB
[ 259/ 601] blk.14.post_ffw_norm.weight          - [  1536,      1,      1,      1], type =    f32, size =    0.006 MiB
[ 260/ 601] blk.14.post_norm.weight              - [  1536,      1,      1,      1], type =    f32, size =    0.006 MiB
[ 261/ 601] blk.14.proj.weight                   - [   256,   1536,      1,      1], type =   bf16, converting to q2_K .. size =     0.75 MiB ->     0.12 MiB
[ 262/ 601] blk.15.attn_k.weight                 - [  1536,    256,      1,      1], type =   bf16, converting to q2_K .. size =     0.75 MiB ->     0.12 MiB
[ 263/ 601] blk.15.attn_k_norm.weight            - [   256,      1,      1,      1], type =    f32, size =    0.001 MiB
[ 264/ 601] blk.15.attn_norm.weight              - [  1536,      1,      1,      1], type =    f32, size =    0.006 MiB
[ 265/ 601] blk.15.attn_output.weight            - [  2048,   1536,      1,      1], type =   bf16, converting to q3_K .. size =     6.00 MiB ->     1.29 MiB
[ 266/ 601] blk.15.attn_q.weight                 - [  1536,   2048,      1,      1], type =   bf16, converting to q2_K .. size =     6.00 MiB ->     0.98 MiB
[ 267/ 601] blk.15.attn_q_norm.weight            - [   256,      1,      1,      1], type =    f32, size =    0.001 MiB
[ 268/ 601] blk.15.attn_v.weight                 - [  1536,    256,      1,      1], type =   bf16, converting to q4_K .. size =     0.75 MiB ->     0.21 MiB
[ 269/ 601] blk.15.ffn_down.weight               - [ 12288,   1536,      1,      1], type =   bf16, converting to q3_K .. size =    36.00 MiB ->     7.73 MiB
[ 270/ 601] blk.15.ffn_gate.weight               - [  1536,  12288,      1,      1], type =   bf16, converting to q2_K .. size =    36.00 MiB ->     5.91 MiB
[ 271/ 601] blk.15.ffn_norm.weight               - [  1536,      1,      1,      1], type =    f32, size =    0.006 MiB
[ 272/ 601] blk.15.ffn_up.weight                 - [  1536,  12288,      1,      1], type =   bf16, converting to q2_K .. size =    36.00 MiB ->     5.91 MiB
[ 273/ 601] blk.15.inp_gate.weight               - [  1536,    256,      1,      1], type =   bf16, converting to q2_K .. size =     0.75 MiB ->     0.12 MiB
[ 274/ 601] blk.15.layer_output_scale.weight     - [     1,      1,      1,      1], type =    f32, size =    0.000 MiB
[ 275/ 601] blk.15.post_attention_norm.weight    - [  1536,      1,      1,      1], type =    f32, size =    0.006 MiB
[ 276/ 601] blk.15.post_ffw_norm.weight          - [  1536,      1,      1,      1], type =    f32, size =    0.006 MiB
[ 277/ 601] blk.15.post_norm.weight              - [  1536,      1,      1,      1], type =    f32, size =    0.006 MiB
[ 278/ 601] blk.15.proj.weight                   - [   256,   1536,      1,      1], type =   bf16, converting to q2_K .. size =     0.75 MiB ->     0.12 MiB
[ 279/ 601] blk.16.attn_k.weight                 - [  1536,    256,      1,      1], type =   bf16, converting to q2_K .. size =     0.75 MiB ->     0.12 MiB
[ 280/ 601] blk.16.attn_k_norm.weight            - [   256,      1,      1,      1], type =    f32, size =    0.001 MiB
[ 281/ 601] blk.16.attn_norm.weight              - [  1536,      1,      1,      1], type =    f32, size =    0.006 MiB
[ 282/ 601] blk.16.attn_output.weight            - [  2048,   1536,      1,      1], type =   bf16, converting to q3_K .. size =     6.00 MiB ->     1.29 MiB
[ 283/ 601] blk.16.attn_q.weight                 - [  1536,   2048,      1,      1], type =   bf16, converting to q2_K .. size =     6.00 MiB ->     0.98 MiB
[ 284/ 601] blk.16.attn_q_norm.weight            - [   256,      1,      1,      1], type =    f32, size =    0.001 MiB
[ 285/ 601] blk.16.attn_v.weight                 - [  1536,    256,      1,      1], type =   bf16, converting to q4_K .. size =     0.75 MiB ->     0.21 MiB
[ 286/ 601] blk.16.ffn_down.weight               - [ 12288,   1536,      1,      1], type =   bf16, converting to q3_K .. size =    36.00 MiB ->     7.73 MiB
[ 287/ 601] blk.16.ffn_gate.weight               - [  1536,  12288,      1,      1], type =   bf16, converting to q2_K .. size =    36.00 MiB ->     5.91 MiB
[ 288/ 601] blk.16.ffn_norm.weight               - [  1536,      1,      1,      1], type =    f32, size =    0.006 MiB
[ 289/ 601] blk.16.ffn_up.weight                 - [  1536,  12288,      1,      1], type =   bf16, converting to q2_K .. size =    36.00 MiB ->     5.91 MiB
[ 290/ 601] blk.16.inp_gate.weight               - [  1536,    256,      1,      1], type =   bf16, converting to q2_K .. size =     0.75 MiB ->     0.12 MiB
[ 291/ 601] blk.16.layer_output_scale.weight     - [     1,      1,      1,      1], type =    f32, size =    0.000 MiB
[ 292/ 601] blk.16.post_attention_norm.weight    - [  1536,      1,      1,      1], type =    f32, size =    0.006 MiB
[ 293/ 601] blk.16.post_ffw_norm.weight          - [  1536,      1,      1,      1], type =    f32, size =    0.006 MiB
[ 294/ 601] blk.16.post_norm.weight              - [  1536,      1,      1,      1], type =    f32, size =    0.006 MiB
[ 295/ 601] blk.16.proj.weight                   - [   256,   1536,      1,      1], type =   bf16, converting to q2_K .. size =     0.75 MiB ->     0.12 MiB
[ 296/ 601] blk.17.attn_k.weight                 - [  1536,    256,      1,      1], type =   bf16, converting to q2_K .. size =     0.75 MiB ->     0.12 MiB
[ 297/ 601] blk.17.attn_k_norm.weight            - [   256,      1,      1,      1], type =    f32, size =    0.001 MiB
[ 298/ 601] blk.17.attn_norm.weight              - [  1536,      1,      1,      1], type =    f32, size =    0.006 MiB
[ 299/ 601] blk.17.attn_output.weight            - [  2048,   1536,      1,      1], type =   bf16, converting to q3_K .. size =     6.00 MiB ->     1.29 MiB
[ 300/ 601] blk.17.attn_q.weight                 - [  1536,   2048,      1,      1], type =   bf16, converting to q2_K .. size =     6.00 MiB ->     0.98 MiB
[ 301/ 601] blk.17.attn_q_norm.weight            - [   256,      1,      1,      1], type =    f32, size =    0.001 MiB
[ 302/ 601] blk.17.attn_v.weight                 - [  1536,    256,      1,      1], type =   bf16, converting to q4_K .. size =     0.75 MiB ->     0.21 MiB
[ 303/ 601] blk.17.ffn_down.weight               - [ 12288,   1536,      1,      1], type =   bf16, converting to q3_K .. size =    36.00 MiB ->     7.73 MiB
[ 304/ 601] blk.17.ffn_gate.weight               - [  1536,  12288,      1,      1], type =   bf16, converting to q2_K .. size =    36.00 MiB ->     5.91 MiB
[ 305/ 601] blk.17.ffn_norm.weight               - [  1536,      1,      1,      1], type =    f32, size =    0.006 MiB
[ 306/ 601] blk.17.ffn_up.weight                 - [  1536,  12288,      1,      1], type =   bf16, converting to q2_K .. size =    36.00 MiB ->     5.91 MiB
[ 307/ 601] blk.17.inp_gate.weight               - [  1536,    256,      1,      1], type =   bf16, converting to q2_K .. size =     0.75 MiB ->     0.12 MiB
[ 308/ 601] blk.17.layer_output_scale.weight     - [     1,      1,      1,      1], type =    f32, size =    0.000 MiB
[ 309/ 601] blk.17.post_attention_norm.weight    - [  1536,      1,      1,      1], type =    f32, size =    0.006 MiB
[ 310/ 601] blk.17.post_ffw_norm.weight          - [  1536,      1,      1,      1], type =    f32, size =    0.006 MiB
[ 311/ 601] blk.17.post_norm.weight              - [  1536,      1,      1,      1], type =    f32, size =    0.006 MiB
[ 312/ 601] blk.17.proj.weight                   - [   256,   1536,      1,      1], type =   bf16, converting to q2_K .. size =     0.75 MiB ->     0.12 MiB
[ 313/ 601] blk.18.attn_k.weight                 - [  1536,    256,      1,      1], type =   bf16, converting to q2_K .. size =     0.75 MiB ->     0.12 MiB
[ 314/ 601] blk.18.attn_k_norm.weight            - [   256,      1,      1,      1], type =    f32, size =    0.001 MiB
[ 315/ 601] blk.18.attn_norm.weight              - [  1536,      1,      1,      1], type =    f32, size =    0.006 MiB
[ 316/ 601] blk.18.attn_output.weight            - [  2048,   1536,      1,      1], type =   bf16, converting to q3_K .. size =     6.00 MiB ->     1.29 MiB
[ 317/ 601] blk.18.attn_q.weight                 - [  1536,   2048,      1,      1], type =   bf16, converting to q2_K .. size =     6.00 MiB ->     0.98 MiB
[ 318/ 601] blk.18.attn_q_norm.weight            - [   256,      1,      1,      1], type =    f32, size =    0.001 MiB
[ 319/ 601] blk.18.attn_v.weight                 - [  1536,    256,      1,      1], type =   bf16, converting to q4_K .. size =     0.75 MiB ->     0.21 MiB
[ 320/ 601] blk.18.ffn_down.weight               - [ 12288,   1536,      1,      1], type =   bf16, converting to q3_K .. size =    36.00 MiB ->     7.73 MiB
[ 321/ 601] blk.18.ffn_gate.weight               - [  1536,  12288,      1,      1], type =   bf16, converting to q2_K .. size =    36.00 MiB ->     5.91 MiB
[ 322/ 601] blk.18.ffn_norm.weight               - [  1536,      1,      1,      1], type =    f32, size =    0.006 MiB
[ 323/ 601] blk.18.ffn_up.weight                 - [  1536,  12288,      1,      1], type =   bf16, converting to q2_K .. size =    36.00 MiB ->     5.91 MiB
[ 324/ 601] blk.18.inp_gate.weight               - [  1536,    256,      1,      1], type =   bf16, converting to q2_K .. size =     0.75 MiB ->     0.12 MiB
[ 325/ 601] blk.18.layer_output_scale.weight     - [     1,      1,      1,      1], type =    f32, size =    0.000 MiB
[ 326/ 601] blk.18.post_attention_norm.weight    - [  1536,      1,      1,      1], type =    f32, size =    0.006 MiB
[ 327/ 601] blk.18.post_ffw_norm.weight          - [  1536,      1,      1,      1], type =    f32, size =    0.006 MiB
[ 328/ 601] blk.18.post_norm.weight              - [  1536,      1,      1,      1], type =    f32, size =    0.006 MiB
[ 329/ 601] blk.18.proj.weight                   - [   256,   1536,      1,      1], type =   bf16, converting to q2_K .. size =     0.75 MiB ->     0.12 MiB
[ 330/ 601] blk.19.attn_k.weight                 - [  1536,    512,      1,      1], type =   bf16, converting to q2_K .. size =     1.50 MiB ->     0.25 MiB
[ 331/ 601] blk.19.attn_k_norm.weight            - [   512,      1,      1,      1], type =    f32, size =    0.002 MiB
[ 332/ 601] blk.19.attn_norm.weight              - [  1536,      1,      1,      1], type =    f32, size =    0.006 MiB
[ 333/ 601] blk.19.attn_output.weight            - [  4096,   1536,      1,      1], type =   bf16, converting to q3_K .. size =    12.00 MiB ->     2.58 MiB
[ 334/ 601] blk.19.attn_q.weight                 - [  1536,   4096,      1,      1], type =   bf16, converting to q2_K .. size =    12.00 MiB ->     1.97 MiB
[ 335/ 601] blk.19.attn_q_norm.weight            - [   512,      1,      1,      1], type =    f32, size =    0.002 MiB
[ 336/ 601] blk.19.attn_v.weight                 - [  1536,    512,      1,      1], type =   bf16, converting to q4_K .. size =     1.50 MiB ->     0.42 MiB
[ 337/ 601] blk.19.ffn_down.weight               - [ 12288,   1536,      1,      1], type =   bf16, converting to q3_K .. size =    36.00 MiB ->     7.73 MiB
[ 338/ 601] blk.19.ffn_gate.weight               - [  1536,  12288,      1,      1], type =   bf16, converting to q2_K .. size =    36.00 MiB ->     5.91 MiB
[ 339/ 601] blk.19.ffn_norm.weight               - [  1536,      1,      1,      1], type =    f32, size =    0.006 MiB
[ 340/ 601] blk.19.ffn_up.weight                 - [  1536,  12288,      1,      1], type =   bf16, converting to q2_K .. size =    36.00 MiB ->     5.91 MiB
[ 341/ 601] blk.19.inp_gate.weight               - [  1536,    256,      1,      1], type =   bf16, converting to q2_K .. size =     0.75 MiB ->     0.12 MiB
[ 342/ 601] blk.19.layer_output_scale.weight     - [     1,      1,      1,      1], type =    f32, size =    0.000 MiB
[ 343/ 601] blk.19.post_attention_norm.weight    - [  1536,      1,      1,      1], type =    f32, size =    0.006 MiB
[ 344/ 601] blk.19.post_ffw_norm.weight          - [  1536,      1,      1,      1], type =    f32, size =    0.006 MiB
[ 345/ 601] blk.19.post_norm.weight              - [  1536,      1,      1,      1], type =    f32, size =    0.006 MiB
[ 346/ 601] blk.19.proj.weight                   - [   256,   1536,      1,      1], type =   bf16, converting to q2_K .. size =     0.75 MiB ->     0.12 MiB
[ 347/ 601] blk.20.attn_k.weight                 - [  1536,    256,      1,      1], type =   bf16, converting to q2_K .. size =     0.75 MiB ->     0.12 MiB
[ 348/ 601] blk.20.attn_k_norm.weight            - [   256,      1,      1,      1], type =    f32, size =    0.001 MiB
[ 349/ 601] blk.20.attn_norm.weight              - [  1536,      1,      1,      1], type =    f32, size =    0.006 MiB
[ 350/ 601] blk.20.attn_output.weight            - [  2048,   1536,      1,      1], type =   bf16, converting to q3_K .. size =     6.00 MiB ->     1.29 MiB
[ 351/ 601] blk.20.attn_q.weight                 - [  1536,   2048,      1,      1], type =   bf16, converting to q2_K .. size =     6.00 MiB ->     0.98 MiB
[ 352/ 601] blk.20.attn_q_norm.weight            - [   256,      1,      1,      1], type =    f32, size =    0.001 MiB
[ 353/ 601] blk.20.attn_v.weight                 - [  1536,    256,      1,      1], type =   bf16, converting to q4_K .. size =     0.75 MiB ->     0.21 MiB
[ 354/ 601] blk.20.ffn_down.weight               - [ 12288,   1536,      1,      1], type =   bf16, converting to q3_K .. size =    36.00 MiB ->     7.73 MiB
[ 355/ 601] blk.20.ffn_gate.weight               - [  1536,  12288,      1,      1], type =   bf16, converting to q2_K .. size =    36.00 MiB ->     5.91 MiB
[ 356/ 601] blk.20.ffn_norm.weight               - [  1536,      1,      1,      1], type =    f32, size =    0.006 MiB
[ 357/ 601] blk.20.ffn_up.weight                 - [  1536,  12288,      1,      1], type =   bf16, converting to q2_K .. size =    36.00 MiB ->     5.91 MiB
[ 358/ 601] blk.20.inp_gate.weight               - [  1536,    256,      1,      1], type =   bf16, converting to q2_K .. size =     0.75 MiB ->     0.12 MiB
[ 359/ 601] blk.20.layer_output_scale.weight     - [     1,      1,      1,      1], type =    f32, size =    0.000 MiB
[ 360/ 601] blk.20.post_attention_norm.weight    - [  1536,      1,      1,      1], type =    f32, size =    0.006 MiB
[ 361/ 601] blk.20.post_ffw_norm.weight          - [  1536,      1,      1,      1], type =    f32, size =    0.006 MiB
[ 362/ 601] blk.20.post_norm.weight              - [  1536,      1,      1,      1], type =    f32, size =    0.006 MiB
[ 363/ 601] blk.20.proj.weight                   - [   256,   1536,      1,      1], type =   bf16, converting to q2_K .. size =     0.75 MiB ->     0.12 MiB
[ 364/ 601] blk.21.attn_k.weight                 - [  1536,    256,      1,      1], type =   bf16, converting to q2_K .. size =     0.75 MiB ->     0.12 MiB
[ 365/ 601] blk.21.attn_k_norm.weight            - [   256,      1,      1,      1], type =    f32, size =    0.001 MiB
[ 366/ 601] blk.21.attn_norm.weight              - [  1536,      1,      1,      1], type =    f32, size =    0.006 MiB
[ 367/ 601] blk.21.attn_output.weight            - [  2048,   1536,      1,      1], type =   bf16, converting to q3_K .. size =     6.00 MiB ->     1.29 MiB
[ 368/ 601] blk.21.attn_q.weight                 - [  1536,   2048,      1,      1], type =   bf16, converting to q2_K .. size =     6.00 MiB ->     0.98 MiB
[ 369/ 601] blk.21.attn_q_norm.weight            - [   256,      1,      1,      1], type =    f32, size =    0.001 MiB
[ 370/ 601] blk.21.attn_v.weight                 - [  1536,    256,      1,      1], type =   bf16, converting to q4_K .. size =     0.75 MiB ->     0.21 MiB
[ 371/ 601] blk.21.ffn_down.weight               - [ 12288,   1536,      1,      1], type =   bf16, converting to q3_K .. size =    36.00 MiB ->     7.73 MiB
[ 372/ 601] blk.21.ffn_gate.weight               - [  1536,  12288,      1,      1], type =   bf16, converting to q2_K .. size =    36.00 MiB ->     5.91 MiB
[ 373/ 601] blk.21.ffn_norm.weight               - [  1536,      1,      1,      1], type =    f32, size =    0.006 MiB
[ 374/ 601] blk.21.ffn_up.weight                 - [  1536,  12288,      1,      1], type =   bf16, converting to q2_K .. size =    36.00 MiB ->     5.91 MiB
[ 375/ 601] blk.21.inp_gate.weight               - [  1536,    256,      1,      1], type =   bf16, converting to q2_K .. size =     0.75 MiB ->     0.12 MiB
[ 376/ 601] blk.21.layer_output_scale.weight     - [     1,      1,      1,      1], type =    f32, size =    0.000 MiB
[ 377/ 601] blk.21.post_attention_norm.weight    - [  1536,      1,      1,      1], type =    f32, size =    0.006 MiB
[ 378/ 601] blk.21.post_ffw_norm.weight          - [  1536,      1,      1,      1], type =    f32, size =    0.006 MiB
[ 379/ 601] blk.21.post_norm.weight              - [  1536,      1,      1,      1], type =    f32, size =    0.006 MiB
[ 380/ 601] blk.21.proj.weight                   - [   256,   1536,      1,      1], type =   bf16, converting to q2_K .. size =     0.75 MiB ->     0.12 MiB
[ 381/ 601] blk.22.attn_k.weight                 - [  1536,    256,      1,      1], type =   bf16, converting to q2_K .. size =     0.75 MiB ->     0.12 MiB
[ 382/ 601] blk.22.attn_k_norm.weight            - [   256,      1,      1,      1], type =    f32, size =    0.001 MiB
[ 383/ 601] blk.22.attn_norm.weight              - [  1536,      1,      1,      1], type =    f32, size =    0.006 MiB
[ 384/ 601] blk.22.attn_output.weight            - [  2048,   1536,      1,      1], type =   bf16, converting to q3_K .. size =     6.00 MiB ->     1.29 MiB
[ 385/ 601] blk.22.attn_q.weight                 - [  1536,   2048,      1,      1], type =   bf16, converting to q2_K .. size =     6.00 MiB ->     0.98 MiB
[ 386/ 601] blk.22.attn_q_norm.weight            - [   256,      1,      1,      1], type =    f32, size =    0.001 MiB
[ 387/ 601] blk.22.attn_v.weight                 - [  1536,    256,      1,      1], type =   bf16, converting to q4_K .. size =     0.75 MiB ->     0.21 MiB
[ 388/ 601] blk.22.ffn_down.weight               - [ 12288,   1536,      1,      1], type =   bf16, converting to q3_K .. size =    36.00 MiB ->     7.73 MiB
[ 389/ 601] blk.22.ffn_gate.weight               - [  1536,  12288,      1,      1], type =   bf16, converting to q2_K .. size =    36.00 MiB ->     5.91 MiB
[ 390/ 601] blk.22.ffn_norm.weight               - [  1536,      1,      1,      1], type =    f32, size =    0.006 MiB
[ 391/ 601] blk.22.ffn_up.weight                 - [  1536,  12288,      1,      1], type =   bf16, converting to q2_K .. size =    36.00 MiB ->     5.91 MiB
[ 392/ 601] blk.22.inp_gate.weight               - [  1536,    256,      1,      1], type =   bf16, converting to q2_K .. size =     0.75 MiB ->     0.12 MiB
[ 393/ 601] blk.22.layer_output_scale.weight     - [     1,      1,      1,      1], type =    f32, size =    0.000 MiB
[ 394/ 601] blk.22.post_attention_norm.weight    - [  1536,      1,      1,      1], type =    f32, size =    0.006 MiB
[ 395/ 601] blk.22.post_ffw_norm.weight          - [  1536,      1,      1,      1], type =    f32, size =    0.006 MiB
[ 396/ 601] blk.22.post_norm.weight              - [  1536,      1,      1,      1], type =    f32, size =    0.006 MiB
[ 397/ 601] blk.22.proj.weight                   - [   256,   1536,      1,      1], type =   bf16, converting to q2_K .. size =     0.75 MiB ->     0.12 MiB
[ 398/ 601] blk.23.attn_k.weight                 - [  1536,    256,      1,      1], type =   bf16, converting to q2_K .. size =     0.75 MiB ->     0.12 MiB
[ 399/ 601] blk.23.attn_k_norm.weight            - [   256,      1,      1,      1], type =    f32, size =    0.001 MiB
[ 400/ 601] blk.23.attn_norm.weight              - [  1536,      1,      1,      1], type =    f32, size =    0.006 MiB
[ 401/ 601] blk.23.attn_output.weight            - [  2048,   1536,      1,      1], type =   bf16, converting to q3_K .. size =     6.00 MiB ->     1.29 MiB
[ 402/ 601] blk.23.attn_q.weight                 - [  1536,   2048,      1,      1], type =   bf16, converting to q2_K .. size =     6.00 MiB ->     0.98 MiB
[ 403/ 601] blk.23.attn_q_norm.weight            - [   256,      1,      1,      1], type =    f32, size =    0.001 MiB
[ 404/ 601] blk.23.attn_v.weight                 - [  1536,    256,      1,      1], type =   bf16, converting to q4_K .. size =     0.75 MiB ->     0.21 MiB
[ 405/ 601] blk.23.ffn_down.weight               - [ 12288,   1536,      1,      1], type =   bf16, converting to q3_K .. size =    36.00 MiB ->     7.73 MiB
[ 406/ 601] blk.23.ffn_gate.weight               - [  1536,  12288,      1,      1], type =   bf16, converting to q2_K .. size =    36.00 MiB ->     5.91 MiB
[ 407/ 601] blk.23.ffn_norm.weight               - [  1536,      1,      1,      1], type =    f32, size =    0.006 MiB
[ 408/ 601] blk.23.ffn_up.weight                 - [  1536,  12288,      1,      1], type =   bf16, converting to q2_K .. size =    36.00 MiB ->     5.91 MiB
[ 409/ 601] blk.23.inp_gate.weight               - [  1536,    256,      1,      1], type =   bf16, converting to q2_K .. size =     0.75 MiB ->     0.12 MiB
[ 410/ 601] blk.23.layer_output_scale.weight     - [     1,      1,      1,      1], type =    f32, size =    0.000 MiB
[ 411/ 601] blk.23.post_attention_norm.weight    - [  1536,      1,      1,      1], type =    f32, size =    0.006 MiB
[ 412/ 601] blk.23.post_ffw_norm.weight          - [  1536,      1,      1,      1], type =    f32, size =    0.006 MiB
[ 413/ 601] blk.23.post_norm.weight              - [  1536,      1,      1,      1], type =    f32, size =    0.006 MiB
[ 414/ 601] blk.23.proj.weight                   - [   256,   1536,      1,      1], type =   bf16, converting to q2_K .. size =     0.75 MiB ->     0.12 MiB
[ 415/ 601] blk.24.attn_k.weight                 - [  1536,    512,      1,      1], type =   bf16, converting to q2_K .. size =     1.50 MiB ->     0.25 MiB
[ 416/ 601] blk.24.attn_k_norm.weight            - [   512,      1,      1,      1], type =    f32, size =    0.002 MiB
[ 417/ 601] blk.24.attn_norm.weight              - [  1536,      1,      1,      1], type =    f32, size =    0.006 MiB
[ 418/ 601] blk.24.attn_output.weight            - [  4096,   1536,      1,      1], type =   bf16, converting to q3_K .. size =    12.00 MiB ->     2.58 MiB
[ 419/ 601] blk.24.attn_q.weight                 - [  1536,   4096,      1,      1], type =   bf16, converting to q2_K .. size =    12.00 MiB ->     1.97 MiB
[ 420/ 601] blk.24.attn_q_norm.weight            - [   512,      1,      1,      1], type =    f32, size =    0.002 MiB
[ 421/ 601] blk.24.attn_v.weight                 - [  1536,    512,      1,      1], type =   bf16, converting to q4_K .. size =     1.50 MiB ->     0.42 MiB
[ 422/ 601] blk.24.ffn_down.weight               - [ 12288,   1536,      1,      1], type =   bf16, converting to q3_K .. size =    36.00 MiB ->     7.73 MiB
[ 423/ 601] blk.24.ffn_gate.weight               - [  1536,  12288,      1,      1], type =   bf16, converting to q2_K .. size =    36.00 MiB ->     5.91 MiB
[ 424/ 601] blk.24.ffn_norm.weight               - [  1536,      1,      1,      1], type =    f32, size =    0.006 MiB
[ 425/ 601] blk.24.ffn_up.weight                 - [  1536,  12288,      1,      1], type =   bf16, converting to q2_K .. size =    36.00 MiB ->     5.91 MiB
[ 426/ 601] blk.24.inp_gate.weight               - [  1536,    256,      1,      1], type =   bf16, converting to q2_K .. size =     0.75 MiB ->     0.12 MiB
[ 427/ 601] blk.24.layer_output_scale.weight     - [     1,      1,      1,      1], type =    f32, size =    0.000 MiB
[ 428/ 601] blk.24.post_attention_norm.weight    - [  1536,      1,      1,      1], type =    f32, size =    0.006 MiB
[ 429/ 601] blk.24.post_ffw_norm.weight          - [  1536,      1,      1,      1], type =    f32, size =    0.006 MiB
[ 430/ 601] blk.24.post_norm.weight              - [  1536,      1,      1,      1], type =    f32, size =    0.006 MiB
[ 431/ 601] blk.24.proj.weight                   - [   256,   1536,      1,      1], type =   bf16, converting to q2_K .. size =     0.75 MiB ->     0.12 MiB
[ 432/ 601] blk.25.attn_k.weight                 - [  1536,    256,      1,      1], type =   bf16, converting to q2_K .. size =     0.75 MiB ->     0.12 MiB
[ 433/ 601] blk.25.attn_k_norm.weight            - [   256,      1,      1,      1], type =    f32, size =    0.001 MiB
[ 434/ 601] blk.25.attn_norm.weight              - [  1536,      1,      1,      1], type =    f32, size =    0.006 MiB
[ 435/ 601] blk.25.attn_output.weight            - [  2048,   1536,      1,      1], type =   bf16, converting to q3_K .. size =     6.00 MiB ->     1.29 MiB
[ 436/ 601] blk.25.attn_q.weight                 - [  1536,   2048,      1,      1], type =   bf16, converting to q2_K .. size =     6.00 MiB ->     0.98 MiB
[ 437/ 601] blk.25.attn_q_norm.weight            - [   256,      1,      1,      1], type =    f32, size =    0.001 MiB
[ 438/ 601] blk.25.attn_v.weight                 - [  1536,    256,      1,      1], type =   bf16, converting to q4_K .. size =     0.75 MiB ->     0.21 MiB
[ 439/ 601] blk.25.ffn_down.weight               - [ 12288,   1536,      1,      1], type =   bf16, converting to q3_K .. size =    36.00 MiB ->     7.73 MiB
[ 440/ 601] blk.25.ffn_gate.weight               - [  1536,  12288,      1,      1], type =   bf16, converting to q2_K .. size =    36.00 MiB ->     5.91 MiB
[ 441/ 601] blk.25.ffn_norm.weight               - [  1536,      1,      1,      1], type =    f32, size =    0.006 MiB
[ 442/ 601] blk.25.ffn_up.weight                 - [  1536,  12288,      1,      1], type =   bf16, converting to q2_K .. size =    36.00 MiB ->     5.91 MiB
[ 443/ 601] blk.25.inp_gate.weight               - [  1536,    256,      1,      1], type =   bf16, converting to q2_K .. size =     0.75 MiB ->     0.12 MiB
[ 444/ 601] blk.25.layer_output_scale.weight     - [     1,      1,      1,      1], type =    f32, size =    0.000 MiB
[ 445/ 601] blk.25.post_attention_norm.weight    - [  1536,      1,      1,      1], type =    f32, size =    0.006 MiB
[ 446/ 601] blk.25.post_ffw_norm.weight          - [  1536,      1,      1,      1], type =    f32, size =    0.006 MiB
[ 447/ 601] blk.25.post_norm.weight              - [  1536,      1,      1,      1], type =    f32, size =    0.006 MiB
[ 448/ 601] blk.25.proj.weight                   - [   256,   1536,      1,      1], type =   bf16, converting to q2_K .. size =     0.75 MiB ->     0.12 MiB
[ 449/ 601] blk.26.attn_k.weight                 - [  1536,    256,      1,      1], type =   bf16, converting to q2_K .. size =     0.75 MiB ->     0.12 MiB
[ 450/ 601] blk.26.attn_k_norm.weight            - [   256,      1,      1,      1], type =    f32, size =    0.001 MiB
[ 451/ 601] blk.26.attn_norm.weight              - [  1536,      1,      1,      1], type =    f32, size =    0.006 MiB
[ 452/ 601] blk.26.attn_output.weight            - [  2048,   1536,      1,      1], type =   bf16, converting to q3_K .. size =     6.00 MiB ->     1.29 MiB
[ 453/ 601] blk.26.attn_q.weight                 - [  1536,   2048,      1,      1], type =   bf16, converting to q2_K .. size =     6.00 MiB ->     0.98 MiB
[ 454/ 601] blk.26.attn_q_norm.weight            - [   256,      1,      1,      1], type =    f32, size =    0.001 MiB
[ 455/ 601] blk.26.attn_v.weight                 - [  1536,    256,      1,      1], type =   bf16, converting to q4_K .. size =     0.75 MiB ->     0.21 MiB
[ 456/ 601] blk.26.ffn_down.weight               - [ 12288,   1536,      1,      1], type =   bf16, converting to q3_K .. size =    36.00 MiB ->     7.73 MiB
[ 457/ 601] blk.26.ffn_gate.weight               - [  1536,  12288,      1,      1], type =   bf16, converting to q2_K .. size =    36.00 MiB ->     5.91 MiB
[ 458/ 601] blk.26.ffn_norm.weight               - [  1536,      1,      1,      1], type =    f32, size =    0.006 MiB
[ 459/ 601] blk.26.ffn_up.weight                 - [  1536,  12288,      1,      1], type =   bf16, converting to q2_K .. size =    36.00 MiB ->     5.91 MiB
[ 460/ 601] blk.26.inp_gate.weight               - [  1536,    256,      1,      1], type =   bf16, converting to q2_K .. size =     0.75 MiB ->     0.12 MiB
[ 461/ 601] blk.26.layer_output_scale.weight     - [     1,      1,      1,      1], type =    f32, size =    0.000 MiB
[ 462/ 601] blk.26.post_attention_norm.weight    - [  1536,      1,      1,      1], type =    f32, size =    0.006 MiB
[ 463/ 601] blk.26.post_ffw_norm.weight          - [  1536,      1,      1,      1], type =    f32, size =    0.006 MiB
[ 464/ 601] blk.26.post_norm.weight              - [  1536,      1,      1,      1], type =    f32, size =    0.006 MiB
[ 465/ 601] blk.26.proj.weight                   - [   256,   1536,      1,      1], type =   bf16, converting to q2_K .. size =     0.75 MiB ->     0.12 MiB
[ 466/ 601] blk.27.attn_k.weight                 - [  1536,    256,      1,      1], type =   bf16, converting to q2_K .. size =     0.75 MiB ->     0.12 MiB
[ 467/ 601] blk.27.attn_k_norm.weight            - [   256,      1,      1,      1], type =    f32, size =    0.001 MiB
[ 468/ 601] blk.27.attn_norm.weight              - [  1536,      1,      1,      1], type =    f32, size =    0.006 MiB
[ 469/ 601] blk.27.attn_output.weight            - [  2048,   1536,      1,      1], type =   bf16, converting to q3_K .. size =     6.00 MiB ->     1.29 MiB
[ 470/ 601] blk.27.attn_q.weight                 - [  1536,   2048,      1,      1], type =   bf16, converting to q2_K .. size =     6.00 MiB ->     0.98 MiB
[ 471/ 601] blk.27.attn_q_norm.weight            - [   256,      1,      1,      1], type =    f32, size =    0.001 MiB
[ 472/ 601] blk.27.attn_v.weight                 - [  1536,    256,      1,      1], type =   bf16, converting to q4_K .. size =     0.75 MiB ->     0.21 MiB
[ 473/ 601] blk.27.ffn_down.weight               - [ 12288,   1536,      1,      1], type =   bf16, converting to q3_K .. size =    36.00 MiB ->     7.73 MiB
[ 474/ 601] blk.27.ffn_gate.weight               - [  1536,  12288,      1,      1], type =   bf16, converting to q2_K .. size =    36.00 MiB ->     5.91 MiB
[ 475/ 601] blk.27.ffn_norm.weight               - [  1536,      1,      1,      1], type =    f32, size =    0.006 MiB
[ 476/ 601] blk.27.ffn_up.weight                 - [  1536,  12288,      1,      1], type =   bf16, converting to q2_K .. size =    36.00 MiB ->     5.91 MiB
[ 477/ 601] blk.27.inp_gate.weight               - [  1536,    256,      1,      1], type =   bf16, converting to q2_K .. size =     0.75 MiB ->     0.12 MiB
[ 478/ 601] blk.27.layer_output_scale.weight     - [     1,      1,      1,      1], type =    f32, size =    0.000 MiB
[ 479/ 601] blk.27.post_attention_norm.weight    - [  1536,      1,      1,      1], type =    f32, size =    0.006 MiB
[ 480/ 601] blk.27.post_ffw_norm.weight          - [  1536,      1,      1,      1], type =    f32, size =    0.006 MiB
[ 481/ 601] blk.27.post_norm.weight              - [  1536,      1,      1,      1], type =    f32, size =    0.006 MiB
[ 482/ 601] blk.27.proj.weight                   - [   256,   1536,      1,      1], type =   bf16, converting to q2_K .. size =     0.75 MiB ->     0.12 MiB
[ 483/ 601] blk.28.attn_k.weight                 - [  1536,    256,      1,      1], type =   bf16, converting to q2_K .. size =     0.75 MiB ->     0.12 MiB
[ 484/ 601] blk.28.attn_k_norm.weight            - [   256,      1,      1,      1], type =    f32, size =    0.001 MiB
[ 485/ 601] blk.28.attn_norm.weight              - [  1536,      1,      1,      1], type =    f32, size =    0.006 MiB
[ 486/ 601] blk.28.attn_output.weight            - [  2048,   1536,      1,      1], type =   bf16, converting to q3_K .. size =     6.00 MiB ->     1.29 MiB
[ 487/ 601] blk.28.attn_q.weight                 - [  1536,   2048,      1,      1], type =   bf16, converting to q2_K .. size =     6.00 MiB ->     0.98 MiB
[ 488/ 601] blk.28.attn_q_norm.weight            - [   256,      1,      1,      1], type =    f32, size =    0.001 MiB
[ 489/ 601] blk.28.attn_v.weight                 - [  1536,    256,      1,      1], type =   bf16, converting to q4_K .. size =     0.75 MiB ->     0.21 MiB
[ 490/ 601] blk.28.ffn_down.weight               - [ 12288,   1536,      1,      1], type =   bf16, converting to q3_K .. size =    36.00 MiB ->     7.73 MiB
[ 491/ 601] blk.28.ffn_gate.weight               - [  1536,  12288,      1,      1], type =   bf16, converting to q2_K .. size =    36.00 MiB ->     5.91 MiB
[ 492/ 601] blk.28.ffn_norm.weight               - [  1536,      1,      1,      1], type =    f32, size =    0.006 MiB
[ 493/ 601] blk.28.ffn_up.weight                 - [  1536,  12288,      1,      1], type =   bf16, converting to q2_K .. size =    36.00 MiB ->     5.91 MiB
[ 494/ 601] blk.28.inp_gate.weight               - [  1536,    256,      1,      1], type =   bf16, converting to q2_K .. size =     0.75 MiB ->     0.12 MiB
[ 495/ 601] blk.28.layer_output_scale.weight     - [     1,      1,      1,      1], type =    f32, size =    0.000 MiB
[ 496/ 601] blk.28.post_attention_norm.weight    - [  1536,      1,      1,      1], type =    f32, size =    0.006 MiB
[ 497/ 601] blk.28.post_ffw_norm.weight          - [  1536,      1,      1,      1], type =    f32, size =    0.006 MiB
[ 498/ 601] blk.28.post_norm.weight              - [  1536,      1,      1,      1], type =    f32, size =    0.006 MiB
[ 499/ 601] blk.28.proj.weight                   - [   256,   1536,      1,      1], type =   bf16, converting to q2_K .. size =     0.75 MiB ->     0.12 MiB
[ 500/ 601] blk.29.attn_k.weight                 - [  1536,    512,      1,      1], type =   bf16, converting to q2_K .. size =     1.50 MiB ->     0.25 MiB
[ 501/ 601] blk.29.attn_k_norm.weight            - [   512,      1,      1,      1], type =    f32, size =    0.002 MiB
[ 502/ 601] blk.29.attn_norm.weight              - [  1536,      1,      1,      1], type =    f32, size =    0.006 MiB
[ 503/ 601] blk.29.attn_output.weight            - [  4096,   1536,      1,      1], type =   bf16, converting to q3_K .. size =    12.00 MiB ->     2.58 MiB
[ 504/ 601] blk.29.attn_q.weight                 - [  1536,   4096,      1,      1], type =   bf16, converting to q2_K .. size =    12.00 MiB ->     1.97 MiB
[ 505/ 601] blk.29.attn_q_norm.weight            - [   512,      1,      1,      1], type =    f32, size =    0.002 MiB
[ 506/ 601] blk.29.attn_v.weight                 - [  1536,    512,      1,      1], type =   bf16, converting to q4_K .. size =     1.50 MiB ->     0.42 MiB
[ 507/ 601] blk.29.ffn_down.weight               - [ 12288,   1536,      1,      1], type =   bf16, converting to q3_K .. size =    36.00 MiB ->     7.73 MiB
[ 508/ 601] blk.29.ffn_gate.weight               - [  1536,  12288,      1,      1], type =   bf16, converting to q2_K .. size =    36.00 MiB ->     5.91 MiB
[ 509/ 601] blk.29.ffn_norm.weight               - [  1536,      1,      1,      1], type =    f32, size =    0.006 MiB
[ 510/ 601] blk.29.ffn_up.weight                 - [  1536,  12288,      1,      1], type =   bf16, converting to q2_K .. size =    36.00 MiB ->     5.91 MiB
[ 511/ 601] blk.29.inp_gate.weight               - [  1536,    256,      1,      1], type =   bf16, converting to q2_K .. size =     0.75 MiB ->     0.12 MiB
[ 512/ 601] blk.29.layer_output_scale.weight     - [     1,      1,      1,      1], type =    f32, size =    0.000 MiB
[ 513/ 601] blk.29.post_attention_norm.weight    - [  1536,      1,      1,      1], type =    f32, size =    0.006 MiB
[ 514/ 601] blk.29.post_ffw_norm.weight          - [  1536,      1,      1,      1], type =    f32, size =    0.006 MiB
[ 515/ 601] blk.29.post_norm.weight              - [  1536,      1,      1,      1], type =    f32, size =    0.006 MiB
[ 516/ 601] blk.29.proj.weight                   - [   256,   1536,      1,      1], type =   bf16, converting to q2_K .. size =     0.75 MiB ->     0.12 MiB
[ 517/ 601] blk.30.attn_k.weight                 - [  1536,    256,      1,      1], type =   bf16, converting to q2_K .. size =     0.75 MiB ->     0.12 MiB
[ 518/ 601] blk.30.attn_k_norm.weight            - [   256,      1,      1,      1], type =    f32, size =    0.001 MiB
[ 519/ 601] blk.30.attn_norm.weight              - [  1536,      1,      1,      1], type =    f32, size =    0.006 MiB
[ 520/ 601] blk.30.attn_output.weight            - [  2048,   1536,      1,      1], type =   bf16, converting to q3_K .. size =     6.00 MiB ->     1.29 MiB
[ 521/ 601] blk.30.attn_q.weight                 - [  1536,   2048,      1,      1], type =   bf16, converting to q2_K .. size =     6.00 MiB ->     0.98 MiB
[ 522/ 601] blk.30.attn_q_norm.weight            - [   256,      1,      1,      1], type =    f32, size =    0.001 MiB
[ 523/ 601] blk.30.attn_v.weight                 - [  1536,    256,      1,      1], type =   bf16, converting to q4_K .. size =     0.75 MiB ->     0.21 MiB
[ 524/ 601] blk.30.ffn_down.weight               - [ 12288,   1536,      1,      1], type =   bf16, converting to q3_K .. size =    36.00 MiB ->     7.73 MiB
[ 525/ 601] blk.30.ffn_gate.weight               - [  1536,  12288,      1,      1], type =   bf16, converting to q2_K .. size =    36.00 MiB ->     5.91 MiB
[ 526/ 601] blk.30.ffn_norm.weight               - [  1536,      1,      1,      1], type =    f32, size =    0.006 MiB
[ 527/ 601] blk.30.ffn_up.weight                 - [  1536,  12288,      1,      1], type =   bf16, converting to q2_K .. size =    36.00 MiB ->     5.91 MiB
[ 528/ 601] blk.30.inp_gate.weight               - [  1536,    256,      1,      1], type =   bf16, converting to q2_K .. size =     0.75 MiB ->     0.12 MiB
[ 529/ 601] blk.30.layer_output_scale.weight     - [     1,      1,      1,      1], type =    f32, size =    0.000 MiB
[ 530/ 601] blk.30.post_attention_norm.weight    - [  1536,      1,      1,      1], type =    f32, size =    0.006 MiB
[ 531/ 601] blk.30.post_ffw_norm.weight          - [  1536,      1,      1,      1], type =    f32, size =    0.006 MiB
[ 532/ 601] blk.30.post_norm.weight              - [  1536,      1,      1,      1], type =    f32, size =    0.006 MiB
[ 533/ 601] blk.30.proj.weight                   - [   256,   1536,      1,      1], type =   bf16, converting to q2_K .. size =     0.75 MiB ->     0.12 MiB
[ 534/ 601] blk.31.attn_k.weight                 - [  1536,    256,      1,      1], type =   bf16, converting to q2_K .. size =     0.75 MiB ->     0.12 MiB
[ 535/ 601] blk.31.attn_k_norm.weight            - [   256,      1,      1,      1], type =    f32, size =    0.001 MiB
[ 536/ 601] blk.31.attn_norm.weight              - [  1536,      1,      1,      1], type =    f32, size =    0.006 MiB
[ 537/ 601] blk.31.attn_output.weight            - [  2048,   1536,      1,      1], type =   bf16, converting to q3_K .. size =     6.00 MiB ->     1.29 MiB
[ 538/ 601] blk.31.attn_q.weight                 - [  1536,   2048,      1,      1], type =   bf16, converting to q2_K .. size =     6.00 MiB ->     0.98 MiB
[ 539/ 601] blk.31.attn_q_norm.weight            - [   256,      1,      1,      1], type =    f32, size =    0.001 MiB
[ 540/ 601] blk.31.attn_v.weight                 - [  1536,    256,      1,      1], type =   bf16, converting to q4_K .. size =     0.75 MiB ->     0.21 MiB
[ 541/ 601] blk.31.ffn_down.weight               - [ 12288,   1536,      1,      1], type =   bf16, converting to q3_K .. size =    36.00 MiB ->     7.73 MiB
[ 542/ 601] blk.31.ffn_gate.weight               - [  1536,  12288,      1,      1], type =   bf16, converting to q2_K .. size =    36.00 MiB ->     5.91 MiB
[ 543/ 601] blk.31.ffn_norm.weight               - [  1536,      1,      1,      1], type =    f32, size =    0.006 MiB
[ 544/ 601] blk.31.ffn_up.weight                 - [  1536,  12288,      1,      1], type =   bf16, converting to q2_K .. size =    36.00 MiB ->     5.91 MiB
[ 545/ 601] blk.31.inp_gate.weight               - [  1536,    256,      1,      1], type =   bf16, converting to q2_K .. size =     0.75 MiB ->     0.12 MiB
[ 546/ 601] blk.31.layer_output_scale.weight     - [     1,      1,      1,      1], type =    f32, size =    0.000 MiB
[ 547/ 601] blk.31.post_attention_norm.weight    - [  1536,      1,      1,      1], type =    f32, size =    0.006 MiB
[ 548/ 601] blk.31.post_ffw_norm.weight          - [  1536,      1,      1,      1], type =    f32, size =    0.006 MiB
[ 549/ 601] blk.31.post_norm.weight              - [  1536,      1,      1,      1], type =    f32, size =    0.006 MiB
[ 550/ 601] blk.31.proj.weight                   - [   256,   1536,      1,      1], type =   bf16, converting to q2_K .. size =     0.75 MiB ->     0.12 MiB
[ 551/ 601] blk.32.attn_k.weight                 - [  1536,    256,      1,      1], type =   bf16, converting to q2_K .. size =     0.75 MiB ->     0.12 MiB
[ 552/ 601] blk.32.attn_k_norm.weight            - [   256,      1,      1,      1], type =    f32, size =    0.001 MiB
[ 553/ 601] blk.32.attn_norm.weight              - [  1536,      1,      1,      1], type =    f32, size =    0.006 MiB
[ 554/ 601] blk.32.attn_output.weight            - [  2048,   1536,      1,      1], type =   bf16, converting to q3_K .. size =     6.00 MiB ->     1.29 MiB
[ 555/ 601] blk.32.attn_q.weight                 - [  1536,   2048,      1,      1], type =   bf16, converting to q2_K .. size =     6.00 MiB ->     0.98 MiB
[ 556/ 601] blk.32.attn_q_norm.weight            - [   256,      1,      1,      1], type =    f32, size =    0.001 MiB
[ 557/ 601] blk.32.attn_v.weight                 - [  1536,    256,      1,      1], type =   bf16, converting to q4_K .. size =     0.75 MiB ->     0.21 MiB
[ 558/ 601] blk.32.ffn_down.weight               - [ 12288,   1536,      1,      1], type =   bf16, converting to q3_K .. size =    36.00 MiB ->     7.73 MiB
[ 559/ 601] blk.32.ffn_gate.weight               - [  1536,  12288,      1,      1], type =   bf16, converting to q2_K .. size =    36.00 MiB ->     5.91 MiB
[ 560/ 601] blk.32.ffn_norm.weight               - [  1536,      1,      1,      1], type =    f32, size =    0.006 MiB
[ 561/ 601] blk.32.ffn_up.weight                 - [  1536,  12288,      1,      1], type =   bf16, converting to q2_K .. size =    36.00 MiB ->     5.91 MiB
[ 562/ 601] blk.32.inp_gate.weight               - [  1536,    256,      1,      1], type =   bf16, converting to q2_K .. size =     0.75 MiB ->     0.12 MiB
[ 563/ 601] blk.32.layer_output_scale.weight     - [     1,      1,      1,      1], type =    f32, size =    0.000 MiB
[ 564/ 601] blk.32.post_attention_norm.weight    - [  1536,      1,      1,      1], type =    f32, size =    0.006 MiB
[ 565/ 601] blk.32.post_ffw_norm.weight          - [  1536,      1,      1,      1], type =    f32, size =    0.006 MiB
[ 566/ 601] blk.32.post_norm.weight              - [  1536,      1,      1,      1], type =    f32, size =    0.006 MiB
[ 567/ 601] blk.32.proj.weight                   - [   256,   1536,      1,      1], type =   bf16, converting to q2_K .. size =     0.75 MiB ->     0.12 MiB
[ 568/ 601] blk.33.attn_k.weight                 - [  1536,    256,      1,      1], type =   bf16, converting to q2_K .. size =     0.75 MiB ->     0.12 MiB
[ 569/ 601] blk.33.attn_k_norm.weight            - [   256,      1,      1,      1], type =    f32, size =    0.001 MiB
[ 570/ 601] blk.33.attn_norm.weight              - [  1536,      1,      1,      1], type =    f32, size =    0.006 MiB
[ 571/ 601] blk.33.attn_output.weight            - [  2048,   1536,      1,      1], type =   bf16, converting to q3_K .. size =     6.00 MiB ->     1.29 MiB
[ 572/ 601] blk.33.attn_q.weight                 - [  1536,   2048,      1,      1], type =   bf16, converting to q2_K .. size =     6.00 MiB ->     0.98 MiB
[ 573/ 601] blk.33.attn_q_norm.weight            - [   256,      1,      1,      1], type =    f32, size =    0.001 MiB
[ 574/ 601] blk.33.attn_v.weight                 - [  1536,    256,      1,      1], type =   bf16, converting to q4_K .. size =     0.75 MiB ->     0.21 MiB
[ 575/ 601] blk.33.ffn_down.weight               - [ 12288,   1536,      1,      1], type =   bf16, converting to q3_K .. size =    36.00 MiB ->     7.73 MiB
[ 576/ 601] blk.33.ffn_gate.weight               - [  1536,  12288,      1,      1], type =   bf16, converting to q2_K .. size =    36.00 MiB ->     5.91 MiB
[ 577/ 601] blk.33.ffn_norm.weight               - [  1536,      1,      1,      1], type =    f32, size =    0.006 MiB
[ 578/ 601] blk.33.ffn_up.weight                 - [  1536,  12288,      1,      1], type =   bf16, converting to q2_K .. size =    36.00 MiB ->     5.91 MiB
[ 579/ 601] blk.33.inp_gate.weight               - [  1536,    256,      1,      1], type =   bf16, converting to q2_K .. size =     0.75 MiB ->     0.12 MiB
[ 580/ 601] blk.33.layer_output_scale.weight     - [     1,      1,      1,      1], type =    f32, size =    0.000 MiB
[ 581/ 601] blk.33.post_attention_norm.weight    - [  1536,      1,      1,      1], type =    f32, size =    0.006 MiB
[ 582/ 601] blk.33.post_ffw_norm.weight          - [  1536,      1,      1,      1], type =    f32, size =    0.006 MiB
[ 583/ 601] blk.33.post_norm.weight              - [  1536,      1,      1,      1], type =    f32, size =    0.006 MiB
[ 584/ 601] blk.33.proj.weight                   - [   256,   1536,      1,      1], type =   bf16, converting to q2_K .. size =     0.75 MiB ->     0.12 MiB
[ 585/ 601] blk.34.attn_k.weight                 - [  1536,    512,      1,      1], type =   bf16, converting to q2_K .. size =     1.50 MiB ->     0.25 MiB
[ 586/ 601] blk.34.attn_k_norm.weight            - [   512,      1,      1,      1], type =    f32, size =    0.002 MiB
[ 587/ 601] blk.34.attn_norm.weight              - [  1536,      1,      1,      1], type =    f32, size =    0.006 MiB
[ 588/ 601] blk.34.attn_output.weight            - [  4096,   1536,      1,      1], type =   bf16, converting to q3_K .. size =    12.00 MiB ->     2.58 MiB
[ 589/ 601] blk.34.attn_q.weight                 - [  1536,   4096,      1,      1], type =   bf16, converting to q2_K .. size =    12.00 MiB ->     1.97 MiB
[ 590/ 601] blk.34.attn_q_norm.weight            - [   512,      1,      1,      1], type =    f32, size =    0.002 MiB
[ 591/ 601] blk.34.attn_v.weight                 - [  1536,    512,      1,      1], type =   bf16, converting to q4_K .. size =     1.50 MiB ->     0.42 MiB
[ 592/ 601] blk.34.ffn_down.weight               - [ 12288,   1536,      1,      1], type =   bf16, converting to q3_K .. size =    36.00 MiB ->     7.73 MiB
[ 593/ 601] blk.34.ffn_gate.weight               - [  1536,  12288,      1,      1], type =   bf16, converting to q2_K .. size =    36.00 MiB ->     5.91 MiB
[ 594/ 601] blk.34.ffn_norm.weight               - [  1536,      1,      1,      1], type =    f32, size =    0.006 MiB
[ 595/ 601] blk.34.ffn_up.weight                 - [  1536,  12288,      1,      1], type =   bf16, converting to q2_K .. size =    36.00 MiB ->     5.91 MiB
[ 596/ 601] blk.34.inp_gate.weight               - [  1536,    256,      1,      1], type =   bf16, converting to q2_K .. size =     0.75 MiB ->     0.12 MiB
[ 597/ 601] blk.34.layer_output_scale.weight     - [     1,      1,      1,      1], type =    f32, size =    0.000 MiB
[ 598/ 601] blk.34.post_attention_norm.weight    - [  1536,      1,      1,      1], type =    f32, size =    0.006 MiB
[ 599/ 601] blk.34.post_ffw_norm.weight          - [  1536,      1,      1,      1], type =    f32, size =    0.006 MiB
[ 600/ 601] blk.34.post_norm.weight              - [  1536,      1,      1,      1], type =    f32, size =    0.006 MiB
[ 601/ 601] blk.34.proj.weight                   - [   256,   1536,      1,      1], type =   bf16, converting to q2_K .. size =     0.75 MiB ->     0.12 MiB
llama_model_quantize_impl: model size  =  8864.87 MiB (16.00 BPW)
llama_model_quantize_impl: quant size  =  2835.53 MiB (5.12 BPW)

llama_quantize: quantize time = 175007.98 ms
llama_quantize:    total time = 175007.98 ms
[prepare] done: ./models/gemma4-e2b/gemma4-e2b-Q2_K.gguf size=2.8G time=175s
[prepare] === bielik-4.5b ===
[prepare] quantizing: ./models/bielik-4.5b/Bielik-4.5B-v3.0-Instruct-fp16.gguf -> ./models/bielik-4.5b/bielik-4.5b-Q8_0.gguf (Q8_0)
load_backend: loaded BLAS backend from /opt/homebrew/Cellar/ggml/0.13.1/libexec/libggml-blas.so
ggml_metal_device_init: tensor API disabled for pre-M5 and pre-A19 devices
ggml_metal_library_init: using embedded metal library
ggml_metal_library_init: loaded in 0.025 sec
ggml_metal_rsets_init: creating a residency set collection (keep_alive = 180 s)
ggml_metal_device_init: GPU name:   MTL0 (Apple M4)
ggml_metal_device_init: GPU family: MTLGPUFamilyApple9  (1009)
ggml_metal_device_init: GPU family: MTLGPUFamilyCommon3 (3003)
ggml_metal_device_init: GPU family: MTLGPUFamilyMetal4  (5002)
ggml_metal_device_init: simdgroup reduction   = true
ggml_metal_device_init: simdgroup matrix mul. = true
ggml_metal_device_init: has unified memory    = true
ggml_metal_device_init: has bfloat            = true
ggml_metal_device_init: has tensor            = false
ggml_metal_device_init: use residency sets    = true
ggml_metal_device_init: use shared buffers    = true
ggml_metal_device_init: recommendedMaxWorkingSetSize  = 12713.12 MB
load_backend: loaded MTL backend from /opt/homebrew/Cellar/ggml/0.13.1/libexec/libggml-metal.so
load_backend: loaded CPU backend from /opt/homebrew/Cellar/ggml/0.13.1/libexec/libggml-cpu-apple_m4.so
llama_print_build_info: build = 9430 (d48a56eff)
llama_print_build_info: built with AppleClang 21.0.0.21000099 for Darwin arm64
llama_quantize: quantizing './models/bielik-4.5b/Bielik-4.5B-v3.0-Instruct-fp16.gguf' to './models/bielik-4.5b/bielik-4.5b-Q8_0.gguf.incomplete' as Q8_0
llama_model_loader: loaded meta data with 42 key-value pairs and 963 tensors from ./models/bielik-4.5b/Bielik-4.5B-v3.0-Instruct-fp16.gguf (version GGUF V3 (latest))
llama_model_loader: Dumping metadata keys/values. Note: KV overrides do not apply in this output.
llama_model_loader: - kv   0:                       general.architecture str              = llama
llama_model_loader: - kv   1:                               general.type str              = model
llama_model_loader: - kv   2:                               general.name str              = Bielik-4.5B-v3.0-Instruct
llama_model_loader: - kv   3:                             general.author str              = Speakleash
llama_model_loader: - kv   4:                            general.version str              = v3.0
llama_model_loader: - kv   5:                       general.organization str              = Speakleash
llama_model_loader: - kv   6:                           general.finetune str              = instruct
llama_model_loader: - kv   7:                           general.basename str              = Bielik-1.5B-v3.0
llama_model_loader: - kv   8:                        general.description str              = Bielik LLM -  Bielik-1.5B-v3.0-Instru...
llama_model_loader: - kv   9:                       general.quantized_by str              = Remek Kinas
llama_model_loader: - kv  10:                         general.size_label str              = 4.8B
llama_model_loader: - kv  11:                       general.license.name str              = Apache License Version 2.0, January 2004
llama_model_loader: - kv  12:                           general.repo_url str              = https://huggingface.co/speakleash/Bie...
llama_model_loader: - kv  13:                               general.tags arr[str,5]       = ["text generation", "transformer", "l...
llama_model_loader: - kv  14:                          general.languages arr[str,1]       = ["pl"]
llama_model_loader: - kv  15:                          llama.block_count u32              = 60
llama_model_loader: - kv  16:                       llama.context_length u32              = 8192
llama_model_loader: - kv  17:                     llama.embedding_length u32              = 2048
llama_model_loader: - kv  18:                  llama.feed_forward_length u32              = 11008
llama_model_loader: - kv  19:                 llama.attention.head_count u32              = 16
llama_model_loader: - kv  20:              llama.attention.head_count_kv u32              = 2
llama_model_loader: - kv  21:                       llama.rope.freq_base f32              = 1000000.000000
llama_model_loader: - kv  22:     llama.attention.layer_norm_rms_epsilon f32              = 0.000001
llama_model_loader: - kv  23:                 llama.attention.key_length u32              = 128
llama_model_loader: - kv  24:               llama.attention.value_length u32              = 128
llama_model_loader: - kv  25:                          general.file_type u32              = 1
llama_model_loader: - kv  26:                           llama.vocab_size u32              = 32000
llama_model_loader: - kv  27:                 llama.rope.dimension_count u32              = 128
llama_model_loader: - kv  28:                       tokenizer.ggml.model str              = llama
llama_model_loader: - kv  29:                         tokenizer.ggml.pre str              = default
llama_model_loader: - kv  30:                      tokenizer.ggml.tokens arr[str,32000]   = ["<unk>", "<s>", "</s>", "<|im_start|...
llama_model_loader: - kv  31:                      tokenizer.ggml.scores arr[f32,32000]   = [-1000.000000, -1000.000000, -1000.00...
llama_model_loader: - kv  32:                  tokenizer.ggml.token_type arr[i32,32000]   = [3, 3, 3, 3, 3, 3, 3, 6, 6, 6, 6, 6, ...
llama_model_loader: - kv  33:                tokenizer.ggml.bos_token_id u32              = 1
llama_model_loader: - kv  34:                tokenizer.ggml.eos_token_id u32              = 4
llama_model_loader: - kv  35:            tokenizer.ggml.unknown_token_id u32              = 0
llama_model_loader: - kv  36:            tokenizer.ggml.padding_token_id u32              = 2
llama_model_loader: - kv  37:               tokenizer.ggml.add_bos_token bool             = true
llama_model_loader: - kv  38:               tokenizer.ggml.add_eos_token bool             = false
llama_model_loader: - kv  39:                    tokenizer.chat_template str              = {{bos_token}}{% for message in messag...
llama_model_loader: - kv  40:            tokenizer.ggml.add_space_prefix bool             = false
llama_model_loader: - kv  41:               general.quantization_version u32              = 2
llama_model_loader: - type  f32:  541 tensors
llama_model_loader: - type  f16:  422 tensors
[   1/ 963] output.weight                        - [  2048,  32000,      1,      1], type =    f16, converting to q8_0 .. size =   125.00 MiB ->    66.41 MiB
[   2/ 963] output_norm.weight                   - [  2048,      1,      1,      1], type =    f32, size =    0.008 MiB
[   3/ 963] token_embd.weight                    - [  2048,  32000,      1,      1], type =    f16, converting to q8_0 .. size =   125.00 MiB ->    66.41 MiB
[   4/ 963] blk.0.attn_k.bias                    - [   256,      1,      1,      1], type =    f32, size =    0.001 MiB
[   5/ 963] blk.0.attn_k.weight                  - [  2048,    256,      1,      1], type =    f16, converting to q8_0 .. size =     1.00 MiB ->     0.53 MiB
[   6/ 963] blk.0.attn_norm.weight               - [  2048,      1,      1,      1], type =    f32, size =    0.008 MiB
[   7/ 963] blk.0.attn_output.bias               - [  2048,      1,      1,      1], type =    f32, size =    0.008 MiB
[   8/ 963] blk.0.attn_output.weight             - [  2048,   2048,      1,      1], type =    f16, converting to q8_0 .. size =     8.00 MiB ->     4.25 MiB
[   9/ 963] blk.0.attn_q.bias                    - [  2048,      1,      1,      1], type =    f32, size =    0.008 MiB
[  10/ 963] blk.0.attn_q.weight                  - [  2048,   2048,      1,      1], type =    f16, converting to q8_0 .. size =     8.00 MiB ->     4.25 MiB
[  11/ 963] blk.0.attn_v.bias                    - [   256,      1,      1,      1], type =    f32, size =    0.001 MiB
[  12/ 963] blk.0.attn_v.weight                  - [  2048,    256,      1,      1], type =    f16, converting to q8_0 .. size =     1.00 MiB ->     0.53 MiB
[  13/ 963] blk.0.ffn_down.bias                  - [  2048,      1,      1,      1], type =    f32, size =    0.008 MiB
[  14/ 963] blk.0.ffn_down.weight                - [ 11008,   2048,      1,      1], type =    f16, converting to q8_0 .. size =    43.00 MiB ->    22.84 MiB
[  15/ 963] blk.0.ffn_gate.bias                  - [ 11008,      1,      1,      1], type =    f32, size =    0.042 MiB
[  16/ 963] blk.0.ffn_gate.weight                - [  2048,  11008,      1,      1], type =    f16, converting to q8_0 .. size =    43.00 MiB ->    22.84 MiB
[  17/ 963] blk.0.ffn_norm.weight                - [  2048,      1,      1,      1], type =    f32, size =    0.008 MiB
[  18/ 963] blk.0.ffn_up.bias                    - [ 11008,      1,      1,      1], type =    f32, size =    0.042 MiB
[  19/ 963] blk.0.ffn_up.weight                  - [  2048,  11008,      1,      1], type =    f16, converting to q8_0 .. size =    43.00 MiB ->    22.84 MiB
[  20/ 963] blk.1.attn_k.bias                    - [   256,      1,      1,      1], type =    f32, size =    0.001 MiB
[  21/ 963] blk.1.attn_k.weight                  - [  2048,    256,      1,      1], type =    f16, converting to q8_0 .. size =     1.00 MiB ->     0.53 MiB
[  22/ 963] blk.1.attn_norm.weight               - [  2048,      1,      1,      1], type =    f32, size =    0.008 MiB
[  23/ 963] blk.1.attn_output.bias               - [  2048,      1,      1,      1], type =    f32, size =    0.008 MiB
[  24/ 963] blk.1.attn_output.weight             - [  2048,   2048,      1,      1], type =    f16, converting to q8_0 .. size =     8.00 MiB ->     4.25 MiB
[  25/ 963] blk.1.attn_q.bias                    - [  2048,      1,      1,      1], type =    f32, size =    0.008 MiB
[  26/ 963] blk.1.attn_q.weight                  - [  2048,   2048,      1,      1], type =    f16, converting to q8_0 .. size =     8.00 MiB ->     4.25 MiB
[  27/ 963] blk.1.attn_v.bias                    - [   256,      1,      1,      1], type =    f32, size =    0.001 MiB
[  28/ 963] blk.1.attn_v.weight                  - [  2048,    256,      1,      1], type =    f16, converting to q8_0 .. size =     1.00 MiB ->     0.53 MiB
[  29/ 963] blk.1.ffn_down.bias                  - [  2048,      1,      1,      1], type =    f32, size =    0.008 MiB
[  30/ 963] blk.1.ffn_down.weight                - [ 11008,   2048,      1,      1], type =    f16, converting to q8_0 .. size =    43.00 MiB ->    22.84 MiB
[  31/ 963] blk.1.ffn_gate.bias                  - [ 11008,      1,      1,      1], type =    f32, size =    0.042 MiB
[  32/ 963] blk.1.ffn_gate.weight                - [  2048,  11008,      1,      1], type =    f16, converting to q8_0 .. size =    43.00 MiB ->    22.84 MiB
[  33/ 963] blk.1.ffn_norm.weight                - [  2048,      1,      1,      1], type =    f32, size =    0.008 MiB
[  34/ 963] blk.1.ffn_up.bias                    - [ 11008,      1,      1,      1], type =    f32, size =    0.042 MiB
[  35/ 963] blk.1.ffn_up.weight                  - [  2048,  11008,      1,      1], type =    f16, converting to q8_0 .. size =    43.00 MiB ->    22.84 MiB
[  36/ 963] blk.2.attn_k.bias                    - [   256,      1,      1,      1], type =    f32, size =    0.001 MiB
[  37/ 963] blk.2.attn_k.weight                  - [  2048,    256,      1,      1], type =    f16, converting to q8_0 .. size =     1.00 MiB ->     0.53 MiB
[  38/ 963] blk.2.attn_norm.weight               - [  2048,      1,      1,      1], type =    f32, size =    0.008 MiB
[  39/ 963] blk.2.attn_output.bias               - [  2048,      1,      1,      1], type =    f32, size =    0.008 MiB
[  40/ 963] blk.2.attn_output.weight             - [  2048,   2048,      1,      1], type =    f16, converting to q8_0 .. size =     8.00 MiB ->     4.25 MiB
[  41/ 963] blk.2.attn_q.bias                    - [  2048,      1,      1,      1], type =    f32, size =    0.008 MiB
[  42/ 963] blk.2.attn_q.weight                  - [  2048,   2048,      1,      1], type =    f16, converting to q8_0 .. size =     8.00 MiB ->     4.25 MiB
[  43/ 963] blk.2.attn_v.bias                    - [   256,      1,      1,      1], type =    f32, size =    0.001 MiB
[  44/ 963] blk.2.attn_v.weight                  - [  2048,    256,      1,      1], type =    f16, converting to q8_0 .. size =     1.00 MiB ->     0.53 MiB
[  45/ 963] blk.2.ffn_down.bias                  - [  2048,      1,      1,      1], type =    f32, size =    0.008 MiB
[  46/ 963] blk.2.ffn_down.weight                - [ 11008,   2048,      1,      1], type =    f16, converting to q8_0 .. size =    43.00 MiB ->    22.84 MiB
[  47/ 963] blk.2.ffn_gate.bias                  - [ 11008,      1,      1,      1], type =    f32, size =    0.042 MiB
[  48/ 963] blk.2.ffn_gate.weight                - [  2048,  11008,      1,      1], type =    f16, converting to q8_0 .. size =    43.00 MiB ->    22.84 MiB
[  49/ 963] blk.2.ffn_norm.weight                - [  2048,      1,      1,      1], type =    f32, size =    0.008 MiB
[  50/ 963] blk.2.ffn_up.bias                    - [ 11008,      1,      1,      1], type =    f32, size =    0.042 MiB
[  51/ 963] blk.2.ffn_up.weight                  - [  2048,  11008,      1,      1], type =    f16, converting to q8_0 .. size =    43.00 MiB ->    22.84 MiB
[  52/ 963] blk.3.attn_k.bias                    - [   256,      1,      1,      1], type =    f32, size =    0.001 MiB
[  53/ 963] blk.3.attn_k.weight                  - [  2048,    256,      1,      1], type =    f16, converting to q8_0 .. size =     1.00 MiB ->     0.53 MiB
[  54/ 963] blk.3.attn_norm.weight               - [  2048,      1,      1,      1], type =    f32, size =    0.008 MiB
[  55/ 963] blk.3.attn_output.bias               - [  2048,      1,      1,      1], type =    f32, size =    0.008 MiB
[  56/ 963] blk.3.attn_output.weight             - [  2048,   2048,      1,      1], type =    f16, converting to q8_0 .. size =     8.00 MiB ->     4.25 MiB
[  57/ 963] blk.3.attn_q.bias                    - [  2048,      1,      1,      1], type =    f32, size =    0.008 MiB
[  58/ 963] blk.3.attn_q.weight                  - [  2048,   2048,      1,      1], type =    f16, converting to q8_0 .. size =     8.00 MiB ->     4.25 MiB
[  59/ 963] blk.3.attn_v.bias                    - [   256,      1,      1,      1], type =    f32, size =    0.001 MiB
[  60/ 963] blk.3.attn_v.weight                  - [  2048,    256,      1,      1], type =    f16, converting to q8_0 .. size =     1.00 MiB ->     0.53 MiB
[  61/ 963] blk.3.ffn_down.bias                  - [  2048,      1,      1,      1], type =    f32, size =    0.008 MiB
[  62/ 963] blk.3.ffn_down.weight                - [ 11008,   2048,      1,      1], type =    f16, converting to q8_0 .. size =    43.00 MiB ->    22.84 MiB
[  63/ 963] blk.3.ffn_gate.bias                  - [ 11008,      1,      1,      1], type =    f32, size =    0.042 MiB
[  64/ 963] blk.3.ffn_gate.weight                - [  2048,  11008,      1,      1], type =    f16, converting to q8_0 .. size =    43.00 MiB ->    22.84 MiB
[  65/ 963] blk.3.ffn_norm.weight                - [  2048,      1,      1,      1], type =    f32, size =    0.008 MiB
[  66/ 963] blk.3.ffn_up.bias                    - [ 11008,      1,      1,      1], type =    f32, size =    0.042 MiB
[  67/ 963] blk.3.ffn_up.weight                  - [  2048,  11008,      1,      1], type =    f16, converting to q8_0 .. size =    43.00 MiB ->    22.84 MiB
[  68/ 963] blk.4.attn_k.bias                    - [   256,      1,      1,      1], type =    f32, size =    0.001 MiB
[  69/ 963] blk.4.attn_k.weight                  - [  2048,    256,      1,      1], type =    f16, converting to q8_0 .. size =     1.00 MiB ->     0.53 MiB
[  70/ 963] blk.4.attn_norm.weight               - [  2048,      1,      1,      1], type =    f32, size =    0.008 MiB
[  71/ 963] blk.4.attn_output.bias               - [  2048,      1,      1,      1], type =    f32, size =    0.008 MiB
[  72/ 963] blk.4.attn_output.weight             - [  2048,   2048,      1,      1], type =    f16, converting to q8_0 .. size =     8.00 MiB ->     4.25 MiB
[  73/ 963] blk.4.attn_q.bias                    - [  2048,      1,      1,      1], type =    f32, size =    0.008 MiB
[  74/ 963] blk.4.attn_q.weight                  - [  2048,   2048,      1,      1], type =    f16, converting to q8_0 .. size =     8.00 MiB ->     4.25 MiB
[  75/ 963] blk.4.attn_v.bias                    - [   256,      1,      1,      1], type =    f32, size =    0.001 MiB
[  76/ 963] blk.4.attn_v.weight                  - [  2048,    256,      1,      1], type =    f16, converting to q8_0 .. size =     1.00 MiB ->     0.53 MiB
[  77/ 963] blk.4.ffn_down.bias                  - [  2048,      1,      1,      1], type =    f32, size =    0.008 MiB
[  78/ 963] blk.4.ffn_down.weight                - [ 11008,   2048,      1,      1], type =    f16, converting to q8_0 .. size =    43.00 MiB ->    22.84 MiB
[  79/ 963] blk.4.ffn_gate.bias                  - [ 11008,      1,      1,      1], type =    f32, size =    0.042 MiB
[  80/ 963] blk.4.ffn_gate.weight                - [  2048,  11008,      1,      1], type =    f16, converting to q8_0 .. size =    43.00 MiB ->    22.84 MiB
[  81/ 963] blk.4.ffn_norm.weight                - [  2048,      1,      1,      1], type =    f32, size =    0.008 MiB
[  82/ 963] blk.4.ffn_up.bias                    - [ 11008,      1,      1,      1], type =    f32, size =    0.042 MiB
[  83/ 963] blk.4.ffn_up.weight                  - [  2048,  11008,      1,      1], type =    f16, converting to q8_0 .. size =    43.00 MiB ->    22.84 MiB
[  84/ 963] blk.5.attn_k.bias                    - [   256,      1,      1,      1], type =    f32, size =    0.001 MiB
[  85/ 963] blk.5.attn_k.weight                  - [  2048,    256,      1,      1], type =    f16, converting to q8_0 .. size =     1.00 MiB ->     0.53 MiB
[  86/ 963] blk.5.attn_norm.weight               - [  2048,      1,      1,      1], type =    f32, size =    0.008 MiB
[  87/ 963] blk.5.attn_output.bias               - [  2048,      1,      1,      1], type =    f32, size =    0.008 MiB
[  88/ 963] blk.5.attn_output.weight             - [  2048,   2048,      1,      1], type =    f16, converting to q8_0 .. size =     8.00 MiB ->     4.25 MiB
[  89/ 963] blk.5.attn_q.bias                    - [  2048,      1,      1,      1], type =    f32, size =    0.008 MiB
[  90/ 963] blk.5.attn_q.weight                  - [  2048,   2048,      1,      1], type =    f16, converting to q8_0 .. size =     8.00 MiB ->     4.25 MiB
[  91/ 963] blk.5.attn_v.bias                    - [   256,      1,      1,      1], type =    f32, size =    0.001 MiB
[  92/ 963] blk.5.attn_v.weight                  - [  2048,    256,      1,      1], type =    f16, converting to q8_0 .. size =     1.00 MiB ->     0.53 MiB
[  93/ 963] blk.5.ffn_down.bias                  - [  2048,      1,      1,      1], type =    f32, size =    0.008 MiB
[  94/ 963] blk.5.ffn_down.weight                - [ 11008,   2048,      1,      1], type =    f16, converting to q8_0 .. size =    43.00 MiB ->    22.84 MiB
[  95/ 963] blk.5.ffn_gate.bias                  - [ 11008,      1,      1,      1], type =    f32, size =    0.042 MiB
[  96/ 963] blk.5.ffn_gate.weight                - [  2048,  11008,      1,      1], type =    f16, converting to q8_0 .. size =    43.00 MiB ->    22.84 MiB
[  97/ 963] blk.5.ffn_norm.weight                - [  2048,      1,      1,      1], type =    f32, size =    0.008 MiB
[  98/ 963] blk.5.ffn_up.bias                    - [ 11008,      1,      1,      1], type =    f32, size =    0.042 MiB
[  99/ 963] blk.5.ffn_up.weight                  - [  2048,  11008,      1,      1], type =    f16, converting to q8_0 .. size =    43.00 MiB ->    22.84 MiB
[ 100/ 963] blk.6.attn_k.bias                    - [   256,      1,      1,      1], type =    f32, size =    0.001 MiB
[ 101/ 963] blk.6.attn_k.weight                  - [  2048,    256,      1,      1], type =    f16, converting to q8_0 .. size =     1.00 MiB ->     0.53 MiB
[ 102/ 963] blk.6.attn_norm.weight               - [  2048,      1,      1,      1], type =    f32, size =    0.008 MiB
[ 103/ 963] blk.6.attn_output.bias               - [  2048,      1,      1,      1], type =    f32, size =    0.008 MiB
[ 104/ 963] blk.6.attn_output.weight             - [  2048,   2048,      1,      1], type =    f16, converting to q8_0 .. size =     8.00 MiB ->     4.25 MiB
[ 105/ 963] blk.6.attn_q.bias                    - [  2048,      1,      1,      1], type =    f32, size =    0.008 MiB
[ 106/ 963] blk.6.attn_q.weight                  - [  2048,   2048,      1,      1], type =    f16, converting to q8_0 .. size =     8.00 MiB ->     4.25 MiB
[ 107/ 963] blk.6.attn_v.bias                    - [   256,      1,      1,      1], type =    f32, size =    0.001 MiB
[ 108/ 963] blk.6.attn_v.weight                  - [  2048,    256,      1,      1], type =    f16, converting to q8_0 .. size =     1.00 MiB ->     0.53 MiB
[ 109/ 963] blk.6.ffn_down.bias                  - [  2048,      1,      1,      1], type =    f32, size =    0.008 MiB
[ 110/ 963] blk.6.ffn_down.weight                - [ 11008,   2048,      1,      1], type =    f16, converting to q8_0 .. size =    43.00 MiB ->    22.84 MiB
[ 111/ 963] blk.6.ffn_gate.bias                  - [ 11008,      1,      1,      1], type =    f32, size =    0.042 MiB
[ 112/ 963] blk.6.ffn_gate.weight                - [  2048,  11008,      1,      1], type =    f16, converting to q8_0 .. size =    43.00 MiB ->    22.84 MiB
[ 113/ 963] blk.6.ffn_norm.weight                - [  2048,      1,      1,      1], type =    f32, size =    0.008 MiB
[ 114/ 963] blk.6.ffn_up.bias                    - [ 11008,      1,      1,      1], type =    f32, size =    0.042 MiB
[ 115/ 963] blk.6.ffn_up.weight                  - [  2048,  11008,      1,      1], type =    f16, converting to q8_0 .. size =    43.00 MiB ->    22.84 MiB
[ 116/ 963] blk.7.attn_k.bias                    - [   256,      1,      1,      1], type =    f32, size =    0.001 MiB
[ 117/ 963] blk.7.attn_k.weight                  - [  2048,    256,      1,      1], type =    f16, converting to q8_0 .. size =     1.00 MiB ->     0.53 MiB
[ 118/ 963] blk.7.attn_norm.weight               - [  2048,      1,      1,      1], type =    f32, size =    0.008 MiB
[ 119/ 963] blk.7.attn_output.bias               - [  2048,      1,      1,      1], type =    f32, size =    0.008 MiB
[ 120/ 963] blk.7.attn_output.weight             - [  2048,   2048,      1,      1], type =    f16, converting to q8_0 .. size =     8.00 MiB ->     4.25 MiB
[ 121/ 963] blk.7.attn_q.bias                    - [  2048,      1,      1,      1], type =    f32, size =    0.008 MiB
[ 122/ 963] blk.7.attn_q.weight                  - [  2048,   2048,      1,      1], type =    f16, converting to q8_0 .. size =     8.00 MiB ->     4.25 MiB
[ 123/ 963] blk.7.attn_v.bias                    - [   256,      1,      1,      1], type =    f32, size =    0.001 MiB
[ 124/ 963] blk.7.attn_v.weight                  - [  2048,    256,      1,      1], type =    f16, converting to q8_0 .. size =     1.00 MiB ->     0.53 MiB
[ 125/ 963] blk.7.ffn_down.bias                  - [  2048,      1,      1,      1], type =    f32, size =    0.008 MiB
[ 126/ 963] blk.7.ffn_down.weight                - [ 11008,   2048,      1,      1], type =    f16, converting to q8_0 .. size =    43.00 MiB ->    22.84 MiB
[ 127/ 963] blk.7.ffn_gate.bias                  - [ 11008,      1,      1,      1], type =    f32, size =    0.042 MiB
[ 128/ 963] blk.7.ffn_gate.weight                - [  2048,  11008,      1,      1], type =    f16, converting to q8_0 .. size =    43.00 MiB ->    22.84 MiB
[ 129/ 963] blk.7.ffn_norm.weight                - [  2048,      1,      1,      1], type =    f32, size =    0.008 MiB
[ 130/ 963] blk.7.ffn_up.bias                    - [ 11008,      1,      1,      1], type =    f32, size =    0.042 MiB
[ 131/ 963] blk.7.ffn_up.weight                  - [  2048,  11008,      1,      1], type =    f16, converting to q8_0 .. size =    43.00 MiB ->    22.84 MiB
[ 132/ 963] blk.8.attn_k.bias                    - [   256,      1,      1,      1], type =    f32, size =    0.001 MiB
[ 133/ 963] blk.8.attn_k.weight                  - [  2048,    256,      1,      1], type =    f16, converting to q8_0 .. size =     1.00 MiB ->     0.53 MiB
[ 134/ 963] blk.8.attn_norm.weight               - [  2048,      1,      1,      1], type =    f32, size =    0.008 MiB
[ 135/ 963] blk.8.attn_output.bias               - [  2048,      1,      1,      1], type =    f32, size =    0.008 MiB
[ 136/ 963] blk.8.attn_output.weight             - [  2048,   2048,      1,      1], type =    f16, converting to q8_0 .. size =     8.00 MiB ->     4.25 MiB
[ 137/ 963] blk.8.attn_q.bias                    - [  2048,      1,      1,      1], type =    f32, size =    0.008 MiB
[ 138/ 963] blk.8.attn_q.weight                  - [  2048,   2048,      1,      1], type =    f16, converting to q8_0 .. size =     8.00 MiB ->     4.25 MiB
[ 139/ 963] blk.8.attn_v.bias                    - [   256,      1,      1,      1], type =    f32, size =    0.001 MiB
[ 140/ 963] blk.8.attn_v.weight                  - [  2048,    256,      1,      1], type =    f16, converting to q8_0 .. size =     1.00 MiB ->     0.53 MiB
[ 141/ 963] blk.8.ffn_down.bias                  - [  2048,      1,      1,      1], type =    f32, size =    0.008 MiB
[ 142/ 963] blk.8.ffn_down.weight                - [ 11008,   2048,      1,      1], type =    f16, converting to q8_0 .. size =    43.00 MiB ->    22.84 MiB
[ 143/ 963] blk.8.ffn_gate.bias                  - [ 11008,      1,      1,      1], type =    f32, size =    0.042 MiB
[ 144/ 963] blk.8.ffn_gate.weight                - [  2048,  11008,      1,      1], type =    f16, converting to q8_0 .. size =    43.00 MiB ->    22.84 MiB
[ 145/ 963] blk.8.ffn_norm.weight                - [  2048,      1,      1,      1], type =    f32, size =    0.008 MiB
[ 146/ 963] blk.8.ffn_up.bias                    - [ 11008,      1,      1,      1], type =    f32, size =    0.042 MiB
[ 147/ 963] blk.8.ffn_up.weight                  - [  2048,  11008,      1,      1], type =    f16, converting to q8_0 .. size =    43.00 MiB ->    22.84 MiB
[ 148/ 963] blk.9.attn_k.bias                    - [   256,      1,      1,      1], type =    f32, size =    0.001 MiB
[ 149/ 963] blk.9.attn_k.weight                  - [  2048,    256,      1,      1], type =    f16, converting to q8_0 .. size =     1.00 MiB ->     0.53 MiB
[ 150/ 963] blk.9.attn_norm.weight               - [  2048,      1,      1,      1], type =    f32, size =    0.008 MiB
[ 151/ 963] blk.9.attn_output.bias               - [  2048,      1,      1,      1], type =    f32, size =    0.008 MiB
[ 152/ 963] blk.9.attn_output.weight             - [  2048,   2048,      1,      1], type =    f16, converting to q8_0 .. size =     8.00 MiB ->     4.25 MiB
[ 153/ 963] blk.9.attn_q.bias                    - [  2048,      1,      1,      1], type =    f32, size =    0.008 MiB
[ 154/ 963] blk.9.attn_q.weight                  - [  2048,   2048,      1,      1], type =    f16, converting to q8_0 .. size =     8.00 MiB ->     4.25 MiB
[ 155/ 963] blk.9.attn_v.bias                    - [   256,      1,      1,      1], type =    f32, size =    0.001 MiB
[ 156/ 963] blk.9.attn_v.weight                  - [  2048,    256,      1,      1], type =    f16, converting to q8_0 .. size =     1.00 MiB ->     0.53 MiB
[ 157/ 963] blk.9.ffn_down.bias                  - [  2048,      1,      1,      1], type =    f32, size =    0.008 MiB
[ 158/ 963] blk.9.ffn_down.weight                - [ 11008,   2048,      1,      1], type =    f16, converting to q8_0 .. size =    43.00 MiB ->    22.84 MiB
[ 159/ 963] blk.9.ffn_gate.bias                  - [ 11008,      1,      1,      1], type =    f32, size =    0.042 MiB
[ 160/ 963] blk.9.ffn_gate.weight                - [  2048,  11008,      1,      1], type =    f16, converting to q8_0 .. size =    43.00 MiB ->    22.84 MiB
[ 161/ 963] blk.9.ffn_norm.weight                - [  2048,      1,      1,      1], type =    f32, size =    0.008 MiB
[ 162/ 963] blk.9.ffn_up.bias                    - [ 11008,      1,      1,      1], type =    f32, size =    0.042 MiB
[ 163/ 963] blk.9.ffn_up.weight                  - [  2048,  11008,      1,      1], type =    f16, converting to q8_0 .. size =    43.00 MiB ->    22.84 MiB
[ 164/ 963] blk.10.attn_k.bias                   - [   256,      1,      1,      1], type =    f32, size =    0.001 MiB
[ 165/ 963] blk.10.attn_k.weight                 - [  2048,    256,      1,      1], type =    f16, converting to q8_0 .. size =     1.00 MiB ->     0.53 MiB
[ 166/ 963] blk.10.attn_norm.weight              - [  2048,      1,      1,      1], type =    f32, size =    0.008 MiB
[ 167/ 963] blk.10.attn_output.bias              - [  2048,      1,      1,      1], type =    f32, size =    0.008 MiB
[ 168/ 963] blk.10.attn_output.weight            - [  2048,   2048,      1,      1], type =    f16, converting to q8_0 .. size =     8.00 MiB ->     4.25 MiB
[ 169/ 963] blk.10.attn_q.bias                   - [  2048,      1,      1,      1], type =    f32, size =    0.008 MiB
[ 170/ 963] blk.10.attn_q.weight                 - [  2048,   2048,      1,      1], type =    f16, converting to q8_0 .. size =     8.00 MiB ->     4.25 MiB
[ 171/ 963] blk.10.attn_v.bias                   - [   256,      1,      1,      1], type =    f32, size =    0.001 MiB
[ 172/ 963] blk.10.attn_v.weight                 - [  2048,    256,      1,      1], type =    f16, converting to q8_0 .. size =     1.00 MiB ->     0.53 MiB
[ 173/ 963] blk.10.ffn_down.bias                 - [  2048,      1,      1,      1], type =    f32, size =    0.008 MiB
[ 174/ 963] blk.10.ffn_down.weight               - [ 11008,   2048,      1,      1], type =    f16, converting to q8_0 .. size =    43.00 MiB ->    22.84 MiB
[ 175/ 963] blk.10.ffn_gate.bias                 - [ 11008,      1,      1,      1], type =    f32, size =    0.042 MiB
[ 176/ 963] blk.10.ffn_gate.weight               - [  2048,  11008,      1,      1], type =    f16, converting to q8_0 .. size =    43.00 MiB ->    22.84 MiB
[ 177/ 963] blk.10.ffn_norm.weight               - [  2048,      1,      1,      1], type =    f32, size =    0.008 MiB
[ 178/ 963] blk.10.ffn_up.bias                   - [ 11008,      1,      1,      1], type =    f32, size =    0.042 MiB
[ 179/ 963] blk.10.ffn_up.weight                 - [  2048,  11008,      1,      1], type =    f16, converting to q8_0 .. size =    43.00 MiB ->    22.84 MiB
[ 180/ 963] blk.11.attn_k.bias                   - [   256,      1,      1,      1], type =    f32, size =    0.001 MiB
[ 181/ 963] blk.11.attn_k.weight                 - [  2048,    256,      1,      1], type =    f16, converting to q8_0 .. size =     1.00 MiB ->     0.53 MiB
[ 182/ 963] blk.11.attn_norm.weight              - [  2048,      1,      1,      1], type =    f32, size =    0.008 MiB
[ 183/ 963] blk.11.attn_output.bias              - [  2048,      1,      1,      1], type =    f32, size =    0.008 MiB
[ 184/ 963] blk.11.attn_output.weight            - [  2048,   2048,      1,      1], type =    f16, converting to q8_0 .. size =     8.00 MiB ->     4.25 MiB
[ 185/ 963] blk.11.attn_q.bias                   - [  2048,      1,      1,      1], type =    f32, size =    0.008 MiB
[ 186/ 963] blk.11.attn_q.weight                 - [  2048,   2048,      1,      1], type =    f16, converting to q8_0 .. size =     8.00 MiB ->     4.25 MiB
[ 187/ 963] blk.11.attn_v.bias                   - [   256,      1,      1,      1], type =    f32, size =    0.001 MiB
[ 188/ 963] blk.11.attn_v.weight                 - [  2048,    256,      1,      1], type =    f16, converting to q8_0 .. size =     1.00 MiB ->     0.53 MiB
[ 189/ 963] blk.11.ffn_down.bias                 - [  2048,      1,      1,      1], type =    f32, size =    0.008 MiB
[ 190/ 963] blk.11.ffn_down.weight               - [ 11008,   2048,      1,      1], type =    f16, converting to q8_0 .. size =    43.00 MiB ->    22.84 MiB
[ 191/ 963] blk.11.ffn_gate.bias                 - [ 11008,      1,      1,      1], type =    f32, size =    0.042 MiB
[ 192/ 963] blk.11.ffn_gate.weight               - [  2048,  11008,      1,      1], type =    f16, converting to q8_0 .. size =    43.00 MiB ->    22.84 MiB
[ 193/ 963] blk.11.ffn_norm.weight               - [  2048,      1,      1,      1], type =    f32, size =    0.008 MiB
[ 194/ 963] blk.11.ffn_up.bias                   - [ 11008,      1,      1,      1], type =    f32, size =    0.042 MiB
[ 195/ 963] blk.11.ffn_up.weight                 - [  2048,  11008,      1,      1], type =    f16, converting to q8_0 .. size =    43.00 MiB ->    22.84 MiB
[ 196/ 963] blk.12.attn_k.bias                   - [   256,      1,      1,      1], type =    f32, size =    0.001 MiB
[ 197/ 963] blk.12.attn_k.weight                 - [  2048,    256,      1,      1], type =    f16, converting to q8_0 .. size =     1.00 MiB ->     0.53 MiB
[ 198/ 963] blk.12.attn_norm.weight              - [  2048,      1,      1,      1], type =    f32, size =    0.008 MiB
[ 199/ 963] blk.12.attn_output.bias              - [  2048,      1,      1,      1], type =    f32, size =    0.008 MiB
[ 200/ 963] blk.12.attn_output.weight            - [  2048,   2048,      1,      1], type =    f16, converting to q8_0 .. size =     8.00 MiB ->     4.25 MiB
[ 201/ 963] blk.12.attn_q.bias                   - [  2048,      1,      1,      1], type =    f32, size =    0.008 MiB
[ 202/ 963] blk.12.attn_q.weight                 - [  2048,   2048,      1,      1], type =    f16, converting to q8_0 .. size =     8.00 MiB ->     4.25 MiB
[ 203/ 963] blk.12.attn_v.bias                   - [   256,      1,      1,      1], type =    f32, size =    0.001 MiB
[ 204/ 963] blk.12.attn_v.weight                 - [  2048,    256,      1,      1], type =    f16, converting to q8_0 .. size =     1.00 MiB ->     0.53 MiB
[ 205/ 963] blk.12.ffn_down.bias                 - [  2048,      1,      1,      1], type =    f32, size =    0.008 MiB
[ 206/ 963] blk.12.ffn_down.weight               - [ 11008,   2048,      1,      1], type =    f16, converting to q8_0 .. size =    43.00 MiB ->    22.84 MiB
[ 207/ 963] blk.12.ffn_gate.bias                 - [ 11008,      1,      1,      1], type =    f32, size =    0.042 MiB
[ 208/ 963] blk.12.ffn_gate.weight               - [  2048,  11008,      1,      1], type =    f16, converting to q8_0 .. size =    43.00 MiB ->    22.84 MiB
[ 209/ 963] blk.12.ffn_norm.weight               - [  2048,      1,      1,      1], type =    f32, size =    0.008 MiB
[ 210/ 963] blk.12.ffn_up.bias                   - [ 11008,      1,      1,      1], type =    f32, size =    0.042 MiB
[ 211/ 963] blk.12.ffn_up.weight                 - [  2048,  11008,      1,      1], type =    f16, converting to q8_0 .. size =    43.00 MiB ->    22.84 MiB
[ 212/ 963] blk.13.attn_k.bias                   - [   256,      1,      1,      1], type =    f32, size =    0.001 MiB
[ 213/ 963] blk.13.attn_k.weight                 - [  2048,    256,      1,      1], type =    f16, converting to q8_0 .. size =     1.00 MiB ->     0.53 MiB
[ 214/ 963] blk.13.attn_norm.weight              - [  2048,      1,      1,      1], type =    f32, size =    0.008 MiB
[ 215/ 963] blk.13.attn_output.bias              - [  2048,      1,      1,      1], type =    f32, size =    0.008 MiB
[ 216/ 963] blk.13.attn_output.weight            - [  2048,   2048,      1,      1], type =    f16, converting to q8_0 .. size =     8.00 MiB ->     4.25 MiB
[ 217/ 963] blk.13.attn_q.bias                   - [  2048,      1,      1,      1], type =    f32, size =    0.008 MiB
[ 218/ 963] blk.13.attn_q.weight                 - [  2048,   2048,      1,      1], type =    f16, converting to q8_0 .. size =     8.00 MiB ->     4.25 MiB
[ 219/ 963] blk.13.attn_v.bias                   - [   256,      1,      1,      1], type =    f32, size =    0.001 MiB
[ 220/ 963] blk.13.attn_v.weight                 - [  2048,    256,      1,      1], type =    f16, converting to q8_0 .. size =     1.00 MiB ->     0.53 MiB
[ 221/ 963] blk.13.ffn_down.bias                 - [  2048,      1,      1,      1], type =    f32, size =    0.008 MiB
[ 222/ 963] blk.13.ffn_down.weight               - [ 11008,   2048,      1,      1], type =    f16, converting to q8_0 .. size =    43.00 MiB ->    22.84 MiB
[ 223/ 963] blk.13.ffn_gate.bias                 - [ 11008,      1,      1,      1], type =    f32, size =    0.042 MiB
[ 224/ 963] blk.13.ffn_gate.weight               - [  2048,  11008,      1,      1], type =    f16, converting to q8_0 .. size =    43.00 MiB ->    22.84 MiB
[ 225/ 963] blk.13.ffn_norm.weight               - [  2048,      1,      1,      1], type =    f32, size =    0.008 MiB
[ 226/ 963] blk.13.ffn_up.bias                   - [ 11008,      1,      1,      1], type =    f32, size =    0.042 MiB
[ 227/ 963] blk.13.ffn_up.weight                 - [  2048,  11008,      1,      1], type =    f16, converting to q8_0 .. size =    43.00 MiB ->    22.84 MiB
[ 228/ 963] blk.14.attn_k.bias                   - [   256,      1,      1,      1], type =    f32, size =    0.001 MiB
[ 229/ 963] blk.14.attn_k.weight                 - [  2048,    256,      1,      1], type =    f16, converting to q8_0 .. size =     1.00 MiB ->     0.53 MiB
[ 230/ 963] blk.14.attn_norm.weight              - [  2048,      1,      1,      1], type =    f32, size =    0.008 MiB
[ 231/ 963] blk.14.attn_output.bias              - [  2048,      1,      1,      1], type =    f32, size =    0.008 MiB
[ 232/ 963] blk.14.attn_output.weight            - [  2048,   2048,      1,      1], type =    f16, converting to q8_0 .. size =     8.00 MiB ->     4.25 MiB
[ 233/ 963] blk.14.attn_q.bias                   - [  2048,      1,      1,      1], type =    f32, size =    0.008 MiB
[ 234/ 963] blk.14.attn_q.weight                 - [  2048,   2048,      1,      1], type =    f16, converting to q8_0 .. size =     8.00 MiB ->     4.25 MiB
[ 235/ 963] blk.14.attn_v.bias                   - [   256,      1,      1,      1], type =    f32, size =    0.001 MiB
[ 236/ 963] blk.14.attn_v.weight                 - [  2048,    256,      1,      1], type =    f16, converting to q8_0 .. size =     1.00 MiB ->     0.53 MiB
[ 237/ 963] blk.14.ffn_down.bias                 - [  2048,      1,      1,      1], type =    f32, size =    0.008 MiB
[ 238/ 963] blk.14.ffn_down.weight               - [ 11008,   2048,      1,      1], type =    f16, converting to q8_0 .. size =    43.00 MiB ->    22.84 MiB
[ 239/ 963] blk.14.ffn_gate.bias                 - [ 11008,      1,      1,      1], type =    f32, size =    0.042 MiB
[ 240/ 963] blk.14.ffn_gate.weight               - [  2048,  11008,      1,      1], type =    f16, converting to q8_0 .. size =    43.00 MiB ->    22.84 MiB
[ 241/ 963] blk.14.ffn_norm.weight               - [  2048,      1,      1,      1], type =    f32, size =    0.008 MiB
[ 242/ 963] blk.14.ffn_up.bias                   - [ 11008,      1,      1,      1], type =    f32, size =    0.042 MiB
[ 243/ 963] blk.14.ffn_up.weight                 - [  2048,  11008,      1,      1], type =    f16, converting to q8_0 .. size =    43.00 MiB ->    22.84 MiB
[ 244/ 963] blk.15.attn_k.bias                   - [   256,      1,      1,      1], type =    f32, size =    0.001 MiB
[ 245/ 963] blk.15.attn_k.weight                 - [  2048,    256,      1,      1], type =    f16, converting to q8_0 .. size =     1.00 MiB ->     0.53 MiB
[ 246/ 963] blk.15.attn_norm.weight              - [  2048,      1,      1,      1], type =    f32, size =    0.008 MiB
[ 247/ 963] blk.15.attn_output.bias              - [  2048,      1,      1,      1], type =    f32, size =    0.008 MiB
[ 248/ 963] blk.15.attn_output.weight            - [  2048,   2048,      1,      1], type =    f16, converting to q8_0 .. size =     8.00 MiB ->     4.25 MiB
[ 249/ 963] blk.15.attn_q.bias                   - [  2048,      1,      1,      1], type =    f32, size =    0.008 MiB
[ 250/ 963] blk.15.attn_q.weight                 - [  2048,   2048,      1,      1], type =    f16, converting to q8_0 .. size =     8.00 MiB ->     4.25 MiB
[ 251/ 963] blk.15.attn_v.bias                   - [   256,      1,      1,      1], type =    f32, size =    0.001 MiB
[ 252/ 963] blk.15.attn_v.weight                 - [  2048,    256,      1,      1], type =    f16, converting to q8_0 .. size =     1.00 MiB ->     0.53 MiB
[ 253/ 963] blk.15.ffn_down.bias                 - [  2048,      1,      1,      1], type =    f32, size =    0.008 MiB
[ 254/ 963] blk.15.ffn_down.weight               - [ 11008,   2048,      1,      1], type =    f16, converting to q8_0 .. size =    43.00 MiB ->    22.84 MiB
[ 255/ 963] blk.15.ffn_gate.bias                 - [ 11008,      1,      1,      1], type =    f32, size =    0.042 MiB
[ 256/ 963] blk.15.ffn_gate.weight               - [  2048,  11008,      1,      1], type =    f16, converting to q8_0 .. size =    43.00 MiB ->    22.84 MiB
[ 257/ 963] blk.15.ffn_norm.weight               - [  2048,      1,      1,      1], type =    f32, size =    0.008 MiB
[ 258/ 963] blk.15.ffn_up.bias                   - [ 11008,      1,      1,      1], type =    f32, size =    0.042 MiB
[ 259/ 963] blk.15.ffn_up.weight                 - [  2048,  11008,      1,      1], type =    f16, converting to q8_0 .. size =    43.00 MiB ->    22.84 MiB
[ 260/ 963] blk.16.attn_k.bias                   - [   256,      1,      1,      1], type =    f32, size =    0.001 MiB
[ 261/ 963] blk.16.attn_k.weight                 - [  2048,    256,      1,      1], type =    f16, converting to q8_0 .. size =     1.00 MiB ->     0.53 MiB
[ 262/ 963] blk.16.attn_norm.weight              - [  2048,      1,      1,      1], type =    f32, size =    0.008 MiB
[ 263/ 963] blk.16.attn_output.bias              - [  2048,      1,      1,      1], type =    f32, size =    0.008 MiB
[ 264/ 963] blk.16.attn_output.weight            - [  2048,   2048,      1,      1], type =    f16, converting to q8_0 .. size =     8.00 MiB ->     4.25 MiB
[ 265/ 963] blk.16.attn_q.bias                   - [  2048,      1,      1,      1], type =    f32, size =    0.008 MiB
[ 266/ 963] blk.16.attn_q.weight                 - [  2048,   2048,      1,      1], type =    f16, converting to q8_0 .. size =     8.00 MiB ->     4.25 MiB
[ 267/ 963] blk.16.attn_v.bias                   - [   256,      1,      1,      1], type =    f32, size =    0.001 MiB
[ 268/ 963] blk.16.attn_v.weight                 - [  2048,    256,      1,      1], type =    f16, converting to q8_0 .. size =     1.00 MiB ->     0.53 MiB
[ 269/ 963] blk.16.ffn_down.bias                 - [  2048,      1,      1,      1], type =    f32, size =    0.008 MiB
[ 270/ 963] blk.16.ffn_down.weight               - [ 11008,   2048,      1,      1], type =    f16, converting to q8_0 .. size =    43.00 MiB ->    22.84 MiB
[ 271/ 963] blk.16.ffn_gate.bias                 - [ 11008,      1,      1,      1], type =    f32, size =    0.042 MiB
[ 272/ 963] blk.16.ffn_gate.weight               - [  2048,  11008,      1,      1], type =    f16, converting to q8_0 .. size =    43.00 MiB ->    22.84 MiB
[ 273/ 963] blk.16.ffn_norm.weight               - [  2048,      1,      1,      1], type =    f32, size =    0.008 MiB
[ 274/ 963] blk.16.ffn_up.bias                   - [ 11008,      1,      1,      1], type =    f32, size =    0.042 MiB
[ 275/ 963] blk.16.ffn_up.weight                 - [  2048,  11008,      1,      1], type =    f16, converting to q8_0 .. size =    43.00 MiB ->    22.84 MiB
[ 276/ 963] blk.17.attn_k.bias                   - [   256,      1,      1,      1], type =    f32, size =    0.001 MiB
[ 277/ 963] blk.17.attn_k.weight                 - [  2048,    256,      1,      1], type =    f16, converting to q8_0 .. size =     1.00 MiB ->     0.53 MiB
[ 278/ 963] blk.17.attn_norm.weight              - [  2048,      1,      1,      1], type =    f32, size =    0.008 MiB
[ 279/ 963] blk.17.attn_output.bias              - [  2048,      1,      1,      1], type =    f32, size =    0.008 MiB
[ 280/ 963] blk.17.attn_output.weight            - [  2048,   2048,      1,      1], type =    f16, converting to q8_0 .. size =     8.00 MiB ->     4.25 MiB
[ 281/ 963] blk.17.attn_q.bias                   - [  2048,      1,      1,      1], type =    f32, size =    0.008 MiB
[ 282/ 963] blk.17.attn_q.weight                 - [  2048,   2048,      1,      1], type =    f16, converting to q8_0 .. size =     8.00 MiB ->     4.25 MiB
[ 283/ 963] blk.17.attn_v.bias                   - [   256,      1,      1,      1], type =    f32, size =    0.001 MiB
[ 284/ 963] blk.17.attn_v.weight                 - [  2048,    256,      1,      1], type =    f16, converting to q8_0 .. size =     1.00 MiB ->     0.53 MiB
[ 285/ 963] blk.17.ffn_down.bias                 - [  2048,      1,      1,      1], type =    f32, size =    0.008 MiB
[ 286/ 963] blk.17.ffn_down.weight               - [ 11008,   2048,      1,      1], type =    f16, converting to q8_0 .. size =    43.00 MiB ->    22.84 MiB
[ 287/ 963] blk.17.ffn_gate.bias                 - [ 11008,      1,      1,      1], type =    f32, size =    0.042 MiB
[ 288/ 963] blk.17.ffn_gate.weight               - [  2048,  11008,      1,      1], type =    f16, converting to q8_0 .. size =    43.00 MiB ->    22.84 MiB
[ 289/ 963] blk.17.ffn_norm.weight               - [  2048,      1,      1,      1], type =    f32, size =    0.008 MiB
[ 290/ 963] blk.17.ffn_up.bias                   - [ 11008,      1,      1,      1], type =    f32, size =    0.042 MiB
[ 291/ 963] blk.17.ffn_up.weight                 - [  2048,  11008,      1,      1], type =    f16, converting to q8_0 .. size =    43.00 MiB ->    22.84 MiB
[ 292/ 963] blk.18.attn_k.bias                   - [   256,      1,      1,      1], type =    f32, size =    0.001 MiB
[ 293/ 963] blk.18.attn_k.weight                 - [  2048,    256,      1,      1], type =    f16, converting to q8_0 .. size =     1.00 MiB ->     0.53 MiB
[ 294/ 963] blk.18.attn_norm.weight              - [  2048,      1,      1,      1], type =    f32, size =    0.008 MiB
[ 295/ 963] blk.18.attn_output.bias              - [  2048,      1,      1,      1], type =    f32, size =    0.008 MiB
[ 296/ 963] blk.18.attn_output.weight            - [  2048,   2048,      1,      1], type =    f16, converting to q8_0 .. size =     8.00 MiB ->     4.25 MiB
[ 297/ 963] blk.18.attn_q.bias                   - [  2048,      1,      1,      1], type =    f32, size =    0.008 MiB
[ 298/ 963] blk.18.attn_q.weight                 - [  2048,   2048,      1,      1], type =    f16, converting to q8_0 .. size =     8.00 MiB ->     4.25 MiB
[ 299/ 963] blk.18.attn_v.bias                   - [   256,      1,      1,      1], type =    f32, size =    0.001 MiB
[ 300/ 963] blk.18.attn_v.weight                 - [  2048,    256,      1,      1], type =    f16, converting to q8_0 .. size =     1.00 MiB ->     0.53 MiB
[ 301/ 963] blk.18.ffn_down.bias                 - [  2048,      1,      1,      1], type =    f32, size =    0.008 MiB
[ 302/ 963] blk.18.ffn_down.weight               - [ 11008,   2048,      1,      1], type =    f16, converting to q8_0 .. size =    43.00 MiB ->    22.84 MiB
[ 303/ 963] blk.18.ffn_gate.bias                 - [ 11008,      1,      1,      1], type =    f32, size =    0.042 MiB
[ 304/ 963] blk.18.ffn_gate.weight               - [  2048,  11008,      1,      1], type =    f16, converting to q8_0 .. size =    43.00 MiB ->    22.84 MiB
[ 305/ 963] blk.18.ffn_norm.weight               - [  2048,      1,      1,      1], type =    f32, size =    0.008 MiB
[ 306/ 963] blk.18.ffn_up.bias                   - [ 11008,      1,      1,      1], type =    f32, size =    0.042 MiB
[ 307/ 963] blk.18.ffn_up.weight                 - [  2048,  11008,      1,      1], type =    f16, converting to q8_0 .. size =    43.00 MiB ->    22.84 MiB
[ 308/ 963] blk.19.attn_k.bias                   - [   256,      1,      1,      1], type =    f32, size =    0.001 MiB
[ 309/ 963] blk.19.attn_k.weight                 - [  2048,    256,      1,      1], type =    f16, converting to q8_0 .. size =     1.00 MiB ->     0.53 MiB
[ 310/ 963] blk.19.attn_norm.weight              - [  2048,      1,      1,      1], type =    f32, size =    0.008 MiB
[ 311/ 963] blk.19.attn_output.bias              - [  2048,      1,      1,      1], type =    f32, size =    0.008 MiB
[ 312/ 963] blk.19.attn_output.weight            - [  2048,   2048,      1,      1], type =    f16, converting to q8_0 .. size =     8.00 MiB ->     4.25 MiB
[ 313/ 963] blk.19.attn_q.bias                   - [  2048,      1,      1,      1], type =    f32, size =    0.008 MiB
[ 314/ 963] blk.19.attn_q.weight                 - [  2048,   2048,      1,      1], type =    f16, converting to q8_0 .. size =     8.00 MiB ->     4.25 MiB
[ 315/ 963] blk.19.attn_v.bias                   - [   256,      1,      1,      1], type =    f32, size =    0.001 MiB
[ 316/ 963] blk.19.attn_v.weight                 - [  2048,    256,      1,      1], type =    f16, converting to q8_0 .. size =     1.00 MiB ->     0.53 MiB
[ 317/ 963] blk.19.ffn_down.bias                 - [  2048,      1,      1,      1], type =    f32, size =    0.008 MiB
[ 318/ 963] blk.19.ffn_down.weight               - [ 11008,   2048,      1,      1], type =    f16, converting to q8_0 .. size =    43.00 MiB ->    22.84 MiB
[ 319/ 963] blk.19.ffn_gate.bias                 - [ 11008,      1,      1,      1], type =    f32, size =    0.042 MiB
[ 320/ 963] blk.19.ffn_gate.weight               - [  2048,  11008,      1,      1], type =    f16, converting to q8_0 .. size =    43.00 MiB ->    22.84 MiB
[ 321/ 963] blk.19.ffn_norm.weight               - [  2048,      1,      1,      1], type =    f32, size =    0.008 MiB
[ 322/ 963] blk.19.ffn_up.bias                   - [ 11008,      1,      1,      1], type =    f32, size =    0.042 MiB
[ 323/ 963] blk.19.ffn_up.weight                 - [  2048,  11008,      1,      1], type =    f16, converting to q8_0 .. size =    43.00 MiB ->    22.84 MiB
[ 324/ 963] blk.20.attn_k.bias                   - [   256,      1,      1,      1], type =    f32, size =    0.001 MiB
[ 325/ 963] blk.20.attn_k.weight                 - [  2048,    256,      1,      1], type =    f16, converting to q8_0 .. size =     1.00 MiB ->     0.53 MiB
[ 326/ 963] blk.20.attn_norm.weight              - [  2048,      1,      1,      1], type =    f32, size =    0.008 MiB
[ 327/ 963] blk.20.attn_output.bias              - [  2048,      1,      1,      1], type =    f32, size =    0.008 MiB
[ 328/ 963] blk.20.attn_output.weight            - [  2048,   2048,      1,      1], type =    f16, converting to q8_0 .. size =     8.00 MiB ->     4.25 MiB
[ 329/ 963] blk.20.attn_q.bias                   - [  2048,      1,      1,      1], type =    f32, size =    0.008 MiB
[ 330/ 963] blk.20.attn_q.weight                 - [  2048,   2048,      1,      1], type =    f16, converting to q8_0 .. size =     8.00 MiB ->     4.25 MiB
[ 331/ 963] blk.20.attn_v.bias                   - [   256,      1,      1,      1], type =    f32, size =    0.001 MiB
[ 332/ 963] blk.20.attn_v.weight                 - [  2048,    256,      1,      1], type =    f16, converting to q8_0 .. size =     1.00 MiB ->     0.53 MiB
[ 333/ 963] blk.20.ffn_down.bias                 - [  2048,      1,      1,      1], type =    f32, size =    0.008 MiB
[ 334/ 963] blk.20.ffn_down.weight               - [ 11008,   2048,      1,      1], type =    f16, converting to q8_0 .. size =    43.00 MiB ->    22.84 MiB
[ 335/ 963] blk.20.ffn_gate.bias                 - [ 11008,      1,      1,      1], type =    f32, size =    0.042 MiB
[ 336/ 963] blk.20.ffn_gate.weight               - [  2048,  11008,      1,      1], type =    f16, converting to q8_0 .. size =    43.00 MiB ->    22.84 MiB
[ 337/ 963] blk.20.ffn_norm.weight               - [  2048,      1,      1,      1], type =    f32, size =    0.008 MiB
[ 338/ 963] blk.20.ffn_up.bias                   - [ 11008,      1,      1,      1], type =    f32, size =    0.042 MiB
[ 339/ 963] blk.20.ffn_up.weight                 - [  2048,  11008,      1,      1], type =    f16, converting to q8_0 .. size =    43.00 MiB ->    22.84 MiB
[ 340/ 963] blk.21.attn_k.bias                   - [   256,      1,      1,      1], type =    f32, size =    0.001 MiB
[ 341/ 963] blk.21.attn_k.weight                 - [  2048,    256,      1,      1], type =    f16, converting to q8_0 .. size =     1.00 MiB ->     0.53 MiB
[ 342/ 963] blk.21.attn_norm.weight              - [  2048,      1,      1,      1], type =    f32, size =    0.008 MiB
[ 343/ 963] blk.21.attn_output.bias              - [  2048,      1,      1,      1], type =    f32, size =    0.008 MiB
[ 344/ 963] blk.21.attn_output.weight            - [  2048,   2048,      1,      1], type =    f16, converting to q8_0 .. size =     8.00 MiB ->     4.25 MiB
[ 345/ 963] blk.21.attn_q.bias                   - [  2048,      1,      1,      1], type =    f32, size =    0.008 MiB
[ 346/ 963] blk.21.attn_q.weight                 - [  2048,   2048,      1,      1], type =    f16, converting to q8_0 .. size =     8.00 MiB ->     4.25 MiB
[ 347/ 963] blk.21.attn_v.bias                   - [   256,      1,      1,      1], type =    f32, size =    0.001 MiB
[ 348/ 963] blk.21.attn_v.weight                 - [  2048,    256,      1,      1], type =    f16, converting to q8_0 .. size =     1.00 MiB ->     0.53 MiB
[ 349/ 963] blk.21.ffn_down.bias                 - [  2048,      1,      1,      1], type =    f32, size =    0.008 MiB
[ 350/ 963] blk.21.ffn_down.weight               - [ 11008,   2048,      1,      1], type =    f16, converting to q8_0 .. size =    43.00 MiB ->    22.84 MiB
[ 351/ 963] blk.21.ffn_gate.bias                 - [ 11008,      1,      1,      1], type =    f32, size =    0.042 MiB
[ 352/ 963] blk.21.ffn_gate.weight               - [  2048,  11008,      1,      1], type =    f16, converting to q8_0 .. size =    43.00 MiB ->    22.84 MiB
[ 353/ 963] blk.21.ffn_norm.weight               - [  2048,      1,      1,      1], type =    f32, size =    0.008 MiB
[ 354/ 963] blk.21.ffn_up.bias                   - [ 11008,      1,      1,      1], type =    f32, size =    0.042 MiB
[ 355/ 963] blk.21.ffn_up.weight                 - [  2048,  11008,      1,      1], type =    f16, converting to q8_0 .. size =    43.00 MiB ->    22.84 MiB
[ 356/ 963] blk.22.attn_k.bias                   - [   256,      1,      1,      1], type =    f32, size =    0.001 MiB
[ 357/ 963] blk.22.attn_k.weight                 - [  2048,    256,      1,      1], type =    f16, converting to q8_0 .. size =     1.00 MiB ->     0.53 MiB
[ 358/ 963] blk.22.attn_norm.weight              - [  2048,      1,      1,      1], type =    f32, size =    0.008 MiB
[ 359/ 963] blk.22.attn_output.bias              - [  2048,      1,      1,      1], type =    f32, size =    0.008 MiB
[ 360/ 963] blk.22.attn_output.weight            - [  2048,   2048,      1,      1], type =    f16, converting to q8_0 .. size =     8.00 MiB ->     4.25 MiB
[ 361/ 963] blk.22.attn_q.bias                   - [  2048,      1,      1,      1], type =    f32, size =    0.008 MiB
[ 362/ 963] blk.22.attn_q.weight                 - [  2048,   2048,      1,      1], type =    f16, converting to q8_0 .. size =     8.00 MiB ->     4.25 MiB
[ 363/ 963] blk.22.attn_v.bias                   - [   256,      1,      1,      1], type =    f32, size =    0.001 MiB
[ 364/ 963] blk.22.attn_v.weight                 - [  2048,    256,      1,      1], type =    f16, converting to q8_0 .. size =     1.00 MiB ->     0.53 MiB
[ 365/ 963] blk.22.ffn_down.bias                 - [  2048,      1,      1,      1], type =    f32, size =    0.008 MiB
[ 366/ 963] blk.22.ffn_down.weight               - [ 11008,   2048,      1,      1], type =    f16, converting to q8_0 .. size =    43.00 MiB ->    22.84 MiB
[ 367/ 963] blk.22.ffn_gate.bias                 - [ 11008,      1,      1,      1], type =    f32, size =    0.042 MiB
[ 368/ 963] blk.22.ffn_gate.weight               - [  2048,  11008,      1,      1], type =    f16, converting to q8_0 .. size =    43.00 MiB ->    22.84 MiB
[ 369/ 963] blk.22.ffn_norm.weight               - [  2048,      1,      1,      1], type =    f32, size =    0.008 MiB
[ 370/ 963] blk.22.ffn_up.bias                   - [ 11008,      1,      1,      1], type =    f32, size =    0.042 MiB
[ 371/ 963] blk.22.ffn_up.weight                 - [  2048,  11008,      1,      1], type =    f16, converting to q8_0 .. size =    43.00 MiB ->    22.84 MiB
[ 372/ 963] blk.23.attn_k.bias                   - [   256,      1,      1,      1], type =    f32, size =    0.001 MiB
[ 373/ 963] blk.23.attn_k.weight                 - [  2048,    256,      1,      1], type =    f16, converting to q8_0 .. size =     1.00 MiB ->     0.53 MiB
[ 374/ 963] blk.23.attn_norm.weight              - [  2048,      1,      1,      1], type =    f32, size =    0.008 MiB
[ 375/ 963] blk.23.attn_output.bias              - [  2048,      1,      1,      1], type =    f32, size =    0.008 MiB
[ 376/ 963] blk.23.attn_output.weight            - [  2048,   2048,      1,      1], type =    f16, converting to q8_0 .. size =     8.00 MiB ->     4.25 MiB
[ 377/ 963] blk.23.attn_q.bias                   - [  2048,      1,      1,      1], type =    f32, size =    0.008 MiB
[ 378/ 963] blk.23.attn_q.weight                 - [  2048,   2048,      1,      1], type =    f16, converting to q8_0 .. size =     8.00 MiB ->     4.25 MiB
[ 379/ 963] blk.23.attn_v.bias                   - [   256,      1,      1,      1], type =    f32, size =    0.001 MiB
[ 380/ 963] blk.23.attn_v.weight                 - [  2048,    256,      1,      1], type =    f16, converting to q8_0 .. size =     1.00 MiB ->     0.53 MiB
[ 381/ 963] blk.23.ffn_down.bias                 - [  2048,      1,      1,      1], type =    f32, size =    0.008 MiB
[ 382/ 963] blk.23.ffn_down.weight               - [ 11008,   2048,      1,      1], type =    f16, converting to q8_0 .. size =    43.00 MiB ->    22.84 MiB
[ 383/ 963] blk.23.ffn_gate.bias                 - [ 11008,      1,      1,      1], type =    f32, size =    0.042 MiB
[ 384/ 963] blk.23.ffn_gate.weight               - [  2048,  11008,      1,      1], type =    f16, converting to q8_0 .. size =    43.00 MiB ->    22.84 MiB
[ 385/ 963] blk.23.ffn_norm.weight               - [  2048,      1,      1,      1], type =    f32, size =    0.008 MiB
[ 386/ 963] blk.23.ffn_up.bias                   - [ 11008,      1,      1,      1], type =    f32, size =    0.042 MiB
[ 387/ 963] blk.23.ffn_up.weight                 - [  2048,  11008,      1,      1], type =    f16, converting to q8_0 .. size =    43.00 MiB ->    22.84 MiB
[ 388/ 963] blk.24.attn_k.bias                   - [   256,      1,      1,      1], type =    f32, size =    0.001 MiB
[ 389/ 963] blk.24.attn_k.weight                 - [  2048,    256,      1,      1], type =    f16, converting to q8_0 .. size =     1.00 MiB ->     0.53 MiB
[ 390/ 963] blk.24.attn_norm.weight              - [  2048,      1,      1,      1], type =    f32, size =    0.008 MiB
[ 391/ 963] blk.24.attn_output.bias              - [  2048,      1,      1,      1], type =    f32, size =    0.008 MiB
[ 392/ 963] blk.24.attn_output.weight            - [  2048,   2048,      1,      1], type =    f16, converting to q8_0 .. size =     8.00 MiB ->     4.25 MiB
[ 393/ 963] blk.24.attn_q.bias                   - [  2048,      1,      1,      1], type =    f32, size =    0.008 MiB
[ 394/ 963] blk.24.attn_q.weight                 - [  2048,   2048,      1,      1], type =    f16, converting to q8_0 .. size =     8.00 MiB ->     4.25 MiB
[ 395/ 963] blk.24.attn_v.bias                   - [   256,      1,      1,      1], type =    f32, size =    0.001 MiB
[ 396/ 963] blk.24.attn_v.weight                 - [  2048,    256,      1,      1], type =    f16, converting to q8_0 .. size =     1.00 MiB ->     0.53 MiB
[ 397/ 963] blk.24.ffn_down.bias                 - [  2048,      1,      1,      1], type =    f32, size =    0.008 MiB
[ 398/ 963] blk.24.ffn_down.weight               - [ 11008,   2048,      1,      1], type =    f16, converting to q8_0 .. size =    43.00 MiB ->    22.84 MiB
[ 399/ 963] blk.24.ffn_gate.bias                 - [ 11008,      1,      1,      1], type =    f32, size =    0.042 MiB
[ 400/ 963] blk.24.ffn_gate.weight               - [  2048,  11008,      1,      1], type =    f16, converting to q8_0 .. size =    43.00 MiB ->    22.84 MiB
[ 401/ 963] blk.24.ffn_norm.weight               - [  2048,      1,      1,      1], type =    f32, size =    0.008 MiB
[ 402/ 963] blk.24.ffn_up.bias                   - [ 11008,      1,      1,      1], type =    f32, size =    0.042 MiB
[ 403/ 963] blk.24.ffn_up.weight                 - [  2048,  11008,      1,      1], type =    f16, converting to q8_0 .. size =    43.00 MiB ->    22.84 MiB
[ 404/ 963] blk.25.attn_k.bias                   - [   256,      1,      1,      1], type =    f32, size =    0.001 MiB
[ 405/ 963] blk.25.attn_k.weight                 - [  2048,    256,      1,      1], type =    f16, converting to q8_0 .. size =     1.00 MiB ->     0.53 MiB
[ 406/ 963] blk.25.attn_norm.weight              - [  2048,      1,      1,      1], type =    f32, size =    0.008 MiB
[ 407/ 963] blk.25.attn_output.bias              - [  2048,      1,      1,      1], type =    f32, size =    0.008 MiB
[ 408/ 963] blk.25.attn_output.weight            - [  2048,   2048,      1,      1], type =    f16, converting to q8_0 .. size =     8.00 MiB ->     4.25 MiB
[ 409/ 963] blk.25.attn_q.bias                   - [  2048,      1,      1,      1], type =    f32, size =    0.008 MiB
[ 410/ 963] blk.25.attn_q.weight                 - [  2048,   2048,      1,      1], type =    f16, converting to q8_0 .. size =     8.00 MiB ->     4.25 MiB
[ 411/ 963] blk.25.attn_v.bias                   - [   256,      1,      1,      1], type =    f32, size =    0.001 MiB
[ 412/ 963] blk.25.attn_v.weight                 - [  2048,    256,      1,      1], type =    f16, converting to q8_0 .. size =     1.00 MiB ->     0.53 MiB
[ 413/ 963] blk.25.ffn_down.bias                 - [  2048,      1,      1,      1], type =    f32, size =    0.008 MiB
[ 414/ 963] blk.25.ffn_down.weight               - [ 11008,   2048,      1,      1], type =    f16, converting to q8_0 .. size =    43.00 MiB ->    22.84 MiB
[ 415/ 963] blk.25.ffn_gate.bias                 - [ 11008,      1,      1,      1], type =    f32, size =    0.042 MiB
[ 416/ 963] blk.25.ffn_gate.weight               - [  2048,  11008,      1,      1], type =    f16, converting to q8_0 .. size =    43.00 MiB ->    22.84 MiB
[ 417/ 963] blk.25.ffn_norm.weight               - [  2048,      1,      1,      1], type =    f32, size =    0.008 MiB
[ 418/ 963] blk.25.ffn_up.bias                   - [ 11008,      1,      1,      1], type =    f32, size =    0.042 MiB
[ 419/ 963] blk.25.ffn_up.weight                 - [  2048,  11008,      1,      1], type =    f16, converting to q8_0 .. size =    43.00 MiB ->    22.84 MiB
[ 420/ 963] blk.26.attn_k.bias                   - [   256,      1,      1,      1], type =    f32, size =    0.001 MiB
[ 421/ 963] blk.26.attn_k.weight                 - [  2048,    256,      1,      1], type =    f16, converting to q8_0 .. size =     1.00 MiB ->     0.53 MiB
[ 422/ 963] blk.26.attn_norm.weight              - [  2048,      1,      1,      1], type =    f32, size =    0.008 MiB
[ 423/ 963] blk.26.attn_output.bias              - [  2048,      1,      1,      1], type =    f32, size =    0.008 MiB
[ 424/ 963] blk.26.attn_output.weight            - [  2048,   2048,      1,      1], type =    f16, converting to q8_0 .. size =     8.00 MiB ->     4.25 MiB
[ 425/ 963] blk.26.attn_q.bias                   - [  2048,      1,      1,      1], type =    f32, size =    0.008 MiB
[ 426/ 963] blk.26.attn_q.weight                 - [  2048,   2048,      1,      1], type =    f16, converting to q8_0 .. size =     8.00 MiB ->     4.25 MiB
[ 427/ 963] blk.26.attn_v.bias                   - [   256,      1,      1,      1], type =    f32, size =    0.001 MiB
[ 428/ 963] blk.26.attn_v.weight                 - [  2048,    256,      1,      1], type =    f16, converting to q8_0 .. size =     1.00 MiB ->     0.53 MiB
[ 429/ 963] blk.26.ffn_down.bias                 - [  2048,      1,      1,      1], type =    f32, size =    0.008 MiB
[ 430/ 963] blk.26.ffn_down.weight               - [ 11008,   2048,      1,      1], type =    f16, converting to q8_0 .. size =    43.00 MiB ->    22.84 MiB
[ 431/ 963] blk.26.ffn_gate.bias                 - [ 11008,      1,      1,      1], type =    f32, size =    0.042 MiB
[ 432/ 963] blk.26.ffn_gate.weight               - [  2048,  11008,      1,      1], type =    f16, converting to q8_0 .. size =    43.00 MiB ->    22.84 MiB
[ 433/ 963] blk.26.ffn_norm.weight               - [  2048,      1,      1,      1], type =    f32, size =    0.008 MiB
[ 434/ 963] blk.26.ffn_up.bias                   - [ 11008,      1,      1,      1], type =    f32, size =    0.042 MiB
[ 435/ 963] blk.26.ffn_up.weight                 - [  2048,  11008,      1,      1], type =    f16, converting to q8_0 .. size =    43.00 MiB ->    22.84 MiB
[ 436/ 963] blk.27.attn_k.bias                   - [   256,      1,      1,      1], type =    f32, size =    0.001 MiB
[ 437/ 963] blk.27.attn_k.weight                 - [  2048,    256,      1,      1], type =    f16, converting to q8_0 .. size =     1.00 MiB ->     0.53 MiB
[ 438/ 963] blk.27.attn_norm.weight              - [  2048,      1,      1,      1], type =    f32, size =    0.008 MiB
[ 439/ 963] blk.27.attn_output.bias              - [  2048,      1,      1,      1], type =    f32, size =    0.008 MiB
[ 440/ 963] blk.27.attn_output.weight            - [  2048,   2048,      1,      1], type =    f16, converting to q8_0 .. size =     8.00 MiB ->     4.25 MiB
[ 441/ 963] blk.27.attn_q.bias                   - [  2048,      1,      1,      1], type =    f32, size =    0.008 MiB
[ 442/ 963] blk.27.attn_q.weight                 - [  2048,   2048,      1,      1], type =    f16, converting to q8_0 .. size =     8.00 MiB ->     4.25 MiB
[ 443/ 963] blk.27.attn_v.bias                   - [   256,      1,      1,      1], type =    f32, size =    0.001 MiB
[ 444/ 963] blk.27.attn_v.weight                 - [  2048,    256,      1,      1], type =    f16, converting to q8_0 .. size =     1.00 MiB ->     0.53 MiB
[ 445/ 963] blk.27.ffn_down.bias                 - [  2048,      1,      1,      1], type =    f32, size =    0.008 MiB
[ 446/ 963] blk.27.ffn_down.weight               - [ 11008,   2048,      1,      1], type =    f16, converting to q8_0 .. size =    43.00 MiB ->    22.84 MiB
[ 447/ 963] blk.27.ffn_gate.bias                 - [ 11008,      1,      1,      1], type =    f32, size =    0.042 MiB
[ 448/ 963] blk.27.ffn_gate.weight               - [  2048,  11008,      1,      1], type =    f16, converting to q8_0 .. size =    43.00 MiB ->    22.84 MiB
[ 449/ 963] blk.27.ffn_norm.weight               - [  2048,      1,      1,      1], type =    f32, size =    0.008 MiB
[ 450/ 963] blk.27.ffn_up.bias                   - [ 11008,      1,      1,      1], type =    f32, size =    0.042 MiB
[ 451/ 963] blk.27.ffn_up.weight                 - [  2048,  11008,      1,      1], type =    f16, converting to q8_0 .. size =    43.00 MiB ->    22.84 MiB
[ 452/ 963] blk.28.attn_k.bias                   - [   256,      1,      1,      1], type =    f32, size =    0.001 MiB
[ 453/ 963] blk.28.attn_k.weight                 - [  2048,    256,      1,      1], type =    f16, converting to q8_0 .. size =     1.00 MiB ->     0.53 MiB
[ 454/ 963] blk.28.attn_norm.weight              - [  2048,      1,      1,      1], type =    f32, size =    0.008 MiB
[ 455/ 963] blk.28.attn_output.bias              - [  2048,      1,      1,      1], type =    f32, size =    0.008 MiB
[ 456/ 963] blk.28.attn_output.weight            - [  2048,   2048,      1,      1], type =    f16, converting to q8_0 .. size =     8.00 MiB ->     4.25 MiB
[ 457/ 963] blk.28.attn_q.bias                   - [  2048,      1,      1,      1], type =    f32, size =    0.008 MiB
[ 458/ 963] blk.28.attn_q.weight                 - [  2048,   2048,      1,      1], type =    f16, converting to q8_0 .. size =     8.00 MiB ->     4.25 MiB
[ 459/ 963] blk.28.attn_v.bias                   - [   256,      1,      1,      1], type =    f32, size =    0.001 MiB
[ 460/ 963] blk.28.attn_v.weight                 - [  2048,    256,      1,      1], type =    f16, converting to q8_0 .. size =     1.00 MiB ->     0.53 MiB
[ 461/ 963] blk.28.ffn_down.bias                 - [  2048,      1,      1,      1], type =    f32, size =    0.008 MiB
[ 462/ 963] blk.28.ffn_down.weight               - [ 11008,   2048,      1,      1], type =    f16, converting to q8_0 .. size =    43.00 MiB ->    22.84 MiB
[ 463/ 963] blk.28.ffn_gate.bias                 - [ 11008,      1,      1,      1], type =    f32, size =    0.042 MiB
[ 464/ 963] blk.28.ffn_gate.weight               - [  2048,  11008,      1,      1], type =    f16, converting to q8_0 .. size =    43.00 MiB ->    22.84 MiB
[ 465/ 963] blk.28.ffn_norm.weight               - [  2048,      1,      1,      1], type =    f32, size =    0.008 MiB
[ 466/ 963] blk.28.ffn_up.bias                   - [ 11008,      1,      1,      1], type =    f32, size =    0.042 MiB
[ 467/ 963] blk.28.ffn_up.weight                 - [  2048,  11008,      1,      1], type =    f16, converting to q8_0 .. size =    43.00 MiB ->    22.84 MiB
[ 468/ 963] blk.29.attn_k.bias                   - [   256,      1,      1,      1], type =    f32, size =    0.001 MiB
[ 469/ 963] blk.29.attn_k.weight                 - [  2048,    256,      1,      1], type =    f16, converting to q8_0 .. size =     1.00 MiB ->     0.53 MiB
[ 470/ 963] blk.29.attn_norm.weight              - [  2048,      1,      1,      1], type =    f32, size =    0.008 MiB
[ 471/ 963] blk.29.attn_output.bias              - [  2048,      1,      1,      1], type =    f32, size =    0.008 MiB
[ 472/ 963] blk.29.attn_output.weight            - [  2048,   2048,      1,      1], type =    f16, converting to q8_0 .. size =     8.00 MiB ->     4.25 MiB
[ 473/ 963] blk.29.attn_q.bias                   - [  2048,      1,      1,      1], type =    f32, size =    0.008 MiB
[ 474/ 963] blk.29.attn_q.weight                 - [  2048,   2048,      1,      1], type =    f16, converting to q8_0 .. size =     8.00 MiB ->     4.25 MiB
[ 475/ 963] blk.29.attn_v.bias                   - [   256,      1,      1,      1], type =    f32, size =    0.001 MiB
[ 476/ 963] blk.29.attn_v.weight                 - [  2048,    256,      1,      1], type =    f16, converting to q8_0 .. size =     1.00 MiB ->     0.53 MiB
[ 477/ 963] blk.29.ffn_down.bias                 - [  2048,      1,      1,      1], type =    f32, size =    0.008 MiB
[ 478/ 963] blk.29.ffn_down.weight               - [ 11008,   2048,      1,      1], type =    f16, converting to q8_0 .. size =    43.00 MiB ->    22.84 MiB
[ 479/ 963] blk.29.ffn_gate.bias                 - [ 11008,      1,      1,      1], type =    f32, size =    0.042 MiB
[ 480/ 963] blk.29.ffn_gate.weight               - [  2048,  11008,      1,      1], type =    f16, converting to q8_0 .. size =    43.00 MiB ->    22.84 MiB
[ 481/ 963] blk.29.ffn_norm.weight               - [  2048,      1,      1,      1], type =    f32, size =    0.008 MiB
[ 482/ 963] blk.29.ffn_up.bias                   - [ 11008,      1,      1,      1], type =    f32, size =    0.042 MiB
[ 483/ 963] blk.29.ffn_up.weight                 - [  2048,  11008,      1,      1], type =    f16, converting to q8_0 .. size =    43.00 MiB ->    22.84 MiB
[ 484/ 963] blk.30.attn_k.bias                   - [   256,      1,      1,      1], type =    f32, size =    0.001 MiB
[ 485/ 963] blk.30.attn_k.weight                 - [  2048,    256,      1,      1], type =    f16, converting to q8_0 .. size =     1.00 MiB ->     0.53 MiB
[ 486/ 963] blk.30.attn_norm.weight              - [  2048,      1,      1,      1], type =    f32, size =    0.008 MiB
[ 487/ 963] blk.30.attn_output.bias              - [  2048,      1,      1,      1], type =    f32, size =    0.008 MiB
[ 488/ 963] blk.30.attn_output.weight            - [  2048,   2048,      1,      1], type =    f16, converting to q8_0 .. size =     8.00 MiB ->     4.25 MiB
[ 489/ 963] blk.30.attn_q.bias                   - [  2048,      1,      1,      1], type =    f32, size =    0.008 MiB
[ 490/ 963] blk.30.attn_q.weight                 - [  2048,   2048,      1,      1], type =    f16, converting to q8_0 .. size =     8.00 MiB ->     4.25 MiB
[ 491/ 963] blk.30.attn_v.bias                   - [   256,      1,      1,      1], type =    f32, size =    0.001 MiB
[ 492/ 963] blk.30.attn_v.weight                 - [  2048,    256,      1,      1], type =    f16, converting to q8_0 .. size =     1.00 MiB ->     0.53 MiB
[ 493/ 963] blk.30.ffn_down.bias                 - [  2048,      1,      1,      1], type =    f32, size =    0.008 MiB
[ 494/ 963] blk.30.ffn_down.weight               - [ 11008,   2048,      1,      1], type =    f16, converting to q8_0 .. size =    43.00 MiB ->    22.84 MiB
[ 495/ 963] blk.30.ffn_gate.bias                 - [ 11008,      1,      1,      1], type =    f32, size =    0.042 MiB
[ 496/ 963] blk.30.ffn_gate.weight               - [  2048,  11008,      1,      1], type =    f16, converting to q8_0 .. size =    43.00 MiB ->    22.84 MiB
[ 497/ 963] blk.30.ffn_norm.weight               - [  2048,      1,      1,      1], type =    f32, size =    0.008 MiB
[ 498/ 963] blk.30.ffn_up.bias                   - [ 11008,      1,      1,      1], type =    f32, size =    0.042 MiB
[ 499/ 963] blk.30.ffn_up.weight                 - [  2048,  11008,      1,      1], type =    f16, converting to q8_0 .. size =    43.00 MiB ->    22.84 MiB
[ 500/ 963] blk.31.attn_k.bias                   - [   256,      1,      1,      1], type =    f32, size =    0.001 MiB
[ 501/ 963] blk.31.attn_k.weight                 - [  2048,    256,      1,      1], type =    f16, converting to q8_0 .. size =     1.00 MiB ->     0.53 MiB
[ 502/ 963] blk.31.attn_norm.weight              - [  2048,      1,      1,      1], type =    f32, size =    0.008 MiB
[ 503/ 963] blk.31.attn_output.bias              - [  2048,      1,      1,      1], type =    f32, size =    0.008 MiB
[ 504/ 963] blk.31.attn_output.weight            - [  2048,   2048,      1,      1], type =    f16, converting to q8_0 .. size =     8.00 MiB ->     4.25 MiB
[ 505/ 963] blk.31.attn_q.bias                   - [  2048,      1,      1,      1], type =    f32, size =    0.008 MiB
[ 506/ 963] blk.31.attn_q.weight                 - [  2048,   2048,      1,      1], type =    f16, converting to q8_0 .. size =     8.00 MiB ->     4.25 MiB
[ 507/ 963] blk.31.attn_v.bias                   - [   256,      1,      1,      1], type =    f32, size =    0.001 MiB
[ 508/ 963] blk.31.attn_v.weight                 - [  2048,    256,      1,      1], type =    f16, converting to q8_0 .. size =     1.00 MiB ->     0.53 MiB
[ 509/ 963] blk.31.ffn_down.bias                 - [  2048,      1,      1,      1], type =    f32, size =    0.008 MiB
[ 510/ 963] blk.31.ffn_down.weight               - [ 11008,   2048,      1,      1], type =    f16, converting to q8_0 .. size =    43.00 MiB ->    22.84 MiB
[ 511/ 963] blk.31.ffn_gate.bias                 - [ 11008,      1,      1,      1], type =    f32, size =    0.042 MiB
[ 512/ 963] blk.31.ffn_gate.weight               - [  2048,  11008,      1,      1], type =    f16, converting to q8_0 .. size =    43.00 MiB ->    22.84 MiB
[ 513/ 963] blk.31.ffn_norm.weight               - [  2048,      1,      1,      1], type =    f32, size =    0.008 MiB
[ 514/ 963] blk.31.ffn_up.bias                   - [ 11008,      1,      1,      1], type =    f32, size =    0.042 MiB
[ 515/ 963] blk.31.ffn_up.weight                 - [  2048,  11008,      1,      1], type =    f16, converting to q8_0 .. size =    43.00 MiB ->    22.84 MiB
[ 516/ 963] blk.32.attn_k.bias                   - [   256,      1,      1,      1], type =    f32, size =    0.001 MiB
[ 517/ 963] blk.32.attn_k.weight                 - [  2048,    256,      1,      1], type =    f16, converting to q8_0 .. size =     1.00 MiB ->     0.53 MiB
[ 518/ 963] blk.32.attn_norm.weight              - [  2048,      1,      1,      1], type =    f32, size =    0.008 MiB
[ 519/ 963] blk.32.attn_output.bias              - [  2048,      1,      1,      1], type =    f32, size =    0.008 MiB
[ 520/ 963] blk.32.attn_output.weight            - [  2048,   2048,      1,      1], type =    f16, converting to q8_0 .. size =     8.00 MiB ->     4.25 MiB
[ 521/ 963] blk.32.attn_q.bias                   - [  2048,      1,      1,      1], type =    f32, size =    0.008 MiB
[ 522/ 963] blk.32.attn_q.weight                 - [  2048,   2048,      1,      1], type =    f16, converting to q8_0 .. size =     8.00 MiB ->     4.25 MiB
[ 523/ 963] blk.32.attn_v.bias                   - [   256,      1,      1,      1], type =    f32, size =    0.001 MiB
[ 524/ 963] blk.32.attn_v.weight                 - [  2048,    256,      1,      1], type =    f16, converting to q8_0 .. size =     1.00 MiB ->     0.53 MiB
[ 525/ 963] blk.32.ffn_down.bias                 - [  2048,      1,      1,      1], type =    f32, size =    0.008 MiB
[ 526/ 963] blk.32.ffn_down.weight               - [ 11008,   2048,      1,      1], type =    f16, converting to q8_0 .. size =    43.00 MiB ->    22.84 MiB
[ 527/ 963] blk.32.ffn_gate.bias                 - [ 11008,      1,      1,      1], type =    f32, size =    0.042 MiB
[ 528/ 963] blk.32.ffn_gate.weight               - [  2048,  11008,      1,      1], type =    f16, converting to q8_0 .. size =    43.00 MiB ->    22.84 MiB
[ 529/ 963] blk.32.ffn_norm.weight               - [  2048,      1,      1,      1], type =    f32, size =    0.008 MiB
[ 530/ 963] blk.32.ffn_up.bias                   - [ 11008,      1,      1,      1], type =    f32, size =    0.042 MiB
[ 531/ 963] blk.32.ffn_up.weight                 - [  2048,  11008,      1,      1], type =    f16, converting to q8_0 .. size =    43.00 MiB ->    22.84 MiB
[ 532/ 963] blk.33.attn_k.bias                   - [   256,      1,      1,      1], type =    f32, size =    0.001 MiB
[ 533/ 963] blk.33.attn_k.weight                 - [  2048,    256,      1,      1], type =    f16, converting to q8_0 .. size =     1.00 MiB ->     0.53 MiB
[ 534/ 963] blk.33.attn_norm.weight              - [  2048,      1,      1,      1], type =    f32, size =    0.008 MiB
[ 535/ 963] blk.33.attn_output.bias              - [  2048,      1,      1,      1], type =    f32, size =    0.008 MiB
[ 536/ 963] blk.33.attn_output.weight            - [  2048,   2048,      1,      1], type =    f16, converting to q8_0 .. size =     8.00 MiB ->     4.25 MiB
[ 537/ 963] blk.33.attn_q.bias                   - [  2048,      1,      1,      1], type =    f32, size =    0.008 MiB
[ 538/ 963] blk.33.attn_q.weight                 - [  2048,   2048,      1,      1], type =    f16, converting to q8_0 .. size =     8.00 MiB ->     4.25 MiB
[ 539/ 963] blk.33.attn_v.bias                   - [   256,      1,      1,      1], type =    f32, size =    0.001 MiB
[ 540/ 963] blk.33.attn_v.weight                 - [  2048,    256,      1,      1], type =    f16, converting to q8_0 .. size =     1.00 MiB ->     0.53 MiB
[ 541/ 963] blk.33.ffn_down.bias                 - [  2048,      1,      1,      1], type =    f32, size =    0.008 MiB
[ 542/ 963] blk.33.ffn_down.weight               - [ 11008,   2048,      1,      1], type =    f16, converting to q8_0 .. size =    43.00 MiB ->    22.84 MiB
[ 543/ 963] blk.33.ffn_gate.bias                 - [ 11008,      1,      1,      1], type =    f32, size =    0.042 MiB
[ 544/ 963] blk.33.ffn_gate.weight               - [  2048,  11008,      1,      1], type =    f16, converting to q8_0 .. size =    43.00 MiB ->    22.84 MiB
[ 545/ 963] blk.33.ffn_norm.weight               - [  2048,      1,      1,      1], type =    f32, size =    0.008 MiB
[ 546/ 963] blk.33.ffn_up.bias                   - [ 11008,      1,      1,      1], type =    f32, size =    0.042 MiB
[ 547/ 963] blk.33.ffn_up.weight                 - [  2048,  11008,      1,      1], type =    f16, converting to q8_0 .. size =    43.00 MiB ->    22.84 MiB
[ 548/ 963] blk.34.attn_k.bias                   - [   256,      1,      1,      1], type =    f32, size =    0.001 MiB
[ 549/ 963] blk.34.attn_k.weight                 - [  2048,    256,      1,      1], type =    f16, converting to q8_0 .. size =     1.00 MiB ->     0.53 MiB
[ 550/ 963] blk.34.attn_norm.weight              - [  2048,      1,      1,      1], type =    f32, size =    0.008 MiB
[ 551/ 963] blk.34.attn_output.bias              - [  2048,      1,      1,      1], type =    f32, size =    0.008 MiB
[ 552/ 963] blk.34.attn_output.weight            - [  2048,   2048,      1,      1], type =    f16, converting to q8_0 .. size =     8.00 MiB ->     4.25 MiB
[ 553/ 963] blk.34.attn_q.bias                   - [  2048,      1,      1,      1], type =    f32, size =    0.008 MiB
[ 554/ 963] blk.34.attn_q.weight                 - [  2048,   2048,      1,      1], type =    f16, converting to q8_0 .. size =     8.00 MiB ->     4.25 MiB
[ 555/ 963] blk.34.attn_v.bias                   - [   256,      1,      1,      1], type =    f32, size =    0.001 MiB
[ 556/ 963] blk.34.attn_v.weight                 - [  2048,    256,      1,      1], type =    f16, converting to q8_0 .. size =     1.00 MiB ->     0.53 MiB
[ 557/ 963] blk.34.ffn_down.bias                 - [  2048,      1,      1,      1], type =    f32, size =    0.008 MiB
[ 558/ 963] blk.34.ffn_down.weight               - [ 11008,   2048,      1,      1], type =    f16, converting to q8_0 .. size =    43.00 MiB ->    22.84 MiB
[ 559/ 963] blk.34.ffn_gate.bias                 - [ 11008,      1,      1,      1], type =    f32, size =    0.042 MiB
[ 560/ 963] blk.34.ffn_gate.weight               - [  2048,  11008,      1,      1], type =    f16, converting to q8_0 .. size =    43.00 MiB ->    22.84 MiB
[ 561/ 963] blk.34.ffn_norm.weight               - [  2048,      1,      1,      1], type =    f32, size =    0.008 MiB
[ 562/ 963] blk.34.ffn_up.bias                   - [ 11008,      1,      1,      1], type =    f32, size =    0.042 MiB
[ 563/ 963] blk.34.ffn_up.weight                 - [  2048,  11008,      1,      1], type =    f16, converting to q8_0 .. size =    43.00 MiB ->    22.84 MiB
[ 564/ 963] blk.35.attn_k.bias                   - [   256,      1,      1,      1], type =    f32, size =    0.001 MiB
[ 565/ 963] blk.35.attn_k.weight                 - [  2048,    256,      1,      1], type =    f16, converting to q8_0 .. size =     1.00 MiB ->     0.53 MiB
[ 566/ 963] blk.35.attn_norm.weight              - [  2048,      1,      1,      1], type =    f32, size =    0.008 MiB
[ 567/ 963] blk.35.attn_output.bias              - [  2048,      1,      1,      1], type =    f32, size =    0.008 MiB
[ 568/ 963] blk.35.attn_output.weight            - [  2048,   2048,      1,      1], type =    f16, converting to q8_0 .. size =     8.00 MiB ->     4.25 MiB
[ 569/ 963] blk.35.attn_q.bias                   - [  2048,      1,      1,      1], type =    f32, size =    0.008 MiB
[ 570/ 963] blk.35.attn_q.weight                 - [  2048,   2048,      1,      1], type =    f16, converting to q8_0 .. size =     8.00 MiB ->     4.25 MiB
[ 571/ 963] blk.35.attn_v.bias                   - [   256,      1,      1,      1], type =    f32, size =    0.001 MiB
[ 572/ 963] blk.35.attn_v.weight                 - [  2048,    256,      1,      1], type =    f16, converting to q8_0 .. size =     1.00 MiB ->     0.53 MiB
[ 573/ 963] blk.35.ffn_down.bias                 - [  2048,      1,      1,      1], type =    f32, size =    0.008 MiB
[ 574/ 963] blk.35.ffn_down.weight               - [ 11008,   2048,      1,      1], type =    f16, converting to q8_0 .. size =    43.00 MiB ->    22.84 MiB
[ 575/ 963] blk.35.ffn_gate.bias                 - [ 11008,      1,      1,      1], type =    f32, size =    0.042 MiB
[ 576/ 963] blk.35.ffn_gate.weight               - [  2048,  11008,      1,      1], type =    f16, converting to q8_0 .. size =    43.00 MiB ->    22.84 MiB
[ 577/ 963] blk.35.ffn_norm.weight               - [  2048,      1,      1,      1], type =    f32, size =    0.008 MiB
[ 578/ 963] blk.35.ffn_up.bias                   - [ 11008,      1,      1,      1], type =    f32, size =    0.042 MiB
[ 579/ 963] blk.35.ffn_up.weight                 - [  2048,  11008,      1,      1], type =    f16, converting to q8_0 .. size =    43.00 MiB ->    22.84 MiB
[ 580/ 963] blk.36.attn_k.bias                   - [   256,      1,      1,      1], type =    f32, size =    0.001 MiB
[ 581/ 963] blk.36.attn_k.weight                 - [  2048,    256,      1,      1], type =    f16, converting to q8_0 .. size =     1.00 MiB ->     0.53 MiB
[ 582/ 963] blk.36.attn_norm.weight              - [  2048,      1,      1,      1], type =    f32, size =    0.008 MiB
[ 583/ 963] blk.36.attn_output.bias              - [  2048,      1,      1,      1], type =    f32, size =    0.008 MiB
[ 584/ 963] blk.36.attn_output.weight            - [  2048,   2048,      1,      1], type =    f16, converting to q8_0 .. size =     8.00 MiB ->     4.25 MiB
[ 585/ 963] blk.36.attn_q.bias                   - [  2048,      1,      1,      1], type =    f32, size =    0.008 MiB
[ 586/ 963] blk.36.attn_q.weight                 - [  2048,   2048,      1,      1], type =    f16, converting to q8_0 .. size =     8.00 MiB ->     4.25 MiB
[ 587/ 963] blk.36.attn_v.bias                   - [   256,      1,      1,      1], type =    f32, size =    0.001 MiB
[ 588/ 963] blk.36.attn_v.weight                 - [  2048,    256,      1,      1], type =    f16, converting to q8_0 .. size =     1.00 MiB ->     0.53 MiB
[ 589/ 963] blk.36.ffn_down.bias                 - [  2048,      1,      1,      1], type =    f32, size =    0.008 MiB
[ 590/ 963] blk.36.ffn_down.weight               - [ 11008,   2048,      1,      1], type =    f16, converting to q8_0 .. size =    43.00 MiB ->    22.84 MiB
[ 591/ 963] blk.36.ffn_gate.bias                 - [ 11008,      1,      1,      1], type =    f32, size =    0.042 MiB
[ 592/ 963] blk.36.ffn_gate.weight               - [  2048,  11008,      1,      1], type =    f16, converting to q8_0 .. size =    43.00 MiB ->    22.84 MiB
[ 593/ 963] blk.36.ffn_norm.weight               - [  2048,      1,      1,      1], type =    f32, size =    0.008 MiB
[ 594/ 963] blk.36.ffn_up.bias                   - [ 11008,      1,      1,      1], type =    f32, size =    0.042 MiB
[ 595/ 963] blk.36.ffn_up.weight                 - [  2048,  11008,      1,      1], type =    f16, converting to q8_0 .. size =    43.00 MiB ->    22.84 MiB
[ 596/ 963] blk.37.attn_k.bias                   - [   256,      1,      1,      1], type =    f32, size =    0.001 MiB
[ 597/ 963] blk.37.attn_k.weight                 - [  2048,    256,      1,      1], type =    f16, converting to q8_0 .. size =     1.00 MiB ->     0.53 MiB
[ 598/ 963] blk.37.attn_norm.weight              - [  2048,      1,      1,      1], type =    f32, size =    0.008 MiB
[ 599/ 963] blk.37.attn_output.bias              - [  2048,      1,      1,      1], type =    f32, size =    0.008 MiB
[ 600/ 963] blk.37.attn_output.weight            - [  2048,   2048,      1,      1], type =    f16, converting to q8_0 .. size =     8.00 MiB ->     4.25 MiB
[ 601/ 963] blk.37.attn_q.bias                   - [  2048,      1,      1,      1], type =    f32, size =    0.008 MiB
[ 602/ 963] blk.37.attn_q.weight                 - [  2048,   2048,      1,      1], type =    f16, converting to q8_0 .. size =     8.00 MiB ->     4.25 MiB
[ 603/ 963] blk.37.attn_v.bias                   - [   256,      1,      1,      1], type =    f32, size =    0.001 MiB
[ 604/ 963] blk.37.attn_v.weight                 - [  2048,    256,      1,      1], type =    f16, converting to q8_0 .. size =     1.00 MiB ->     0.53 MiB
[ 605/ 963] blk.37.ffn_down.bias                 - [  2048,      1,      1,      1], type =    f32, size =    0.008 MiB
[ 606/ 963] blk.37.ffn_down.weight               - [ 11008,   2048,      1,      1], type =    f16, converting to q8_0 .. size =    43.00 MiB ->    22.84 MiB
[ 607/ 963] blk.37.ffn_gate.bias                 - [ 11008,      1,      1,      1], type =    f32, size =    0.042 MiB
[ 608/ 963] blk.37.ffn_gate.weight               - [  2048,  11008,      1,      1], type =    f16, converting to q8_0 .. size =    43.00 MiB ->    22.84 MiB
[ 609/ 963] blk.37.ffn_norm.weight               - [  2048,      1,      1,      1], type =    f32, size =    0.008 MiB
[ 610/ 963] blk.37.ffn_up.bias                   - [ 11008,      1,      1,      1], type =    f32, size =    0.042 MiB
[ 611/ 963] blk.37.ffn_up.weight                 - [  2048,  11008,      1,      1], type =    f16, converting to q8_0 .. size =    43.00 MiB ->    22.84 MiB
[ 612/ 963] blk.38.attn_k.bias                   - [   256,      1,      1,      1], type =    f32, size =    0.001 MiB
[ 613/ 963] blk.38.attn_k.weight                 - [  2048,    256,      1,      1], type =    f16, converting to q8_0 .. size =     1.00 MiB ->     0.53 MiB
[ 614/ 963] blk.38.attn_norm.weight              - [  2048,      1,      1,      1], type =    f32, size =    0.008 MiB
[ 615/ 963] blk.38.attn_output.bias              - [  2048,      1,      1,      1], type =    f32, size =    0.008 MiB
[ 616/ 963] blk.38.attn_output.weight            - [  2048,   2048,      1,      1], type =    f16, converting to q8_0 .. size =     8.00 MiB ->     4.25 MiB
[ 617/ 963] blk.38.attn_q.bias                   - [  2048,      1,      1,      1], type =    f32, size =    0.008 MiB
[ 618/ 963] blk.38.attn_q.weight                 - [  2048,   2048,      1,      1], type =    f16, converting to q8_0 .. size =     8.00 MiB ->     4.25 MiB
[ 619/ 963] blk.38.attn_v.bias                   - [   256,      1,      1,      1], type =    f32, size =    0.001 MiB
[ 620/ 963] blk.38.attn_v.weight                 - [  2048,    256,      1,      1], type =    f16, converting to q8_0 .. size =     1.00 MiB ->     0.53 MiB
[ 621/ 963] blk.38.ffn_down.bias                 - [  2048,      1,      1,      1], type =    f32, size =    0.008 MiB
[ 622/ 963] blk.38.ffn_down.weight               - [ 11008,   2048,      1,      1], type =    f16, converting to q8_0 .. size =    43.00 MiB ->    22.84 MiB
[ 623/ 963] blk.38.ffn_gate.bias                 - [ 11008,      1,      1,      1], type =    f32, size =    0.042 MiB
[ 624/ 963] blk.38.ffn_gate.weight               - [  2048,  11008,      1,      1], type =    f16, converting to q8_0 .. size =    43.00 MiB ->    22.84 MiB
[ 625/ 963] blk.38.ffn_norm.weight               - [  2048,      1,      1,      1], type =    f32, size =    0.008 MiB
[ 626/ 963] blk.38.ffn_up.bias                   - [ 11008,      1,      1,      1], type =    f32, size =    0.042 MiB
[ 627/ 963] blk.38.ffn_up.weight                 - [  2048,  11008,      1,      1], type =    f16, converting to q8_0 .. size =    43.00 MiB ->    22.84 MiB
[ 628/ 963] blk.39.attn_k.bias                   - [   256,      1,      1,      1], type =    f32, size =    0.001 MiB
[ 629/ 963] blk.39.attn_k.weight                 - [  2048,    256,      1,      1], type =    f16, converting to q8_0 .. size =     1.00 MiB ->     0.53 MiB
[ 630/ 963] blk.39.attn_norm.weight              - [  2048,      1,      1,      1], type =    f32, size =    0.008 MiB
[ 631/ 963] blk.39.attn_output.bias              - [  2048,      1,      1,      1], type =    f32, size =    0.008 MiB
[ 632/ 963] blk.39.attn_output.weight            - [  2048,   2048,      1,      1], type =    f16, converting to q8_0 .. size =     8.00 MiB ->     4.25 MiB
[ 633/ 963] blk.39.attn_q.bias                   - [  2048,      1,      1,      1], type =    f32, size =    0.008 MiB
[ 634/ 963] blk.39.attn_q.weight                 - [  2048,   2048,      1,      1], type =    f16, converting to q8_0 .. size =     8.00 MiB ->     4.25 MiB
[ 635/ 963] blk.39.attn_v.bias                   - [   256,      1,      1,      1], type =    f32, size =    0.001 MiB
[ 636/ 963] blk.39.attn_v.weight                 - [  2048,    256,      1,      1], type =    f16, converting to q8_0 .. size =     1.00 MiB ->     0.53 MiB
[ 637/ 963] blk.39.ffn_down.bias                 - [  2048,      1,      1,      1], type =    f32, size =    0.008 MiB
[ 638/ 963] blk.39.ffn_down.weight               - [ 11008,   2048,      1,      1], type =    f16, converting to q8_0 .. size =    43.00 MiB ->    22.84 MiB
[ 639/ 963] blk.39.ffn_gate.bias                 - [ 11008,      1,      1,      1], type =    f32, size =    0.042 MiB
[ 640/ 963] blk.39.ffn_gate.weight               - [  2048,  11008,      1,      1], type =    f16, converting to q8_0 .. size =    43.00 MiB ->    22.84 MiB
[ 641/ 963] blk.39.ffn_norm.weight               - [  2048,      1,      1,      1], type =    f32, size =    0.008 MiB
[ 642/ 963] blk.39.ffn_up.bias                   - [ 11008,      1,      1,      1], type =    f32, size =    0.042 MiB
[ 643/ 963] blk.39.ffn_up.weight                 - [  2048,  11008,      1,      1], type =    f16, converting to q8_0 .. size =    43.00 MiB ->    22.84 MiB
[ 644/ 963] blk.40.attn_k.bias                   - [   256,      1,      1,      1], type =    f32, size =    0.001 MiB
[ 645/ 963] blk.40.attn_k.weight                 - [  2048,    256,      1,      1], type =    f16, converting to q8_0 .. size =     1.00 MiB ->     0.53 MiB
[ 646/ 963] blk.40.attn_norm.weight              - [  2048,      1,      1,      1], type =    f32, size =    0.008 MiB
[ 647/ 963] blk.40.attn_output.bias              - [  2048,      1,      1,      1], type =    f32, size =    0.008 MiB
[ 648/ 963] blk.40.attn_output.weight            - [  2048,   2048,      1,      1], type =    f16, converting to q8_0 .. size =     8.00 MiB ->     4.25 MiB
[ 649/ 963] blk.40.attn_q.bias                   - [  2048,      1,      1,      1], type =    f32, size =    0.008 MiB
[ 650/ 963] blk.40.attn_q.weight                 - [  2048,   2048,      1,      1], type =    f16, converting to q8_0 .. size =     8.00 MiB ->     4.25 MiB
[ 651/ 963] blk.40.attn_v.bias                   - [   256,      1,      1,      1], type =    f32, size =    0.001 MiB
[ 652/ 963] blk.40.attn_v.weight                 - [  2048,    256,      1,      1], type =    f16, converting to q8_0 .. size =     1.00 MiB ->     0.53 MiB
[ 653/ 963] blk.40.ffn_down.bias                 - [  2048,      1,      1,      1], type =    f32, size =    0.008 MiB
[ 654/ 963] blk.40.ffn_down.weight               - [ 11008,   2048,      1,      1], type =    f16, converting to q8_0 .. size =    43.00 MiB ->    22.84 MiB
[ 655/ 963] blk.40.ffn_gate.bias                 - [ 11008,      1,      1,      1], type =    f32, size =    0.042 MiB
[ 656/ 963] blk.40.ffn_gate.weight               - [  2048,  11008,      1,      1], type =    f16, converting to q8_0 .. size =    43.00 MiB ->    22.84 MiB
[ 657/ 963] blk.40.ffn_norm.weight               - [  2048,      1,      1,      1], type =    f32, size =    0.008 MiB
[ 658/ 963] blk.40.ffn_up.bias                   - [ 11008,      1,      1,      1], type =    f32, size =    0.042 MiB
[ 659/ 963] blk.40.ffn_up.weight                 - [  2048,  11008,      1,      1], type =    f16, converting to q8_0 .. size =    43.00 MiB ->    22.84 MiB
[ 660/ 963] blk.41.attn_k.bias                   - [   256,      1,      1,      1], type =    f32, size =    0.001 MiB
[ 661/ 963] blk.41.attn_k.weight                 - [  2048,    256,      1,      1], type =    f16, converting to q8_0 .. size =     1.00 MiB ->     0.53 MiB
[ 662/ 963] blk.41.attn_norm.weight              - [  2048,      1,      1,      1], type =    f32, size =    0.008 MiB
[ 663/ 963] blk.41.attn_output.bias              - [  2048,      1,      1,      1], type =    f32, size =    0.008 MiB
[ 664/ 963] blk.41.attn_output.weight            - [  2048,   2048,      1,      1], type =    f16, converting to q8_0 .. size =     8.00 MiB ->     4.25 MiB
[ 665/ 963] blk.41.attn_q.bias                   - [  2048,      1,      1,      1], type =    f32, size =    0.008 MiB
[ 666/ 963] blk.41.attn_q.weight                 - [  2048,   2048,      1,      1], type =    f16, converting to q8_0 .. size =     8.00 MiB ->     4.25 MiB
[ 667/ 963] blk.41.attn_v.bias                   - [   256,      1,      1,      1], type =    f32, size =    0.001 MiB
[ 668/ 963] blk.41.attn_v.weight                 - [  2048,    256,      1,      1], type =    f16, converting to q8_0 .. size =     1.00 MiB ->     0.53 MiB
[ 669/ 963] blk.41.ffn_down.bias                 - [  2048,      1,      1,      1], type =    f32, size =    0.008 MiB
[ 670/ 963] blk.41.ffn_down.weight               - [ 11008,   2048,      1,      1], type =    f16, converting to q8_0 .. size =    43.00 MiB ->    22.84 MiB
[ 671/ 963] blk.41.ffn_gate.bias                 - [ 11008,      1,      1,      1], type =    f32, size =    0.042 MiB
[ 672/ 963] blk.41.ffn_gate.weight               - [  2048,  11008,      1,      1], type =    f16, converting to q8_0 .. size =    43.00 MiB ->    22.84 MiB
[ 673/ 963] blk.41.ffn_norm.weight               - [  2048,      1,      1,      1], type =    f32, size =    0.008 MiB
[ 674/ 963] blk.41.ffn_up.bias                   - [ 11008,      1,      1,      1], type =    f32, size =    0.042 MiB
[ 675/ 963] blk.41.ffn_up.weight                 - [  2048,  11008,      1,      1], type =    f16, converting to q8_0 .. size =    43.00 MiB ->    22.84 MiB
[ 676/ 963] blk.42.attn_k.bias                   - [   256,      1,      1,      1], type =    f32, size =    0.001 MiB
[ 677/ 963] blk.42.attn_k.weight                 - [  2048,    256,      1,      1], type =    f16, converting to q8_0 .. size =     1.00 MiB ->     0.53 MiB
[ 678/ 963] blk.42.attn_norm.weight              - [  2048,      1,      1,      1], type =    f32, size =    0.008 MiB
[ 679/ 963] blk.42.attn_output.bias              - [  2048,      1,      1,      1], type =    f32, size =    0.008 MiB
[ 680/ 963] blk.42.attn_output.weight            - [  2048,   2048,      1,      1], type =    f16, converting to q8_0 .. size =     8.00 MiB ->     4.25 MiB
[ 681/ 963] blk.42.attn_q.bias                   - [  2048,      1,      1,      1], type =    f32, size =    0.008 MiB
[ 682/ 963] blk.42.attn_q.weight                 - [  2048,   2048,      1,      1], type =    f16, converting to q8_0 .. size =     8.00 MiB ->     4.25 MiB
[ 683/ 963] blk.42.attn_v.bias                   - [   256,      1,      1,      1], type =    f32, size =    0.001 MiB
[ 684/ 963] blk.42.attn_v.weight                 - [  2048,    256,      1,      1], type =    f16, converting to q8_0 .. size =     1.00 MiB ->     0.53 MiB
[ 685/ 963] blk.42.ffn_down.bias                 - [  2048,      1,      1,      1], type =    f32, size =    0.008 MiB
[ 686/ 963] blk.42.ffn_down.weight               - [ 11008,   2048,      1,      1], type =    f16, converting to q8_0 .. size =    43.00 MiB ->    22.84 MiB
[ 687/ 963] blk.42.ffn_gate.bias                 - [ 11008,      1,      1,      1], type =    f32, size =    0.042 MiB
[ 688/ 963] blk.42.ffn_gate.weight               - [  2048,  11008,      1,      1], type =    f16, converting to q8_0 .. size =    43.00 MiB ->    22.84 MiB
[ 689/ 963] blk.42.ffn_norm.weight               - [  2048,      1,      1,      1], type =    f32, size =    0.008 MiB
[ 690/ 963] blk.42.ffn_up.bias                   - [ 11008,      1,      1,      1], type =    f32, size =    0.042 MiB
[ 691/ 963] blk.42.ffn_up.weight                 - [  2048,  11008,      1,      1], type =    f16, converting to q8_0 .. size =    43.00 MiB ->    22.84 MiB
[ 692/ 963] blk.43.attn_k.bias                   - [   256,      1,      1,      1], type =    f32, size =    0.001 MiB
[ 693/ 963] blk.43.attn_k.weight                 - [  2048,    256,      1,      1], type =    f16, converting to q8_0 .. size =     1.00 MiB ->     0.53 MiB
[ 694/ 963] blk.43.attn_norm.weight              - [  2048,      1,      1,      1], type =    f32, size =    0.008 MiB
[ 695/ 963] blk.43.attn_output.bias              - [  2048,      1,      1,      1], type =    f32, size =    0.008 MiB
[ 696/ 963] blk.43.attn_output.weight            - [  2048,   2048,      1,      1], type =    f16, converting to q8_0 .. size =     8.00 MiB ->     4.25 MiB
[ 697/ 963] blk.43.attn_q.bias                   - [  2048,      1,      1,      1], type =    f32, size =    0.008 MiB
[ 698/ 963] blk.43.attn_q.weight                 - [  2048,   2048,      1,      1], type =    f16, converting to q8_0 .. size =     8.00 MiB ->     4.25 MiB
[ 699/ 963] blk.43.attn_v.bias                   - [   256,      1,      1,      1], type =    f32, size =    0.001 MiB
[ 700/ 963] blk.43.attn_v.weight                 - [  2048,    256,      1,      1], type =    f16, converting to q8_0 .. size =     1.00 MiB ->     0.53 MiB
[ 701/ 963] blk.43.ffn_down.bias                 - [  2048,      1,      1,      1], type =    f32, size =    0.008 MiB
[ 702/ 963] blk.43.ffn_down.weight               - [ 11008,   2048,      1,      1], type =    f16, converting to q8_0 .. size =    43.00 MiB ->    22.84 MiB
[ 703/ 963] blk.43.ffn_gate.bias                 - [ 11008,      1,      1,      1], type =    f32, size =    0.042 MiB
[ 704/ 963] blk.43.ffn_gate.weight               - [  2048,  11008,      1,      1], type =    f16, converting to q8_0 .. size =    43.00 MiB ->    22.84 MiB
[ 705/ 963] blk.43.ffn_norm.weight               - [  2048,      1,      1,      1], type =    f32, size =    0.008 MiB
[ 706/ 963] blk.43.ffn_up.bias                   - [ 11008,      1,      1,      1], type =    f32, size =    0.042 MiB
[ 707/ 963] blk.43.ffn_up.weight                 - [  2048,  11008,      1,      1], type =    f16, converting to q8_0 .. size =    43.00 MiB ->    22.84 MiB
[ 708/ 963] blk.44.attn_k.bias                   - [   256,      1,      1,      1], type =    f32, size =    0.001 MiB
[ 709/ 963] blk.44.attn_k.weight                 - [  2048,    256,      1,      1], type =    f16, converting to q8_0 .. size =     1.00 MiB ->     0.53 MiB
[ 710/ 963] blk.44.attn_norm.weight              - [  2048,      1,      1,      1], type =    f32, size =    0.008 MiB
[ 711/ 963] blk.44.attn_output.bias              - [  2048,      1,      1,      1], type =    f32, size =    0.008 MiB
[ 712/ 963] blk.44.attn_output.weight            - [  2048,   2048,      1,      1], type =    f16, converting to q8_0 .. size =     8.00 MiB ->     4.25 MiB
[ 713/ 963] blk.44.attn_q.bias                   - [  2048,      1,      1,      1], type =    f32, size =    0.008 MiB
[ 714/ 963] blk.44.attn_q.weight                 - [  2048,   2048,      1,      1], type =    f16, converting to q8_0 .. size =     8.00 MiB ->     4.25 MiB
[ 715/ 963] blk.44.attn_v.bias                   - [   256,      1,      1,      1], type =    f32, size =    0.001 MiB
[ 716/ 963] blk.44.attn_v.weight                 - [  2048,    256,      1,      1], type =    f16, converting to q8_0 .. size =     1.00 MiB ->     0.53 MiB
[ 717/ 963] blk.44.ffn_down.bias                 - [  2048,      1,      1,      1], type =    f32, size =    0.008 MiB
[ 718/ 963] blk.44.ffn_down.weight               - [ 11008,   2048,      1,      1], type =    f16, converting to q8_0 .. size =    43.00 MiB ->    22.84 MiB
[ 719/ 963] blk.44.ffn_gate.bias                 - [ 11008,      1,      1,      1], type =    f32, size =    0.042 MiB
[ 720/ 963] blk.44.ffn_gate.weight               - [  2048,  11008,      1,      1], type =    f16, converting to q8_0 .. size =    43.00 MiB ->    22.84 MiB
[ 721/ 963] blk.44.ffn_norm.weight               - [  2048,      1,      1,      1], type =    f32, size =    0.008 MiB
[ 722/ 963] blk.44.ffn_up.bias                   - [ 11008,      1,      1,      1], type =    f32, size =    0.042 MiB
[ 723/ 963] blk.44.ffn_up.weight                 - [  2048,  11008,      1,      1], type =    f16, converting to q8_0 .. size =    43.00 MiB ->    22.84 MiB
[ 724/ 963] blk.45.attn_k.bias                   - [   256,      1,      1,      1], type =    f32, size =    0.001 MiB
[ 725/ 963] blk.45.attn_k.weight                 - [  2048,    256,      1,      1], type =    f16, converting to q8_0 .. size =     1.00 MiB ->     0.53 MiB
[ 726/ 963] blk.45.attn_norm.weight              - [  2048,      1,      1,      1], type =    f32, size =    0.008 MiB
[ 727/ 963] blk.45.attn_output.bias              - [  2048,      1,      1,      1], type =    f32, size =    0.008 MiB
[ 728/ 963] blk.45.attn_output.weight            - [  2048,   2048,      1,      1], type =    f16, converting to q8_0 .. size =     8.00 MiB ->     4.25 MiB
[ 729/ 963] blk.45.attn_q.bias                   - [  2048,      1,      1,      1], type =    f32, size =    0.008 MiB
[ 730/ 963] blk.45.attn_q.weight                 - [  2048,   2048,      1,      1], type =    f16, converting to q8_0 .. size =     8.00 MiB ->     4.25 MiB
[ 731/ 963] blk.45.attn_v.bias                   - [   256,      1,      1,      1], type =    f32, size =    0.001 MiB
[ 732/ 963] blk.45.attn_v.weight                 - [  2048,    256,      1,      1], type =    f16, converting to q8_0 .. size =     1.00 MiB ->     0.53 MiB
[ 733/ 963] blk.45.ffn_down.bias                 - [  2048,      1,      1,      1], type =    f32, size =    0.008 MiB
[ 734/ 963] blk.45.ffn_down.weight               - [ 11008,   2048,      1,      1], type =    f16, converting to q8_0 .. size =    43.00 MiB ->    22.84 MiB
[ 735/ 963] blk.45.ffn_gate.bias                 - [ 11008,      1,      1,      1], type =    f32, size =    0.042 MiB
[ 736/ 963] blk.45.ffn_gate.weight               - [  2048,  11008,      1,      1], type =    f16, converting to q8_0 .. size =    43.00 MiB ->    22.84 MiB
[ 737/ 963] blk.45.ffn_norm.weight               - [  2048,      1,      1,      1], type =    f32, size =    0.008 MiB
[ 738/ 963] blk.45.ffn_up.bias                   - [ 11008,      1,      1,      1], type =    f32, size =    0.042 MiB
[ 739/ 963] blk.45.ffn_up.weight                 - [  2048,  11008,      1,      1], type =    f16, converting to q8_0 .. size =    43.00 MiB ->    22.84 MiB
[ 740/ 963] blk.46.attn_k.bias                   - [   256,      1,      1,      1], type =    f32, size =    0.001 MiB
[ 741/ 963] blk.46.attn_k.weight                 - [  2048,    256,      1,      1], type =    f16, converting to q8_0 .. size =     1.00 MiB ->     0.53 MiB
[ 742/ 963] blk.46.attn_norm.weight              - [  2048,      1,      1,      1], type =    f32, size =    0.008 MiB
[ 743/ 963] blk.46.attn_output.bias              - [  2048,      1,      1,      1], type =    f32, size =    0.008 MiB
[ 744/ 963] blk.46.attn_output.weight            - [  2048,   2048,      1,      1], type =    f16, converting to q8_0 .. size =     8.00 MiB ->     4.25 MiB
[ 745/ 963] blk.46.attn_q.bias                   - [  2048,      1,      1,      1], type =    f32, size =    0.008 MiB
[ 746/ 963] blk.46.attn_q.weight                 - [  2048,   2048,      1,      1], type =    f16, converting to q8_0 .. size =     8.00 MiB ->     4.25 MiB
[ 747/ 963] blk.46.attn_v.bias                   - [   256,      1,      1,      1], type =    f32, size =    0.001 MiB
[ 748/ 963] blk.46.attn_v.weight                 - [  2048,    256,      1,      1], type =    f16, converting to q8_0 .. size =     1.00 MiB ->     0.53 MiB
[ 749/ 963] blk.46.ffn_down.bias                 - [  2048,      1,      1,      1], type =    f32, size =    0.008 MiB
[ 750/ 963] blk.46.ffn_down.weight               - [ 11008,   2048,      1,      1], type =    f16, converting to q8_0 .. size =    43.00 MiB ->    22.84 MiB
[ 751/ 963] blk.46.ffn_gate.bias                 - [ 11008,      1,      1,      1], type =    f32, size =    0.042 MiB
[ 752/ 963] blk.46.ffn_gate.weight               - [  2048,  11008,      1,      1], type =    f16, converting to q8_0 .. size =    43.00 MiB ->    22.84 MiB
[ 753/ 963] blk.46.ffn_norm.weight               - [  2048,      1,      1,      1], type =    f32, size =    0.008 MiB
[ 754/ 963] blk.46.ffn_up.bias                   - [ 11008,      1,      1,      1], type =    f32, size =    0.042 MiB
[ 755/ 963] blk.46.ffn_up.weight                 - [  2048,  11008,      1,      1], type =    f16, converting to q8_0 .. size =    43.00 MiB ->    22.84 MiB
[ 756/ 963] blk.47.attn_k.bias                   - [   256,      1,      1,      1], type =    f32, size =    0.001 MiB
[ 757/ 963] blk.47.attn_k.weight                 - [  2048,    256,      1,      1], type =    f16, converting to q8_0 .. size =     1.00 MiB ->     0.53 MiB
[ 758/ 963] blk.47.attn_norm.weight              - [  2048,      1,      1,      1], type =    f32, size =    0.008 MiB
[ 759/ 963] blk.47.attn_output.bias              - [  2048,      1,      1,      1], type =    f32, size =    0.008 MiB
[ 760/ 963] blk.47.attn_output.weight            - [  2048,   2048,      1,      1], type =    f16, converting to q8_0 .. size =     8.00 MiB ->     4.25 MiB
[ 761/ 963] blk.47.attn_q.bias                   - [  2048,      1,      1,      1], type =    f32, size =    0.008 MiB
[ 762/ 963] blk.47.attn_q.weight                 - [  2048,   2048,      1,      1], type =    f16, converting to q8_0 .. size =     8.00 MiB ->     4.25 MiB
[ 763/ 963] blk.47.attn_v.bias                   - [   256,      1,      1,      1], type =    f32, size =    0.001 MiB
[ 764/ 963] blk.47.attn_v.weight                 - [  2048,    256,      1,      1], type =    f16, converting to q8_0 .. size =     1.00 MiB ->     0.53 MiB
[ 765/ 963] blk.47.ffn_down.bias                 - [  2048,      1,      1,      1], type =    f32, size =    0.008 MiB
[ 766/ 963] blk.47.ffn_down.weight               - [ 11008,   2048,      1,      1], type =    f16, converting to q8_0 .. size =    43.00 MiB ->    22.84 MiB
[ 767/ 963] blk.47.ffn_gate.bias                 - [ 11008,      1,      1,      1], type =    f32, size =    0.042 MiB
[ 768/ 963] blk.47.ffn_gate.weight               - [  2048,  11008,      1,      1], type =    f16, converting to q8_0 .. size =    43.00 MiB ->    22.84 MiB
[ 769/ 963] blk.47.ffn_norm.weight               - [  2048,      1,      1,      1], type =    f32, size =    0.008 MiB
[ 770/ 963] blk.47.ffn_up.bias                   - [ 11008,      1,      1,      1], type =    f32, size =    0.042 MiB
[ 771/ 963] blk.47.ffn_up.weight                 - [  2048,  11008,      1,      1], type =    f16, converting to q8_0 .. size =    43.00 MiB ->    22.84 MiB
[ 772/ 963] blk.48.attn_k.bias                   - [   256,      1,      1,      1], type =    f32, size =    0.001 MiB
[ 773/ 963] blk.48.attn_k.weight                 - [  2048,    256,      1,      1], type =    f16, converting to q8_0 .. size =     1.00 MiB ->     0.53 MiB
[ 774/ 963] blk.48.attn_norm.weight              - [  2048,      1,      1,      1], type =    f32, size =    0.008 MiB
[ 775/ 963] blk.48.attn_output.bias              - [  2048,      1,      1,      1], type =    f32, size =    0.008 MiB
[ 776/ 963] blk.48.attn_output.weight            - [  2048,   2048,      1,      1], type =    f16, converting to q8_0 .. size =     8.00 MiB ->     4.25 MiB
[ 777/ 963] blk.48.attn_q.bias                   - [  2048,      1,      1,      1], type =    f32, size =    0.008 MiB
[ 778/ 963] blk.48.attn_q.weight                 - [  2048,   2048,      1,      1], type =    f16, converting to q8_0 .. size =     8.00 MiB ->     4.25 MiB
[ 779/ 963] blk.48.attn_v.bias                   - [   256,      1,      1,      1], type =    f32, size =    0.001 MiB
[ 780/ 963] blk.48.attn_v.weight                 - [  2048,    256,      1,      1], type =    f16, converting to q8_0 .. size =     1.00 MiB ->     0.53 MiB
[ 781/ 963] blk.48.ffn_down.bias                 - [  2048,      1,      1,      1], type =    f32, size =    0.008 MiB
[ 782/ 963] blk.48.ffn_down.weight               - [ 11008,   2048,      1,      1], type =    f16, converting to q8_0 .. size =    43.00 MiB ->    22.84 MiB
[ 783/ 963] blk.48.ffn_gate.bias                 - [ 11008,      1,      1,      1], type =    f32, size =    0.042 MiB
[ 784/ 963] blk.48.ffn_gate.weight               - [  2048,  11008,      1,      1], type =    f16, converting to q8_0 .. size =    43.00 MiB ->    22.84 MiB
[ 785/ 963] blk.48.ffn_norm.weight               - [  2048,      1,      1,      1], type =    f32, size =    0.008 MiB
[ 786/ 963] blk.48.ffn_up.bias                   - [ 11008,      1,      1,      1], type =    f32, size =    0.042 MiB
[ 787/ 963] blk.48.ffn_up.weight                 - [  2048,  11008,      1,      1], type =    f16, converting to q8_0 .. size =    43.00 MiB ->    22.84 MiB
[ 788/ 963] blk.49.attn_k.bias                   - [   256,      1,      1,      1], type =    f32, size =    0.001 MiB
[ 789/ 963] blk.49.attn_k.weight                 - [  2048,    256,      1,      1], type =    f16, converting to q8_0 .. size =     1.00 MiB ->     0.53 MiB
[ 790/ 963] blk.49.attn_norm.weight              - [  2048,      1,      1,      1], type =    f32, size =    0.008 MiB
[ 791/ 963] blk.49.attn_output.bias              - [  2048,      1,      1,      1], type =    f32, size =    0.008 MiB
[ 792/ 963] blk.49.attn_output.weight            - [  2048,   2048,      1,      1], type =    f16, converting to q8_0 .. size =     8.00 MiB ->     4.25 MiB
[ 793/ 963] blk.49.attn_q.bias                   - [  2048,      1,      1,      1], type =    f32, size =    0.008 MiB
[ 794/ 963] blk.49.attn_q.weight                 - [  2048,   2048,      1,      1], type =    f16, converting to q8_0 .. size =     8.00 MiB ->     4.25 MiB
[ 795/ 963] blk.49.attn_v.bias                   - [   256,      1,      1,      1], type =    f32, size =    0.001 MiB
[ 796/ 963] blk.49.attn_v.weight                 - [  2048,    256,      1,      1], type =    f16, converting to q8_0 .. size =     1.00 MiB ->     0.53 MiB
[ 797/ 963] blk.49.ffn_down.bias                 - [  2048,      1,      1,      1], type =    f32, size =    0.008 MiB
[ 798/ 963] blk.49.ffn_down.weight               - [ 11008,   2048,      1,      1], type =    f16, converting to q8_0 .. size =    43.00 MiB ->    22.84 MiB
[ 799/ 963] blk.49.ffn_gate.bias                 - [ 11008,      1,      1,      1], type =    f32, size =    0.042 MiB
[ 800/ 963] blk.49.ffn_gate.weight               - [  2048,  11008,      1,      1], type =    f16, converting to q8_0 .. size =    43.00 MiB ->    22.84 MiB
[ 801/ 963] blk.49.ffn_norm.weight               - [  2048,      1,      1,      1], type =    f32, size =    0.008 MiB
[ 802/ 963] blk.49.ffn_up.bias                   - [ 11008,      1,      1,      1], type =    f32, size =    0.042 MiB
[ 803/ 963] blk.49.ffn_up.weight                 - [  2048,  11008,      1,      1], type =    f16, converting to q8_0 .. size =    43.00 MiB ->    22.84 MiB
[ 804/ 963] blk.50.attn_k.bias                   - [   256,      1,      1,      1], type =    f32, size =    0.001 MiB
[ 805/ 963] blk.50.attn_k.weight                 - [  2048,    256,      1,      1], type =    f16, converting to q8_0 .. size =     1.00 MiB ->     0.53 MiB
[ 806/ 963] blk.50.attn_norm.weight              - [  2048,      1,      1,      1], type =    f32, size =    0.008 MiB
[ 807/ 963] blk.50.attn_output.bias              - [  2048,      1,      1,      1], type =    f32, size =    0.008 MiB
[ 808/ 963] blk.50.attn_output.weight            - [  2048,   2048,      1,      1], type =    f16, converting to q8_0 .. size =     8.00 MiB ->     4.25 MiB
[ 809/ 963] blk.50.attn_q.bias                   - [  2048,      1,      1,      1], type =    f32, size =    0.008 MiB
[ 810/ 963] blk.50.attn_q.weight                 - [  2048,   2048,      1,      1], type =    f16, converting to q8_0 .. size =     8.00 MiB ->     4.25 MiB
[ 811/ 963] blk.50.attn_v.bias                   - [   256,      1,      1,      1], type =    f32, size =    0.001 MiB
[ 812/ 963] blk.50.attn_v.weight                 - [  2048,    256,      1,      1], type =    f16, converting to q8_0 .. size =     1.00 MiB ->     0.53 MiB
[ 813/ 963] blk.50.ffn_down.bias                 - [  2048,      1,      1,      1], type =    f32, size =    0.008 MiB
[ 814/ 963] blk.50.ffn_down.weight               - [ 11008,   2048,      1,      1], type =    f16, converting to q8_0 .. size =    43.00 MiB ->    22.84 MiB
[ 815/ 963] blk.50.ffn_gate.bias                 - [ 11008,      1,      1,      1], type =    f32, size =    0.042 MiB
[ 816/ 963] blk.50.ffn_gate.weight               - [  2048,  11008,      1,      1], type =    f16, converting to q8_0 .. size =    43.00 MiB ->    22.84 MiB
[ 817/ 963] blk.50.ffn_norm.weight               - [  2048,      1,      1,      1], type =    f32, size =    0.008 MiB
[ 818/ 963] blk.50.ffn_up.bias                   - [ 11008,      1,      1,      1], type =    f32, size =    0.042 MiB
[ 819/ 963] blk.50.ffn_up.weight                 - [  2048,  11008,      1,      1], type =    f16, converting to q8_0 .. size =    43.00 MiB ->    22.84 MiB
[ 820/ 963] blk.51.attn_k.bias                   - [   256,      1,      1,      1], type =    f32, size =    0.001 MiB
[ 821/ 963] blk.51.attn_k.weight                 - [  2048,    256,      1,      1], type =    f16, converting to q8_0 .. size =     1.00 MiB ->     0.53 MiB
[ 822/ 963] blk.51.attn_norm.weight              - [  2048,      1,      1,      1], type =    f32, size =    0.008 MiB
[ 823/ 963] blk.51.attn_output.bias              - [  2048,      1,      1,      1], type =    f32, size =    0.008 MiB
[ 824/ 963] blk.51.attn_output.weight            - [  2048,   2048,      1,      1], type =    f16, converting to q8_0 .. size =     8.00 MiB ->     4.25 MiB
[ 825/ 963] blk.51.attn_q.bias                   - [  2048,      1,      1,      1], type =    f32, size =    0.008 MiB
[ 826/ 963] blk.51.attn_q.weight                 - [  2048,   2048,      1,      1], type =    f16, converting to q8_0 .. size =     8.00 MiB ->     4.25 MiB
[ 827/ 963] blk.51.attn_v.bias                   - [   256,      1,      1,      1], type =    f32, size =    0.001 MiB
[ 828/ 963] blk.51.attn_v.weight                 - [  2048,    256,      1,      1], type =    f16, converting to q8_0 .. size =     1.00 MiB ->     0.53 MiB
[ 829/ 963] blk.51.ffn_down.bias                 - [  2048,      1,      1,      1], type =    f32, size =    0.008 MiB
[ 830/ 963] blk.51.ffn_down.weight               - [ 11008,   2048,      1,      1], type =    f16, converting to q8_0 .. size =    43.00 MiB ->    22.84 MiB
[ 831/ 963] blk.51.ffn_gate.bias                 - [ 11008,      1,      1,      1], type =    f32, size =    0.042 MiB
[ 832/ 963] blk.51.ffn_gate.weight               - [  2048,  11008,      1,      1], type =    f16, converting to q8_0 .. size =    43.00 MiB ->    22.84 MiB
[ 833/ 963] blk.51.ffn_norm.weight               - [  2048,      1,      1,      1], type =    f32, size =    0.008 MiB
[ 834/ 963] blk.51.ffn_up.bias                   - [ 11008,      1,      1,      1], type =    f32, size =    0.042 MiB
[ 835/ 963] blk.51.ffn_up.weight                 - [  2048,  11008,      1,      1], type =    f16, converting to q8_0 .. size =    43.00 MiB ->    22.84 MiB
[ 836/ 963] blk.52.attn_k.bias                   - [   256,      1,      1,      1], type =    f32, size =    0.001 MiB
[ 837/ 963] blk.52.attn_k.weight                 - [  2048,    256,      1,      1], type =    f16, converting to q8_0 .. size =     1.00 MiB ->     0.53 MiB
[ 838/ 963] blk.52.attn_norm.weight              - [  2048,      1,      1,      1], type =    f32, size =    0.008 MiB
[ 839/ 963] blk.52.attn_output.bias              - [  2048,      1,      1,      1], type =    f32, size =    0.008 MiB
[ 840/ 963] blk.52.attn_output.weight            - [  2048,   2048,      1,      1], type =    f16, converting to q8_0 .. size =     8.00 MiB ->     4.25 MiB
[ 841/ 963] blk.52.attn_q.bias                   - [  2048,      1,      1,      1], type =    f32, size =    0.008 MiB
[ 842/ 963] blk.52.attn_q.weight                 - [  2048,   2048,      1,      1], type =    f16, converting to q8_0 .. size =     8.00 MiB ->     4.25 MiB
[ 843/ 963] blk.52.attn_v.bias                   - [   256,      1,      1,      1], type =    f32, size =    0.001 MiB
[ 844/ 963] blk.52.attn_v.weight                 - [  2048,    256,      1,      1], type =    f16, converting to q8_0 .. size =     1.00 MiB ->     0.53 MiB
[ 845/ 963] blk.52.ffn_down.bias                 - [  2048,      1,      1,      1], type =    f32, size =    0.008 MiB
[ 846/ 963] blk.52.ffn_down.weight               - [ 11008,   2048,      1,      1], type =    f16, converting to q8_0 .. size =    43.00 MiB ->    22.84 MiB
[ 847/ 963] blk.52.ffn_gate.bias                 - [ 11008,      1,      1,      1], type =    f32, size =    0.042 MiB
[ 848/ 963] blk.52.ffn_gate.weight               - [  2048,  11008,      1,      1], type =    f16, converting to q8_0 .. size =    43.00 MiB ->    22.84 MiB
[ 849/ 963] blk.52.ffn_norm.weight               - [  2048,      1,      1,      1], type =    f32, size =    0.008 MiB
[ 850/ 963] blk.52.ffn_up.bias                   - [ 11008,      1,      1,      1], type =    f32, size =    0.042 MiB
[ 851/ 963] blk.52.ffn_up.weight                 - [  2048,  11008,      1,      1], type =    f16, converting to q8_0 .. size =    43.00 MiB ->    22.84 MiB
[ 852/ 963] blk.53.attn_k.bias                   - [   256,      1,      1,      1], type =    f32, size =    0.001 MiB
[ 853/ 963] blk.53.attn_k.weight                 - [  2048,    256,      1,      1], type =    f16, converting to q8_0 .. size =     1.00 MiB ->     0.53 MiB
[ 854/ 963] blk.53.attn_norm.weight              - [  2048,      1,      1,      1], type =    f32, size =    0.008 MiB
[ 855/ 963] blk.53.attn_output.bias              - [  2048,      1,      1,      1], type =    f32, size =    0.008 MiB
[ 856/ 963] blk.53.attn_output.weight            - [  2048,   2048,      1,      1], type =    f16, converting to q8_0 .. size =     8.00 MiB ->     4.25 MiB
[ 857/ 963] blk.53.attn_q.bias                   - [  2048,      1,      1,      1], type =    f32, size =    0.008 MiB
[ 858/ 963] blk.53.attn_q.weight                 - [  2048,   2048,      1,      1], type =    f16, converting to q8_0 .. size =     8.00 MiB ->     4.25 MiB
[ 859/ 963] blk.53.attn_v.bias                   - [   256,      1,      1,      1], type =    f32, size =    0.001 MiB
[ 860/ 963] blk.53.attn_v.weight                 - [  2048,    256,      1,      1], type =    f16, converting to q8_0 .. size =     1.00 MiB ->     0.53 MiB
[ 861/ 963] blk.53.ffn_down.bias                 - [  2048,      1,      1,      1], type =    f32, size =    0.008 MiB
[ 862/ 963] blk.53.ffn_down.weight               - [ 11008,   2048,      1,      1], type =    f16, converting to q8_0 .. size =    43.00 MiB ->    22.84 MiB
[ 863/ 963] blk.53.ffn_gate.bias                 - [ 11008,      1,      1,      1], type =    f32, size =    0.042 MiB
[ 864/ 963] blk.53.ffn_gate.weight               - [  2048,  11008,      1,      1], type =    f16, converting to q8_0 .. size =    43.00 MiB ->    22.84 MiB
[ 865/ 963] blk.53.ffn_norm.weight               - [  2048,      1,      1,      1], type =    f32, size =    0.008 MiB
[ 866/ 963] blk.53.ffn_up.bias                   - [ 11008,      1,      1,      1], type =    f32, size =    0.042 MiB
[ 867/ 963] blk.53.ffn_up.weight                 - [  2048,  11008,      1,      1], type =    f16, converting to q8_0 .. size =    43.00 MiB ->    22.84 MiB
[ 868/ 963] blk.54.attn_k.bias                   - [   256,      1,      1,      1], type =    f32, size =    0.001 MiB
[ 869/ 963] blk.54.attn_k.weight                 - [  2048,    256,      1,      1], type =    f16, converting to q8_0 .. size =     1.00 MiB ->     0.53 MiB
[ 870/ 963] blk.54.attn_norm.weight              - [  2048,      1,      1,      1], type =    f32, size =    0.008 MiB
[ 871/ 963] blk.54.attn_output.bias              - [  2048,      1,      1,      1], type =    f32, size =    0.008 MiB
[ 872/ 963] blk.54.attn_output.weight            - [  2048,   2048,      1,      1], type =    f16, converting to q8_0 .. size =     8.00 MiB ->     4.25 MiB
[ 873/ 963] blk.54.attn_q.bias                   - [  2048,      1,      1,      1], type =    f32, size =    0.008 MiB
[ 874/ 963] blk.54.attn_q.weight                 - [  2048,   2048,      1,      1], type =    f16, converting to q8_0 .. size =     8.00 MiB ->     4.25 MiB
[ 875/ 963] blk.54.attn_v.bias                   - [   256,      1,      1,      1], type =    f32, size =    0.001 MiB
[ 876/ 963] blk.54.attn_v.weight                 - [  2048,    256,      1,      1], type =    f16, converting to q8_0 .. size =     1.00 MiB ->     0.53 MiB
[ 877/ 963] blk.54.ffn_down.bias                 - [  2048,      1,      1,      1], type =    f32, size =    0.008 MiB
[ 878/ 963] blk.54.ffn_down.weight               - [ 11008,   2048,      1,      1], type =    f16, converting to q8_0 .. size =    43.00 MiB ->    22.84 MiB
[ 879/ 963] blk.54.ffn_gate.bias                 - [ 11008,      1,      1,      1], type =    f32, size =    0.042 MiB
[ 880/ 963] blk.54.ffn_gate.weight               - [  2048,  11008,      1,      1], type =    f16, converting to q8_0 .. size =    43.00 MiB ->    22.84 MiB
[ 881/ 963] blk.54.ffn_norm.weight               - [  2048,      1,      1,      1], type =    f32, size =    0.008 MiB
[ 882/ 963] blk.54.ffn_up.bias                   - [ 11008,      1,      1,      1], type =    f32, size =    0.042 MiB
[ 883/ 963] blk.54.ffn_up.weight                 - [  2048,  11008,      1,      1], type =    f16, converting to q8_0 .. size =    43.00 MiB ->    22.84 MiB
[ 884/ 963] blk.55.attn_k.bias                   - [   256,      1,      1,      1], type =    f32, size =    0.001 MiB
[ 885/ 963] blk.55.attn_k.weight                 - [  2048,    256,      1,      1], type =    f16, converting to q8_0 .. size =     1.00 MiB ->     0.53 MiB
[ 886/ 963] blk.55.attn_norm.weight              - [  2048,      1,      1,      1], type =    f32, size =    0.008 MiB
[ 887/ 963] blk.55.attn_output.bias              - [  2048,      1,      1,      1], type =    f32, size =    0.008 MiB
[ 888/ 963] blk.55.attn_output.weight            - [  2048,   2048,      1,      1], type =    f16, converting to q8_0 .. size =     8.00 MiB ->     4.25 MiB
[ 889/ 963] blk.55.attn_q.bias                   - [  2048,      1,      1,      1], type =    f32, size =    0.008 MiB
[ 890/ 963] blk.55.attn_q.weight                 - [  2048,   2048,      1,      1], type =    f16, converting to q8_0 .. size =     8.00 MiB ->     4.25 MiB
[ 891/ 963] blk.55.attn_v.bias                   - [   256,      1,      1,      1], type =    f32, size =    0.001 MiB
[ 892/ 963] blk.55.attn_v.weight                 - [  2048,    256,      1,      1], type =    f16, converting to q8_0 .. size =     1.00 MiB ->     0.53 MiB
[ 893/ 963] blk.55.ffn_down.bias                 - [  2048,      1,      1,      1], type =    f32, size =    0.008 MiB
[ 894/ 963] blk.55.ffn_down.weight               - [ 11008,   2048,      1,      1], type =    f16, converting to q8_0 .. size =    43.00 MiB ->    22.84 MiB
[ 895/ 963] blk.55.ffn_gate.bias                 - [ 11008,      1,      1,      1], type =    f32, size =    0.042 MiB
[ 896/ 963] blk.55.ffn_gate.weight               - [  2048,  11008,      1,      1], type =    f16, converting to q8_0 .. size =    43.00 MiB ->    22.84 MiB
[ 897/ 963] blk.55.ffn_norm.weight               - [  2048,      1,      1,      1], type =    f32, size =    0.008 MiB
[ 898/ 963] blk.55.ffn_up.bias                   - [ 11008,      1,      1,      1], type =    f32, size =    0.042 MiB
[ 899/ 963] blk.55.ffn_up.weight                 - [  2048,  11008,      1,      1], type =    f16, converting to q8_0 .. size =    43.00 MiB ->    22.84 MiB
[ 900/ 963] blk.56.attn_k.bias                   - [   256,      1,      1,      1], type =    f32, size =    0.001 MiB
[ 901/ 963] blk.56.attn_k.weight                 - [  2048,    256,      1,      1], type =    f16, converting to q8_0 .. size =     1.00 MiB ->     0.53 MiB
[ 902/ 963] blk.56.attn_norm.weight              - [  2048,      1,      1,      1], type =    f32, size =    0.008 MiB
[ 903/ 963] blk.56.attn_output.bias              - [  2048,      1,      1,      1], type =    f32, size =    0.008 MiB
[ 904/ 963] blk.56.attn_output.weight            - [  2048,   2048,      1,      1], type =    f16, converting to q8_0 .. size =     8.00 MiB ->     4.25 MiB
[ 905/ 963] blk.56.attn_q.bias                   - [  2048,      1,      1,      1], type =    f32, size =    0.008 MiB
[ 906/ 963] blk.56.attn_q.weight                 - [  2048,   2048,      1,      1], type =    f16, converting to q8_0 .. size =     8.00 MiB ->     4.25 MiB
[ 907/ 963] blk.56.attn_v.bias                   - [   256,      1,      1,      1], type =    f32, size =    0.001 MiB
[ 908/ 963] blk.56.attn_v.weight                 - [  2048,    256,      1,      1], type =    f16, converting to q8_0 .. size =     1.00 MiB ->     0.53 MiB
[ 909/ 963] blk.56.ffn_down.bias                 - [  2048,      1,      1,      1], type =    f32, size =    0.008 MiB
[ 910/ 963] blk.56.ffn_down.weight               - [ 11008,   2048,      1,      1], type =    f16, converting to q8_0 .. size =    43.00 MiB ->    22.84 MiB
[ 911/ 963] blk.56.ffn_gate.bias                 - [ 11008,      1,      1,      1], type =    f32, size =    0.042 MiB
[ 912/ 963] blk.56.ffn_gate.weight               - [  2048,  11008,      1,      1], type =    f16, converting to q8_0 .. size =    43.00 MiB ->    22.84 MiB
[ 913/ 963] blk.56.ffn_norm.weight               - [  2048,      1,      1,      1], type =    f32, size =    0.008 MiB
[ 914/ 963] blk.56.ffn_up.bias                   - [ 11008,      1,      1,      1], type =    f32, size =    0.042 MiB
[ 915/ 963] blk.56.ffn_up.weight                 - [  2048,  11008,      1,      1], type =    f16, converting to q8_0 .. size =    43.00 MiB ->    22.84 MiB
[ 916/ 963] blk.57.attn_k.bias                   - [   256,      1,      1,      1], type =    f32, size =    0.001 MiB
[ 917/ 963] blk.57.attn_k.weight                 - [  2048,    256,      1,      1], type =    f16, converting to q8_0 .. size =     1.00 MiB ->     0.53 MiB
[ 918/ 963] blk.57.attn_norm.weight              - [  2048,      1,      1,      1], type =    f32, size =    0.008 MiB
[ 919/ 963] blk.57.attn_output.bias              - [  2048,      1,      1,      1], type =    f32, size =    0.008 MiB
[ 920/ 963] blk.57.attn_output.weight            - [  2048,   2048,      1,      1], type =    f16, converting to q8_0 .. size =     8.00 MiB ->     4.25 MiB
[ 921/ 963] blk.57.attn_q.bias                   - [  2048,      1,      1,      1], type =    f32, size =    0.008 MiB
[ 922/ 963] blk.57.attn_q.weight                 - [  2048,   2048,      1,      1], type =    f16, converting to q8_0 .. size =     8.00 MiB ->     4.25 MiB
[ 923/ 963] blk.57.attn_v.bias                   - [   256,      1,      1,      1], type =    f32, size =    0.001 MiB
[ 924/ 963] blk.57.attn_v.weight                 - [  2048,    256,      1,      1], type =    f16, converting to q8_0 .. size =     1.00 MiB ->     0.53 MiB
[ 925/ 963] blk.57.ffn_down.bias                 - [  2048,      1,      1,      1], type =    f32, size =    0.008 MiB
[ 926/ 963] blk.57.ffn_down.weight               - [ 11008,   2048,      1,      1], type =    f16, converting to q8_0 .. size =    43.00 MiB ->    22.84 MiB
[ 927/ 963] blk.57.ffn_gate.bias                 - [ 11008,      1,      1,      1], type =    f32, size =    0.042 MiB
[ 928/ 963] blk.57.ffn_gate.weight               - [  2048,  11008,      1,      1], type =    f16, converting to q8_0 .. size =    43.00 MiB ->    22.84 MiB
[ 929/ 963] blk.57.ffn_norm.weight               - [  2048,      1,      1,      1], type =    f32, size =    0.008 MiB
[ 930/ 963] blk.57.ffn_up.bias                   - [ 11008,      1,      1,      1], type =    f32, size =    0.042 MiB
[ 931/ 963] blk.57.ffn_up.weight                 - [  2048,  11008,      1,      1], type =    f16, converting to q8_0 .. size =    43.00 MiB ->    22.84 MiB
[ 932/ 963] blk.58.attn_k.bias                   - [   256,      1,      1,      1], type =    f32, size =    0.001 MiB
[ 933/ 963] blk.58.attn_k.weight                 - [  2048,    256,      1,      1], type =    f16, converting to q8_0 .. size =     1.00 MiB ->     0.53 MiB
[ 934/ 963] blk.58.attn_norm.weight              - [  2048,      1,      1,      1], type =    f32, size =    0.008 MiB
[ 935/ 963] blk.58.attn_output.bias              - [  2048,      1,      1,      1], type =    f32, size =    0.008 MiB
[ 936/ 963] blk.58.attn_output.weight            - [  2048,   2048,      1,      1], type =    f16, converting to q8_0 .. size =     8.00 MiB ->     4.25 MiB
[ 937/ 963] blk.58.attn_q.bias                   - [  2048,      1,      1,      1], type =    f32, size =    0.008 MiB
[ 938/ 963] blk.58.attn_q.weight                 - [  2048,   2048,      1,      1], type =    f16, converting to q8_0 .. size =     8.00 MiB ->     4.25 MiB
[ 939/ 963] blk.58.attn_v.bias                   - [   256,      1,      1,      1], type =    f32, size =    0.001 MiB
[ 940/ 963] blk.58.attn_v.weight                 - [  2048,    256,      1,      1], type =    f16, converting to q8_0 .. size =     1.00 MiB ->     0.53 MiB
[ 941/ 963] blk.58.ffn_down.bias                 - [  2048,      1,      1,      1], type =    f32, size =    0.008 MiB
[ 942/ 963] blk.58.ffn_down.weight               - [ 11008,   2048,      1,      1], type =    f16, converting to q8_0 .. size =    43.00 MiB ->    22.84 MiB
[ 943/ 963] blk.58.ffn_gate.bias                 - [ 11008,      1,      1,      1], type =    f32, size =    0.042 MiB
[ 944/ 963] blk.58.ffn_gate.weight               - [  2048,  11008,      1,      1], type =    f16, converting to q8_0 .. size =    43.00 MiB ->    22.84 MiB
[ 945/ 963] blk.58.ffn_norm.weight               - [  2048,      1,      1,      1], type =    f32, size =    0.008 MiB
[ 946/ 963] blk.58.ffn_up.bias                   - [ 11008,      1,      1,      1], type =    f32, size =    0.042 MiB
[ 947/ 963] blk.58.ffn_up.weight                 - [  2048,  11008,      1,      1], type =    f16, converting to q8_0 .. size =    43.00 MiB ->    22.84 MiB
[ 948/ 963] blk.59.attn_k.bias                   - [   256,      1,      1,      1], type =    f32, size =    0.001 MiB
[ 949/ 963] blk.59.attn_k.weight                 - [  2048,    256,      1,      1], type =    f16, converting to q8_0 .. size =     1.00 MiB ->     0.53 MiB
[ 950/ 963] blk.59.attn_norm.weight              - [  2048,      1,      1,      1], type =    f32, size =    0.008 MiB
[ 951/ 963] blk.59.attn_output.bias              - [  2048,      1,      1,      1], type =    f32, size =    0.008 MiB
[ 952/ 963] blk.59.attn_output.weight            - [  2048,   2048,      1,      1], type =    f16, converting to q8_0 .. size =     8.00 MiB ->     4.25 MiB
[ 953/ 963] blk.59.attn_q.bias                   - [  2048,      1,      1,      1], type =    f32, size =    0.008 MiB
[ 954/ 963] blk.59.attn_q.weight                 - [  2048,   2048,      1,      1], type =    f16, converting to q8_0 .. size =     8.00 MiB ->     4.25 MiB
[ 955/ 963] blk.59.attn_v.bias                   - [   256,      1,      1,      1], type =    f32, size =    0.001 MiB
[ 956/ 963] blk.59.attn_v.weight                 - [  2048,    256,      1,      1], type =    f16, converting to q8_0 .. size =     1.00 MiB ->     0.53 MiB
[ 957/ 963] blk.59.ffn_down.bias                 - [  2048,      1,      1,      1], type =    f32, size =    0.008 MiB
[ 958/ 963] blk.59.ffn_down.weight               - [ 11008,   2048,      1,      1], type =    f16, converting to q8_0 .. size =    43.00 MiB ->    22.84 MiB
[ 959/ 963] blk.59.ffn_gate.bias                 - [ 11008,      1,      1,      1], type =    f32, size =    0.042 MiB
[ 960/ 963] blk.59.ffn_gate.weight               - [  2048,  11008,      1,      1], type =    f16, converting to q8_0 .. size =    43.00 MiB ->    22.84 MiB
[ 961/ 963] blk.59.ffn_norm.weight               - [  2048,      1,      1,      1], type =    f32, size =    0.008 MiB
[ 962/ 963] blk.59.ffn_up.bias                   - [ 11008,      1,      1,      1], type =    f32, size =    0.042 MiB
[ 963/ 963] blk.59.ffn_up.weight                 - [  2048,  11008,      1,      1], type =    f16, converting to q8_0 .. size =    43.00 MiB ->    22.84 MiB
llama_model_quantize_impl: model size  =  9077.51 MiB (16.01 BPW)
llama_model_quantize_impl: quant size  =  4825.95 MiB (8.51 BPW)

llama_quantize: quantize time = 19056.02 ms
llama_quantize:    total time = 19056.02 ms
[prepare] done: ./models/bielik-4.5b/bielik-4.5b-Q8_0.gguf size=4.7G time=20s
[prepare] quantizing: ./models/bielik-4.5b/Bielik-4.5B-v3.0-Instruct-fp16.gguf -> ./models/bielik-4.5b/bielik-4.5b-Q4_K_M.gguf (Q4_K_M)
load_backend: loaded BLAS backend from /opt/homebrew/Cellar/ggml/0.13.1/libexec/libggml-blas.so
ggml_metal_device_init: tensor API disabled for pre-M5 and pre-A19 devices
ggml_metal_library_init: using embedded metal library
ggml_metal_library_init: loaded in 0.008 sec
ggml_metal_rsets_init: creating a residency set collection (keep_alive = 180 s)
ggml_metal_device_init: GPU name:   MTL0 (Apple M4)
ggml_metal_device_init: GPU family: MTLGPUFamilyApple9  (1009)
ggml_metal_device_init: GPU family: MTLGPUFamilyCommon3 (3003)
ggml_metal_device_init: GPU family: MTLGPUFamilyMetal4  (5002)
ggml_metal_device_init: simdgroup reduction   = true
ggml_metal_device_init: simdgroup matrix mul. = true
ggml_metal_device_init: has unified memory    = true
ggml_metal_device_init: has bfloat            = true
ggml_metal_device_init: has tensor            = false
ggml_metal_device_init: use residency sets    = true
ggml_metal_device_init: use shared buffers    = true
ggml_metal_device_init: recommendedMaxWorkingSetSize  = 12713.12 MB
load_backend: loaded MTL backend from /opt/homebrew/Cellar/ggml/0.13.1/libexec/libggml-metal.so
load_backend: loaded CPU backend from /opt/homebrew/Cellar/ggml/0.13.1/libexec/libggml-cpu-apple_m4.so
llama_print_build_info: build = 9430 (d48a56eff)
llama_print_build_info: built with AppleClang 21.0.0.21000099 for Darwin arm64
llama_quantize: quantizing './models/bielik-4.5b/Bielik-4.5B-v3.0-Instruct-fp16.gguf' to './models/bielik-4.5b/bielik-4.5b-Q4_K_M.gguf.incomplete' as Q4_K_M
llama_model_loader: loaded meta data with 42 key-value pairs and 963 tensors from ./models/bielik-4.5b/Bielik-4.5B-v3.0-Instruct-fp16.gguf (version GGUF V3 (latest))
llama_model_loader: Dumping metadata keys/values. Note: KV overrides do not apply in this output.
llama_model_loader: - kv   0:                       general.architecture str              = llama
llama_model_loader: - kv   1:                               general.type str              = model
llama_model_loader: - kv   2:                               general.name str              = Bielik-4.5B-v3.0-Instruct
llama_model_loader: - kv   3:                             general.author str              = Speakleash
llama_model_loader: - kv   4:                            general.version str              = v3.0
llama_model_loader: - kv   5:                       general.organization str              = Speakleash
llama_model_loader: - kv   6:                           general.finetune str              = instruct
llama_model_loader: - kv   7:                           general.basename str              = Bielik-1.5B-v3.0
llama_model_loader: - kv   8:                        general.description str              = Bielik LLM -  Bielik-1.5B-v3.0-Instru...
llama_model_loader: - kv   9:                       general.quantized_by str              = Remek Kinas
llama_model_loader: - kv  10:                         general.size_label str              = 4.8B
llama_model_loader: - kv  11:                       general.license.name str              = Apache License Version 2.0, January 2004
llama_model_loader: - kv  12:                           general.repo_url str              = https://huggingface.co/speakleash/Bie...
llama_model_loader: - kv  13:                               general.tags arr[str,5]       = ["text generation", "transformer", "l...
llama_model_loader: - kv  14:                          general.languages arr[str,1]       = ["pl"]
llama_model_loader: - kv  15:                          llama.block_count u32              = 60
llama_model_loader: - kv  16:                       llama.context_length u32              = 8192
llama_model_loader: - kv  17:                     llama.embedding_length u32              = 2048
llama_model_loader: - kv  18:                  llama.feed_forward_length u32              = 11008
llama_model_loader: - kv  19:                 llama.attention.head_count u32              = 16
llama_model_loader: - kv  20:              llama.attention.head_count_kv u32              = 2
llama_model_loader: - kv  21:                       llama.rope.freq_base f32              = 1000000.000000
llama_model_loader: - kv  22:     llama.attention.layer_norm_rms_epsilon f32              = 0.000001
llama_model_loader: - kv  23:                 llama.attention.key_length u32              = 128
llama_model_loader: - kv  24:               llama.attention.value_length u32              = 128
llama_model_loader: - kv  25:                          general.file_type u32              = 1
llama_model_loader: - kv  26:                           llama.vocab_size u32              = 32000
llama_model_loader: - kv  27:                 llama.rope.dimension_count u32              = 128
llama_model_loader: - kv  28:                       tokenizer.ggml.model str              = llama
llama_model_loader: - kv  29:                         tokenizer.ggml.pre str              = default
llama_model_loader: - kv  30:                      tokenizer.ggml.tokens arr[str,32000]   = ["<unk>", "<s>", "</s>", "<|im_start|...
llama_model_loader: - kv  31:                      tokenizer.ggml.scores arr[f32,32000]   = [-1000.000000, -1000.000000, -1000.00...
llama_model_loader: - kv  32:                  tokenizer.ggml.token_type arr[i32,32000]   = [3, 3, 3, 3, 3, 3, 3, 6, 6, 6, 6, 6, ...
llama_model_loader: - kv  33:                tokenizer.ggml.bos_token_id u32              = 1
llama_model_loader: - kv  34:                tokenizer.ggml.eos_token_id u32              = 4
llama_model_loader: - kv  35:            tokenizer.ggml.unknown_token_id u32              = 0
llama_model_loader: - kv  36:            tokenizer.ggml.padding_token_id u32              = 2
llama_model_loader: - kv  37:               tokenizer.ggml.add_bos_token bool             = true
llama_model_loader: - kv  38:               tokenizer.ggml.add_eos_token bool             = false
llama_model_loader: - kv  39:                    tokenizer.chat_template str              = {{bos_token}}{% for message in messag...
llama_model_loader: - kv  40:            tokenizer.ggml.add_space_prefix bool             = false
llama_model_loader: - kv  41:               general.quantization_version u32              = 2
llama_model_loader: - type  f32:  541 tensors
llama_model_loader: - type  f16:  422 tensors
[   1/ 963] output.weight                        - [  2048,  32000,      1,      1], type =    f16, converting to q6_K .. size =   125.00 MiB ->    51.27 MiB
[   2/ 963] output_norm.weight                   - [  2048,      1,      1,      1], type =    f32, size =    0.008 MiB
[   3/ 963] token_embd.weight                    - [  2048,  32000,      1,      1], type =    f16, converting to q4_K .. size =   125.00 MiB ->    35.16 MiB
[   4/ 963] blk.0.attn_k.bias                    - [   256,      1,      1,      1], type =    f32, size =    0.001 MiB
[   5/ 963] blk.0.attn_k.weight                  - [  2048,    256,      1,      1], type =    f16, converting to q4_K .. size =     1.00 MiB ->     0.28 MiB
[   6/ 963] blk.0.attn_norm.weight               - [  2048,      1,      1,      1], type =    f32, size =    0.008 MiB
[   7/ 963] blk.0.attn_output.bias               - [  2048,      1,      1,      1], type =    f32, size =    0.008 MiB
[   8/ 963] blk.0.attn_output.weight             - [  2048,   2048,      1,      1], type =    f16, converting to q4_K .. size =     8.00 MiB ->     2.25 MiB
[   9/ 963] blk.0.attn_q.bias                    - [  2048,      1,      1,      1], type =    f32, size =    0.008 MiB
[  10/ 963] blk.0.attn_q.weight                  - [  2048,   2048,      1,      1], type =    f16, converting to q4_K .. size =     8.00 MiB ->     2.25 MiB
[  11/ 963] blk.0.attn_v.bias                    - [   256,      1,      1,      1], type =    f32, size =    0.001 MiB
[  12/ 963] blk.0.attn_v.weight                  - [  2048,    256,      1,      1], type =    f16, converting to q6_K .. size =     1.00 MiB ->     0.41 MiB
[  13/ 963] blk.0.ffn_down.bias                  - [  2048,      1,      1,      1], type =    f32, size =    0.008 MiB
[  14/ 963] blk.0.ffn_down.weight                - [ 11008,   2048,      1,      1], type =    f16, converting to q6_K .. size =    43.00 MiB ->    17.64 MiB
[  15/ 963] blk.0.ffn_gate.bias                  - [ 11008,      1,      1,      1], type =    f32, size =    0.042 MiB
[  16/ 963] blk.0.ffn_gate.weight                - [  2048,  11008,      1,      1], type =    f16, converting to q4_K .. size =    43.00 MiB ->    12.09 MiB
[  17/ 963] blk.0.ffn_norm.weight                - [  2048,      1,      1,      1], type =    f32, size =    0.008 MiB
[  18/ 963] blk.0.ffn_up.bias                    - [ 11008,      1,      1,      1], type =    f32, size =    0.042 MiB
[  19/ 963] blk.0.ffn_up.weight                  - [  2048,  11008,      1,      1], type =    f16, converting to q4_K .. size =    43.00 MiB ->    12.09 MiB
[  20/ 963] blk.1.attn_k.bias                    - [   256,      1,      1,      1], type =    f32, size =    0.001 MiB
[  21/ 963] blk.1.attn_k.weight                  - [  2048,    256,      1,      1], type =    f16, converting to q4_K .. size =     1.00 MiB ->     0.28 MiB
[  22/ 963] blk.1.attn_norm.weight               - [  2048,      1,      1,      1], type =    f32, size =    0.008 MiB
[  23/ 963] blk.1.attn_output.bias               - [  2048,      1,      1,      1], type =    f32, size =    0.008 MiB
[  24/ 963] blk.1.attn_output.weight             - [  2048,   2048,      1,      1], type =    f16, converting to q4_K .. size =     8.00 MiB ->     2.25 MiB
[  25/ 963] blk.1.attn_q.bias                    - [  2048,      1,      1,      1], type =    f32, size =    0.008 MiB
[  26/ 963] blk.1.attn_q.weight                  - [  2048,   2048,      1,      1], type =    f16, converting to q4_K .. size =     8.00 MiB ->     2.25 MiB
[  27/ 963] blk.1.attn_v.bias                    - [   256,      1,      1,      1], type =    f32, size =    0.001 MiB
[  28/ 963] blk.1.attn_v.weight                  - [  2048,    256,      1,      1], type =    f16, converting to q6_K .. size =     1.00 MiB ->     0.41 MiB
[  29/ 963] blk.1.ffn_down.bias                  - [  2048,      1,      1,      1], type =    f32, size =    0.008 MiB
[  30/ 963] blk.1.ffn_down.weight                - [ 11008,   2048,      1,      1], type =    f16, converting to q6_K .. size =    43.00 MiB ->    17.64 MiB
[  31/ 963] blk.1.ffn_gate.bias                  - [ 11008,      1,      1,      1], type =    f32, size =    0.042 MiB
[  32/ 963] blk.1.ffn_gate.weight                - [  2048,  11008,      1,      1], type =    f16, converting to q4_K .. size =    43.00 MiB ->    12.09 MiB
[  33/ 963] blk.1.ffn_norm.weight                - [  2048,      1,      1,      1], type =    f32, size =    0.008 MiB
[  34/ 963] blk.1.ffn_up.bias                    - [ 11008,      1,      1,      1], type =    f32, size =    0.042 MiB
[  35/ 963] blk.1.ffn_up.weight                  - [  2048,  11008,      1,      1], type =    f16, converting to q4_K .. size =    43.00 MiB ->    12.09 MiB
[  36/ 963] blk.2.attn_k.bias                    - [   256,      1,      1,      1], type =    f32, size =    0.001 MiB
[  37/ 963] blk.2.attn_k.weight                  - [  2048,    256,      1,      1], type =    f16, converting to q4_K .. size =     1.00 MiB ->     0.28 MiB
[  38/ 963] blk.2.attn_norm.weight               - [  2048,      1,      1,      1], type =    f32, size =    0.008 MiB
[  39/ 963] blk.2.attn_output.bias               - [  2048,      1,      1,      1], type =    f32, size =    0.008 MiB
[  40/ 963] blk.2.attn_output.weight             - [  2048,   2048,      1,      1], type =    f16, converting to q4_K .. size =     8.00 MiB ->     2.25 MiB
[  41/ 963] blk.2.attn_q.bias                    - [  2048,      1,      1,      1], type =    f32, size =    0.008 MiB
[  42/ 963] blk.2.attn_q.weight                  - [  2048,   2048,      1,      1], type =    f16, converting to q4_K .. size =     8.00 MiB ->     2.25 MiB
[  43/ 963] blk.2.attn_v.bias                    - [   256,      1,      1,      1], type =    f32, size =    0.001 MiB
[  44/ 963] blk.2.attn_v.weight                  - [  2048,    256,      1,      1], type =    f16, converting to q6_K .. size =     1.00 MiB ->     0.41 MiB
[  45/ 963] blk.2.ffn_down.bias                  - [  2048,      1,      1,      1], type =    f32, size =    0.008 MiB
[  46/ 963] blk.2.ffn_down.weight                - [ 11008,   2048,      1,      1], type =    f16, converting to q6_K .. size =    43.00 MiB ->    17.64 MiB
[  47/ 963] blk.2.ffn_gate.bias                  - [ 11008,      1,      1,      1], type =    f32, size =    0.042 MiB
[  48/ 963] blk.2.ffn_gate.weight                - [  2048,  11008,      1,      1], type =    f16, converting to q4_K .. size =    43.00 MiB ->    12.09 MiB
[  49/ 963] blk.2.ffn_norm.weight                - [  2048,      1,      1,      1], type =    f32, size =    0.008 MiB
[  50/ 963] blk.2.ffn_up.bias                    - [ 11008,      1,      1,      1], type =    f32, size =    0.042 MiB
[  51/ 963] blk.2.ffn_up.weight                  - [  2048,  11008,      1,      1], type =    f16, converting to q4_K .. size =    43.00 MiB ->    12.09 MiB
[  52/ 963] blk.3.attn_k.bias                    - [   256,      1,      1,      1], type =    f32, size =    0.001 MiB
[  53/ 963] blk.3.attn_k.weight                  - [  2048,    256,      1,      1], type =    f16, converting to q4_K .. size =     1.00 MiB ->     0.28 MiB
[  54/ 963] blk.3.attn_norm.weight               - [  2048,      1,      1,      1], type =    f32, size =    0.008 MiB
[  55/ 963] blk.3.attn_output.bias               - [  2048,      1,      1,      1], type =    f32, size =    0.008 MiB
[  56/ 963] blk.3.attn_output.weight             - [  2048,   2048,      1,      1], type =    f16, converting to q4_K .. size =     8.00 MiB ->     2.25 MiB
[  57/ 963] blk.3.attn_q.bias                    - [  2048,      1,      1,      1], type =    f32, size =    0.008 MiB
[  58/ 963] blk.3.attn_q.weight                  - [  2048,   2048,      1,      1], type =    f16, converting to q4_K .. size =     8.00 MiB ->     2.25 MiB
[  59/ 963] blk.3.attn_v.bias                    - [   256,      1,      1,      1], type =    f32, size =    0.001 MiB
[  60/ 963] blk.3.attn_v.weight                  - [  2048,    256,      1,      1], type =    f16, converting to q6_K .. size =     1.00 MiB ->     0.41 MiB
[  61/ 963] blk.3.ffn_down.bias                  - [  2048,      1,      1,      1], type =    f32, size =    0.008 MiB
[  62/ 963] blk.3.ffn_down.weight                - [ 11008,   2048,      1,      1], type =    f16, converting to q6_K .. size =    43.00 MiB ->    17.64 MiB
[  63/ 963] blk.3.ffn_gate.bias                  - [ 11008,      1,      1,      1], type =    f32, size =    0.042 MiB
[  64/ 963] blk.3.ffn_gate.weight                - [  2048,  11008,      1,      1], type =    f16, converting to q4_K .. size =    43.00 MiB ->    12.09 MiB
[  65/ 963] blk.3.ffn_norm.weight                - [  2048,      1,      1,      1], type =    f32, size =    0.008 MiB
[  66/ 963] blk.3.ffn_up.bias                    - [ 11008,      1,      1,      1], type =    f32, size =    0.042 MiB
[  67/ 963] blk.3.ffn_up.weight                  - [  2048,  11008,      1,      1], type =    f16, converting to q4_K .. size =    43.00 MiB ->    12.09 MiB
[  68/ 963] blk.4.attn_k.bias                    - [   256,      1,      1,      1], type =    f32, size =    0.001 MiB
[  69/ 963] blk.4.attn_k.weight                  - [  2048,    256,      1,      1], type =    f16, converting to q4_K .. size =     1.00 MiB ->     0.28 MiB
[  70/ 963] blk.4.attn_norm.weight               - [  2048,      1,      1,      1], type =    f32, size =    0.008 MiB
[  71/ 963] blk.4.attn_output.bias               - [  2048,      1,      1,      1], type =    f32, size =    0.008 MiB
[  72/ 963] blk.4.attn_output.weight             - [  2048,   2048,      1,      1], type =    f16, converting to q4_K .. size =     8.00 MiB ->     2.25 MiB
[  73/ 963] blk.4.attn_q.bias                    - [  2048,      1,      1,      1], type =    f32, size =    0.008 MiB
[  74/ 963] blk.4.attn_q.weight                  - [  2048,   2048,      1,      1], type =    f16, converting to q4_K .. size =     8.00 MiB ->     2.25 MiB
[  75/ 963] blk.4.attn_v.bias                    - [   256,      1,      1,      1], type =    f32, size =    0.001 MiB
[  76/ 963] blk.4.attn_v.weight                  - [  2048,    256,      1,      1], type =    f16, converting to q6_K .. size =     1.00 MiB ->     0.41 MiB
[  77/ 963] blk.4.ffn_down.bias                  - [  2048,      1,      1,      1], type =    f32, size =    0.008 MiB
[  78/ 963] blk.4.ffn_down.weight                - [ 11008,   2048,      1,      1], type =    f16, converting to q6_K .. size =    43.00 MiB ->    17.64 MiB
[  79/ 963] blk.4.ffn_gate.bias                  - [ 11008,      1,      1,      1], type =    f32, size =    0.042 MiB
[  80/ 963] blk.4.ffn_gate.weight                - [  2048,  11008,      1,      1], type =    f16, converting to q4_K .. size =    43.00 MiB ->    12.09 MiB
[  81/ 963] blk.4.ffn_norm.weight                - [  2048,      1,      1,      1], type =    f32, size =    0.008 MiB
[  82/ 963] blk.4.ffn_up.bias                    - [ 11008,      1,      1,      1], type =    f32, size =    0.042 MiB
[  83/ 963] blk.4.ffn_up.weight                  - [  2048,  11008,      1,      1], type =    f16, converting to q4_K .. size =    43.00 MiB ->    12.09 MiB
[  84/ 963] blk.5.attn_k.bias                    - [   256,      1,      1,      1], type =    f32, size =    0.001 MiB
[  85/ 963] blk.5.attn_k.weight                  - [  2048,    256,      1,      1], type =    f16, converting to q4_K .. size =     1.00 MiB ->     0.28 MiB
[  86/ 963] blk.5.attn_norm.weight               - [  2048,      1,      1,      1], type =    f32, size =    0.008 MiB
[  87/ 963] blk.5.attn_output.bias               - [  2048,      1,      1,      1], type =    f32, size =    0.008 MiB
[  88/ 963] blk.5.attn_output.weight             - [  2048,   2048,      1,      1], type =    f16, converting to q4_K .. size =     8.00 MiB ->     2.25 MiB
[  89/ 963] blk.5.attn_q.bias                    - [  2048,      1,      1,      1], type =    f32, size =    0.008 MiB
[  90/ 963] blk.5.attn_q.weight                  - [  2048,   2048,      1,      1], type =    f16, converting to q4_K .. size =     8.00 MiB ->     2.25 MiB
[  91/ 963] blk.5.attn_v.bias                    - [   256,      1,      1,      1], type =    f32, size =    0.001 MiB
[  92/ 963] blk.5.attn_v.weight                  - [  2048,    256,      1,      1], type =    f16, converting to q6_K .. size =     1.00 MiB ->     0.41 MiB
[  93/ 963] blk.5.ffn_down.bias                  - [  2048,      1,      1,      1], type =    f32, size =    0.008 MiB
[  94/ 963] blk.5.ffn_down.weight                - [ 11008,   2048,      1,      1], type =    f16, converting to q6_K .. size =    43.00 MiB ->    17.64 MiB
[  95/ 963] blk.5.ffn_gate.bias                  - [ 11008,      1,      1,      1], type =    f32, size =    0.042 MiB
[  96/ 963] blk.5.ffn_gate.weight                - [  2048,  11008,      1,      1], type =    f16, converting to q4_K .. size =    43.00 MiB ->    12.09 MiB
[  97/ 963] blk.5.ffn_norm.weight                - [  2048,      1,      1,      1], type =    f32, size =    0.008 MiB
[  98/ 963] blk.5.ffn_up.bias                    - [ 11008,      1,      1,      1], type =    f32, size =    0.042 MiB
[  99/ 963] blk.5.ffn_up.weight                  - [  2048,  11008,      1,      1], type =    f16, converting to q4_K .. size =    43.00 MiB ->    12.09 MiB
[ 100/ 963] blk.6.attn_k.bias                    - [   256,      1,      1,      1], type =    f32, size =    0.001 MiB
[ 101/ 963] blk.6.attn_k.weight                  - [  2048,    256,      1,      1], type =    f16, converting to q4_K .. size =     1.00 MiB ->     0.28 MiB
[ 102/ 963] blk.6.attn_norm.weight               - [  2048,      1,      1,      1], type =    f32, size =    0.008 MiB
[ 103/ 963] blk.6.attn_output.bias               - [  2048,      1,      1,      1], type =    f32, size =    0.008 MiB
[ 104/ 963] blk.6.attn_output.weight             - [  2048,   2048,      1,      1], type =    f16, converting to q4_K .. size =     8.00 MiB ->     2.25 MiB
[ 105/ 963] blk.6.attn_q.bias                    - [  2048,      1,      1,      1], type =    f32, size =    0.008 MiB
[ 106/ 963] blk.6.attn_q.weight                  - [  2048,   2048,      1,      1], type =    f16, converting to q4_K .. size =     8.00 MiB ->     2.25 MiB
[ 107/ 963] blk.6.attn_v.bias                    - [   256,      1,      1,      1], type =    f32, size =    0.001 MiB
[ 108/ 963] blk.6.attn_v.weight                  - [  2048,    256,      1,      1], type =    f16, converting to q6_K .. size =     1.00 MiB ->     0.41 MiB
[ 109/ 963] blk.6.ffn_down.bias                  - [  2048,      1,      1,      1], type =    f32, size =    0.008 MiB
[ 110/ 963] blk.6.ffn_down.weight                - [ 11008,   2048,      1,      1], type =    f16, converting to q6_K .. size =    43.00 MiB ->    17.64 MiB
[ 111/ 963] blk.6.ffn_gate.bias                  - [ 11008,      1,      1,      1], type =    f32, size =    0.042 MiB
[ 112/ 963] blk.6.ffn_gate.weight                - [  2048,  11008,      1,      1], type =    f16, converting to q4_K .. size =    43.00 MiB ->    12.09 MiB
[ 113/ 963] blk.6.ffn_norm.weight                - [  2048,      1,      1,      1], type =    f32, size =    0.008 MiB
[ 114/ 963] blk.6.ffn_up.bias                    - [ 11008,      1,      1,      1], type =    f32, size =    0.042 MiB
[ 115/ 963] blk.6.ffn_up.weight                  - [  2048,  11008,      1,      1], type =    f16, converting to q4_K .. size =    43.00 MiB ->    12.09 MiB
[ 116/ 963] blk.7.attn_k.bias                    - [   256,      1,      1,      1], type =    f32, size =    0.001 MiB
[ 117/ 963] blk.7.attn_k.weight                  - [  2048,    256,      1,      1], type =    f16, converting to q4_K .. size =     1.00 MiB ->     0.28 MiB
[ 118/ 963] blk.7.attn_norm.weight               - [  2048,      1,      1,      1], type =    f32, size =    0.008 MiB
[ 119/ 963] blk.7.attn_output.bias               - [  2048,      1,      1,      1], type =    f32, size =    0.008 MiB
[ 120/ 963] blk.7.attn_output.weight             - [  2048,   2048,      1,      1], type =    f16, converting to q4_K .. size =     8.00 MiB ->     2.25 MiB
[ 121/ 963] blk.7.attn_q.bias                    - [  2048,      1,      1,      1], type =    f32, size =    0.008 MiB
[ 122/ 963] blk.7.attn_q.weight                  - [  2048,   2048,      1,      1], type =    f16, converting to q4_K .. size =     8.00 MiB ->     2.25 MiB
[ 123/ 963] blk.7.attn_v.bias                    - [   256,      1,      1,      1], type =    f32, size =    0.001 MiB
[ 124/ 963] blk.7.attn_v.weight                  - [  2048,    256,      1,      1], type =    f16, converting to q4_K .. size =     1.00 MiB ->     0.28 MiB
[ 125/ 963] blk.7.ffn_down.bias                  - [  2048,      1,      1,      1], type =    f32, size =    0.008 MiB
[ 126/ 963] blk.7.ffn_down.weight                - [ 11008,   2048,      1,      1], type =    f16, converting to q4_K .. size =    43.00 MiB ->    12.09 MiB
[ 127/ 963] blk.7.ffn_gate.bias                  - [ 11008,      1,      1,      1], type =    f32, size =    0.042 MiB
[ 128/ 963] blk.7.ffn_gate.weight                - [  2048,  11008,      1,      1], type =    f16, converting to q4_K .. size =    43.00 MiB ->    12.09 MiB
[ 129/ 963] blk.7.ffn_norm.weight                - [  2048,      1,      1,      1], type =    f32, size =    0.008 MiB
[ 130/ 963] blk.7.ffn_up.bias                    - [ 11008,      1,      1,      1], type =    f32, size =    0.042 MiB
[ 131/ 963] blk.7.ffn_up.weight                  - [  2048,  11008,      1,      1], type =    f16, converting to q4_K .. size =    43.00 MiB ->    12.09 MiB
[ 132/ 963] blk.8.attn_k.bias                    - [   256,      1,      1,      1], type =    f32, size =    0.001 MiB
[ 133/ 963] blk.8.attn_k.weight                  - [  2048,    256,      1,      1], type =    f16, converting to q4_K .. size =     1.00 MiB ->     0.28 MiB
[ 134/ 963] blk.8.attn_norm.weight               - [  2048,      1,      1,      1], type =    f32, size =    0.008 MiB
[ 135/ 963] blk.8.attn_output.bias               - [  2048,      1,      1,      1], type =    f32, size =    0.008 MiB
[ 136/ 963] blk.8.attn_output.weight             - [  2048,   2048,      1,      1], type =    f16, converting to q4_K .. size =     8.00 MiB ->     2.25 MiB
[ 137/ 963] blk.8.attn_q.bias                    - [  2048,      1,      1,      1], type =    f32, size =    0.008 MiB
[ 138/ 963] blk.8.attn_q.weight                  - [  2048,   2048,      1,      1], type =    f16, converting to q4_K .. size =     8.00 MiB ->     2.25 MiB
[ 139/ 963] blk.8.attn_v.bias                    - [   256,      1,      1,      1], type =    f32, size =    0.001 MiB
[ 140/ 963] blk.8.attn_v.weight                  - [  2048,    256,      1,      1], type =    f16, converting to q4_K .. size =     1.00 MiB ->     0.28 MiB
[ 141/ 963] blk.8.ffn_down.bias                  - [  2048,      1,      1,      1], type =    f32, size =    0.008 MiB
[ 142/ 963] blk.8.ffn_down.weight                - [ 11008,   2048,      1,      1], type =    f16, converting to q4_K .. size =    43.00 MiB ->    12.09 MiB
[ 143/ 963] blk.8.ffn_gate.bias                  - [ 11008,      1,      1,      1], type =    f32, size =    0.042 MiB
[ 144/ 963] blk.8.ffn_gate.weight                - [  2048,  11008,      1,      1], type =    f16, converting to q4_K .. size =    43.00 MiB ->    12.09 MiB
[ 145/ 963] blk.8.ffn_norm.weight                - [  2048,      1,      1,      1], type =    f32, size =    0.008 MiB
[ 146/ 963] blk.8.ffn_up.bias                    - [ 11008,      1,      1,      1], type =    f32, size =    0.042 MiB
[ 147/ 963] blk.8.ffn_up.weight                  - [  2048,  11008,      1,      1], type =    f16, converting to q4_K .. size =    43.00 MiB ->    12.09 MiB
[ 148/ 963] blk.9.attn_k.bias                    - [   256,      1,      1,      1], type =    f32, size =    0.001 MiB
[ 149/ 963] blk.9.attn_k.weight                  - [  2048,    256,      1,      1], type =    f16, converting to q4_K .. size =     1.00 MiB ->     0.28 MiB
[ 150/ 963] blk.9.attn_norm.weight               - [  2048,      1,      1,      1], type =    f32, size =    0.008 MiB
[ 151/ 963] blk.9.attn_output.bias               - [  2048,      1,      1,      1], type =    f32, size =    0.008 MiB
[ 152/ 963] blk.9.attn_output.weight             - [  2048,   2048,      1,      1], type =    f16, converting to q4_K .. size =     8.00 MiB ->     2.25 MiB
[ 153/ 963] blk.9.attn_q.bias                    - [  2048,      1,      1,      1], type =    f32, size =    0.008 MiB
[ 154/ 963] blk.9.attn_q.weight                  - [  2048,   2048,      1,      1], type =    f16, converting to q4_K .. size =     8.00 MiB ->     2.25 MiB
[ 155/ 963] blk.9.attn_v.bias                    - [   256,      1,      1,      1], type =    f32, size =    0.001 MiB
[ 156/ 963] blk.9.attn_v.weight                  - [  2048,    256,      1,      1], type =    f16, converting to q6_K .. size =     1.00 MiB ->     0.41 MiB
[ 157/ 963] blk.9.ffn_down.bias                  - [  2048,      1,      1,      1], type =    f32, size =    0.008 MiB
[ 158/ 963] blk.9.ffn_down.weight                - [ 11008,   2048,      1,      1], type =    f16, converting to q6_K .. size =    43.00 MiB ->    17.64 MiB
[ 159/ 963] blk.9.ffn_gate.bias                  - [ 11008,      1,      1,      1], type =    f32, size =    0.042 MiB
[ 160/ 963] blk.9.ffn_gate.weight                - [  2048,  11008,      1,      1], type =    f16, converting to q4_K .. size =    43.00 MiB ->    12.09 MiB
[ 161/ 963] blk.9.ffn_norm.weight                - [  2048,      1,      1,      1], type =    f32, size =    0.008 MiB
[ 162/ 963] blk.9.ffn_up.bias                    - [ 11008,      1,      1,      1], type =    f32, size =    0.042 MiB
[ 163/ 963] blk.9.ffn_up.weight                  - [  2048,  11008,      1,      1], type =    f16, converting to q4_K .. size =    43.00 MiB ->    12.09 MiB
[ 164/ 963] blk.10.attn_k.bias                   - [   256,      1,      1,      1], type =    f32, size =    0.001 MiB
[ 165/ 963] blk.10.attn_k.weight                 - [  2048,    256,      1,      1], type =    f16, converting to q4_K .. size =     1.00 MiB ->     0.28 MiB
[ 166/ 963] blk.10.attn_norm.weight              - [  2048,      1,      1,      1], type =    f32, size =    0.008 MiB
[ 167/ 963] blk.10.attn_output.bias              - [  2048,      1,      1,      1], type =    f32, size =    0.008 MiB
[ 168/ 963] blk.10.attn_output.weight            - [  2048,   2048,      1,      1], type =    f16, converting to q4_K .. size =     8.00 MiB ->     2.25 MiB
[ 169/ 963] blk.10.attn_q.bias                   - [  2048,      1,      1,      1], type =    f32, size =    0.008 MiB
[ 170/ 963] blk.10.attn_q.weight                 - [  2048,   2048,      1,      1], type =    f16, converting to q4_K .. size =     8.00 MiB ->     2.25 MiB
[ 171/ 963] blk.10.attn_v.bias                   - [   256,      1,      1,      1], type =    f32, size =    0.001 MiB
[ 172/ 963] blk.10.attn_v.weight                 - [  2048,    256,      1,      1], type =    f16, converting to q4_K .. size =     1.00 MiB ->     0.28 MiB
[ 173/ 963] blk.10.ffn_down.bias                 - [  2048,      1,      1,      1], type =    f32, size =    0.008 MiB
[ 174/ 963] blk.10.ffn_down.weight               - [ 11008,   2048,      1,      1], type =    f16, converting to q4_K .. size =    43.00 MiB ->    12.09 MiB
[ 175/ 963] blk.10.ffn_gate.bias                 - [ 11008,      1,      1,      1], type =    f32, size =    0.042 MiB
[ 176/ 963] blk.10.ffn_gate.weight               - [  2048,  11008,      1,      1], type =    f16, converting to q4_K .. size =    43.00 MiB ->    12.09 MiB
[ 177/ 963] blk.10.ffn_norm.weight               - [  2048,      1,      1,      1], type =    f32, size =    0.008 MiB
[ 178/ 963] blk.10.ffn_up.bias                   - [ 11008,      1,      1,      1], type =    f32, size =    0.042 MiB
[ 179/ 963] blk.10.ffn_up.weight                 - [  2048,  11008,      1,      1], type =    f16, converting to q4_K .. size =    43.00 MiB ->    12.09 MiB
[ 180/ 963] blk.11.attn_k.bias                   - [   256,      1,      1,      1], type =    f32, size =    0.001 MiB
[ 181/ 963] blk.11.attn_k.weight                 - [  2048,    256,      1,      1], type =    f16, converting to q4_K .. size =     1.00 MiB ->     0.28 MiB
[ 182/ 963] blk.11.attn_norm.weight              - [  2048,      1,      1,      1], type =    f32, size =    0.008 MiB
[ 183/ 963] blk.11.attn_output.bias              - [  2048,      1,      1,      1], type =    f32, size =    0.008 MiB
[ 184/ 963] blk.11.attn_output.weight            - [  2048,   2048,      1,      1], type =    f16, converting to q4_K .. size =     8.00 MiB ->     2.25 MiB
[ 185/ 963] blk.11.attn_q.bias                   - [  2048,      1,      1,      1], type =    f32, size =    0.008 MiB
[ 186/ 963] blk.11.attn_q.weight                 - [  2048,   2048,      1,      1], type =    f16, converting to q4_K .. size =     8.00 MiB ->     2.25 MiB
[ 187/ 963] blk.11.attn_v.bias                   - [   256,      1,      1,      1], type =    f32, size =    0.001 MiB
[ 188/ 963] blk.11.attn_v.weight                 - [  2048,    256,      1,      1], type =    f16, converting to q4_K .. size =     1.00 MiB ->     0.28 MiB
[ 189/ 963] blk.11.ffn_down.bias                 - [  2048,      1,      1,      1], type =    f32, size =    0.008 MiB
[ 190/ 963] blk.11.ffn_down.weight               - [ 11008,   2048,      1,      1], type =    f16, converting to q4_K .. size =    43.00 MiB ->    12.09 MiB
[ 191/ 963] blk.11.ffn_gate.bias                 - [ 11008,      1,      1,      1], type =    f32, size =    0.042 MiB
[ 192/ 963] blk.11.ffn_gate.weight               - [  2048,  11008,      1,      1], type =    f16, converting to q4_K .. size =    43.00 MiB ->    12.09 MiB
[ 193/ 963] blk.11.ffn_norm.weight               - [  2048,      1,      1,      1], type =    f32, size =    0.008 MiB
[ 194/ 963] blk.11.ffn_up.bias                   - [ 11008,      1,      1,      1], type =    f32, size =    0.042 MiB
[ 195/ 963] blk.11.ffn_up.weight                 - [  2048,  11008,      1,      1], type =    f16, converting to q4_K .. size =    43.00 MiB ->    12.09 MiB
[ 196/ 963] blk.12.attn_k.bias                   - [   256,      1,      1,      1], type =    f32, size =    0.001 MiB
[ 197/ 963] blk.12.attn_k.weight                 - [  2048,    256,      1,      1], type =    f16, converting to q4_K .. size =     1.00 MiB ->     0.28 MiB
[ 198/ 963] blk.12.attn_norm.weight              - [  2048,      1,      1,      1], type =    f32, size =    0.008 MiB
[ 199/ 963] blk.12.attn_output.bias              - [  2048,      1,      1,      1], type =    f32, size =    0.008 MiB
[ 200/ 963] blk.12.attn_output.weight            - [  2048,   2048,      1,      1], type =    f16, converting to q4_K .. size =     8.00 MiB ->     2.25 MiB
[ 201/ 963] blk.12.attn_q.bias                   - [  2048,      1,      1,      1], type =    f32, size =    0.008 MiB
[ 202/ 963] blk.12.attn_q.weight                 - [  2048,   2048,      1,      1], type =    f16, converting to q4_K .. size =     8.00 MiB ->     2.25 MiB
[ 203/ 963] blk.12.attn_v.bias                   - [   256,      1,      1,      1], type =    f32, size =    0.001 MiB
[ 204/ 963] blk.12.attn_v.weight                 - [  2048,    256,      1,      1], type =    f16, converting to q6_K .. size =     1.00 MiB ->     0.41 MiB
[ 205/ 963] blk.12.ffn_down.bias                 - [  2048,      1,      1,      1], type =    f32, size =    0.008 MiB
[ 206/ 963] blk.12.ffn_down.weight               - [ 11008,   2048,      1,      1], type =    f16, converting to q6_K .. size =    43.00 MiB ->    17.64 MiB
[ 207/ 963] blk.12.ffn_gate.bias                 - [ 11008,      1,      1,      1], type =    f32, size =    0.042 MiB
[ 208/ 963] blk.12.ffn_gate.weight               - [  2048,  11008,      1,      1], type =    f16, converting to q4_K .. size =    43.00 MiB ->    12.09 MiB
[ 209/ 963] blk.12.ffn_norm.weight               - [  2048,      1,      1,      1], type =    f32, size =    0.008 MiB
[ 210/ 963] blk.12.ffn_up.bias                   - [ 11008,      1,      1,      1], type =    f32, size =    0.042 MiB
[ 211/ 963] blk.12.ffn_up.weight                 - [  2048,  11008,      1,      1], type =    f16, converting to q4_K .. size =    43.00 MiB ->    12.09 MiB
[ 212/ 963] blk.13.attn_k.bias                   - [   256,      1,      1,      1], type =    f32, size =    0.001 MiB
[ 213/ 963] blk.13.attn_k.weight                 - [  2048,    256,      1,      1], type =    f16, converting to q4_K .. size =     1.00 MiB ->     0.28 MiB
[ 214/ 963] blk.13.attn_norm.weight              - [  2048,      1,      1,      1], type =    f32, size =    0.008 MiB
[ 215/ 963] blk.13.attn_output.bias              - [  2048,      1,      1,      1], type =    f32, size =    0.008 MiB
[ 216/ 963] blk.13.attn_output.weight            - [  2048,   2048,      1,      1], type =    f16, converting to q4_K .. size =     8.00 MiB ->     2.25 MiB
[ 217/ 963] blk.13.attn_q.bias                   - [  2048,      1,      1,      1], type =    f32, size =    0.008 MiB
[ 218/ 963] blk.13.attn_q.weight                 - [  2048,   2048,      1,      1], type =    f16, converting to q4_K .. size =     8.00 MiB ->     2.25 MiB
[ 219/ 963] blk.13.attn_v.bias                   - [   256,      1,      1,      1], type =    f32, size =    0.001 MiB
[ 220/ 963] blk.13.attn_v.weight                 - [  2048,    256,      1,      1], type =    f16, converting to q4_K .. size =     1.00 MiB ->     0.28 MiB
[ 221/ 963] blk.13.ffn_down.bias                 - [  2048,      1,      1,      1], type =    f32, size =    0.008 MiB
[ 222/ 963] blk.13.ffn_down.weight               - [ 11008,   2048,      1,      1], type =    f16, converting to q4_K .. size =    43.00 MiB ->    12.09 MiB
[ 223/ 963] blk.13.ffn_gate.bias                 - [ 11008,      1,      1,      1], type =    f32, size =    0.042 MiB
[ 224/ 963] blk.13.ffn_gate.weight               - [  2048,  11008,      1,      1], type =    f16, converting to q4_K .. size =    43.00 MiB ->    12.09 MiB
[ 225/ 963] blk.13.ffn_norm.weight               - [  2048,      1,      1,      1], type =    f32, size =    0.008 MiB
[ 226/ 963] blk.13.ffn_up.bias                   - [ 11008,      1,      1,      1], type =    f32, size =    0.042 MiB
[ 227/ 963] blk.13.ffn_up.weight                 - [  2048,  11008,      1,      1], type =    f16, converting to q4_K .. size =    43.00 MiB ->    12.09 MiB
[ 228/ 963] blk.14.attn_k.bias                   - [   256,      1,      1,      1], type =    f32, size =    0.001 MiB
[ 229/ 963] blk.14.attn_k.weight                 - [  2048,    256,      1,      1], type =    f16, converting to q4_K .. size =     1.00 MiB ->     0.28 MiB
[ 230/ 963] blk.14.attn_norm.weight              - [  2048,      1,      1,      1], type =    f32, size =    0.008 MiB
[ 231/ 963] blk.14.attn_output.bias              - [  2048,      1,      1,      1], type =    f32, size =    0.008 MiB
[ 232/ 963] blk.14.attn_output.weight            - [  2048,   2048,      1,      1], type =    f16, converting to q4_K .. size =     8.00 MiB ->     2.25 MiB
[ 233/ 963] blk.14.attn_q.bias                   - [  2048,      1,      1,      1], type =    f32, size =    0.008 MiB
[ 234/ 963] blk.14.attn_q.weight                 - [  2048,   2048,      1,      1], type =    f16, converting to q4_K .. size =     8.00 MiB ->     2.25 MiB
[ 235/ 963] blk.14.attn_v.bias                   - [   256,      1,      1,      1], type =    f32, size =    0.001 MiB
[ 236/ 963] blk.14.attn_v.weight                 - [  2048,    256,      1,      1], type =    f16, converting to q4_K .. size =     1.00 MiB ->     0.28 MiB
[ 237/ 963] blk.14.ffn_down.bias                 - [  2048,      1,      1,      1], type =    f32, size =    0.008 MiB
[ 238/ 963] blk.14.ffn_down.weight               - [ 11008,   2048,      1,      1], type =    f16, converting to q4_K .. size =    43.00 MiB ->    12.09 MiB
[ 239/ 963] blk.14.ffn_gate.bias                 - [ 11008,      1,      1,      1], type =    f32, size =    0.042 MiB
[ 240/ 963] blk.14.ffn_gate.weight               - [  2048,  11008,      1,      1], type =    f16, converting to q4_K .. size =    43.00 MiB ->    12.09 MiB
[ 241/ 963] blk.14.ffn_norm.weight               - [  2048,      1,      1,      1], type =    f32, size =    0.008 MiB
[ 242/ 963] blk.14.ffn_up.bias                   - [ 11008,      1,      1,      1], type =    f32, size =    0.042 MiB
[ 243/ 963] blk.14.ffn_up.weight                 - [  2048,  11008,      1,      1], type =    f16, converting to q4_K .. size =    43.00 MiB ->    12.09 MiB
[ 244/ 963] blk.15.attn_k.bias                   - [   256,      1,      1,      1], type =    f32, size =    0.001 MiB
[ 245/ 963] blk.15.attn_k.weight                 - [  2048,    256,      1,      1], type =    f16, converting to q4_K .. size =     1.00 MiB ->     0.28 MiB
[ 246/ 963] blk.15.attn_norm.weight              - [  2048,      1,      1,      1], type =    f32, size =    0.008 MiB
[ 247/ 963] blk.15.attn_output.bias              - [  2048,      1,      1,      1], type =    f32, size =    0.008 MiB
[ 248/ 963] blk.15.attn_output.weight            - [  2048,   2048,      1,      1], type =    f16, converting to q4_K .. size =     8.00 MiB ->     2.25 MiB
[ 249/ 963] blk.15.attn_q.bias                   - [  2048,      1,      1,      1], type =    f32, size =    0.008 MiB
[ 250/ 963] blk.15.attn_q.weight                 - [  2048,   2048,      1,      1], type =    f16, converting to q4_K .. size =     8.00 MiB ->     2.25 MiB
[ 251/ 963] blk.15.attn_v.bias                   - [   256,      1,      1,      1], type =    f32, size =    0.001 MiB
[ 252/ 963] blk.15.attn_v.weight                 - [  2048,    256,      1,      1], type =    f16, converting to q6_K .. size =     1.00 MiB ->     0.41 MiB
[ 253/ 963] blk.15.ffn_down.bias                 - [  2048,      1,      1,      1], type =    f32, size =    0.008 MiB
[ 254/ 963] blk.15.ffn_down.weight               - [ 11008,   2048,      1,      1], type =    f16, converting to q6_K .. size =    43.00 MiB ->    17.64 MiB
[ 255/ 963] blk.15.ffn_gate.bias                 - [ 11008,      1,      1,      1], type =    f32, size =    0.042 MiB
[ 256/ 963] blk.15.ffn_gate.weight               - [  2048,  11008,      1,      1], type =    f16, converting to q4_K .. size =    43.00 MiB ->    12.09 MiB
[ 257/ 963] blk.15.ffn_norm.weight               - [  2048,      1,      1,      1], type =    f32, size =    0.008 MiB
[ 258/ 963] blk.15.ffn_up.bias                   - [ 11008,      1,      1,      1], type =    f32, size =    0.042 MiB
[ 259/ 963] blk.15.ffn_up.weight                 - [  2048,  11008,      1,      1], type =    f16, converting to q4_K .. size =    43.00 MiB ->    12.09 MiB
[ 260/ 963] blk.16.attn_k.bias                   - [   256,      1,      1,      1], type =    f32, size =    0.001 MiB
[ 261/ 963] blk.16.attn_k.weight                 - [  2048,    256,      1,      1], type =    f16, converting to q4_K .. size =     1.00 MiB ->     0.28 MiB
[ 262/ 963] blk.16.attn_norm.weight              - [  2048,      1,      1,      1], type =    f32, size =    0.008 MiB
[ 263/ 963] blk.16.attn_output.bias              - [  2048,      1,      1,      1], type =    f32, size =    0.008 MiB
[ 264/ 963] blk.16.attn_output.weight            - [  2048,   2048,      1,      1], type =    f16, converting to q4_K .. size =     8.00 MiB ->     2.25 MiB
[ 265/ 963] blk.16.attn_q.bias                   - [  2048,      1,      1,      1], type =    f32, size =    0.008 MiB
[ 266/ 963] blk.16.attn_q.weight                 - [  2048,   2048,      1,      1], type =    f16, converting to q4_K .. size =     8.00 MiB ->     2.25 MiB
[ 267/ 963] blk.16.attn_v.bias                   - [   256,      1,      1,      1], type =    f32, size =    0.001 MiB
[ 268/ 963] blk.16.attn_v.weight                 - [  2048,    256,      1,      1], type =    f16, converting to q4_K .. size =     1.00 MiB ->     0.28 MiB
[ 269/ 963] blk.16.ffn_down.bias                 - [  2048,      1,      1,      1], type =    f32, size =    0.008 MiB
[ 270/ 963] blk.16.ffn_down.weight               - [ 11008,   2048,      1,      1], type =    f16, converting to q4_K .. size =    43.00 MiB ->    12.09 MiB
[ 271/ 963] blk.16.ffn_gate.bias                 - [ 11008,      1,      1,      1], type =    f32, size =    0.042 MiB
[ 272/ 963] blk.16.ffn_gate.weight               - [  2048,  11008,      1,      1], type =    f16, converting to q4_K .. size =    43.00 MiB ->    12.09 MiB
[ 273/ 963] blk.16.ffn_norm.weight               - [  2048,      1,      1,      1], type =    f32, size =    0.008 MiB
[ 274/ 963] blk.16.ffn_up.bias                   - [ 11008,      1,      1,      1], type =    f32, size =    0.042 MiB
[ 275/ 963] blk.16.ffn_up.weight                 - [  2048,  11008,      1,      1], type =    f16, converting to q4_K .. size =    43.00 MiB ->    12.09 MiB
[ 276/ 963] blk.17.attn_k.bias                   - [   256,      1,      1,      1], type =    f32, size =    0.001 MiB
[ 277/ 963] blk.17.attn_k.weight                 - [  2048,    256,      1,      1], type =    f16, converting to q4_K .. size =     1.00 MiB ->     0.28 MiB
[ 278/ 963] blk.17.attn_norm.weight              - [  2048,      1,      1,      1], type =    f32, size =    0.008 MiB
[ 279/ 963] blk.17.attn_output.bias              - [  2048,      1,      1,      1], type =    f32, size =    0.008 MiB
[ 280/ 963] blk.17.attn_output.weight            - [  2048,   2048,      1,      1], type =    f16, converting to q4_K .. size =     8.00 MiB ->     2.25 MiB
[ 281/ 963] blk.17.attn_q.bias                   - [  2048,      1,      1,      1], type =    f32, size =    0.008 MiB
[ 282/ 963] blk.17.attn_q.weight                 - [  2048,   2048,      1,      1], type =    f16, converting to q4_K .. size =     8.00 MiB ->     2.25 MiB
[ 283/ 963] blk.17.attn_v.bias                   - [   256,      1,      1,      1], type =    f32, size =    0.001 MiB
[ 284/ 963] blk.17.attn_v.weight                 - [  2048,    256,      1,      1], type =    f16, converting to q4_K .. size =     1.00 MiB ->     0.28 MiB
[ 285/ 963] blk.17.ffn_down.bias                 - [  2048,      1,      1,      1], type =    f32, size =    0.008 MiB
[ 286/ 963] blk.17.ffn_down.weight               - [ 11008,   2048,      1,      1], type =    f16, converting to q4_K .. size =    43.00 MiB ->    12.09 MiB
[ 287/ 963] blk.17.ffn_gate.bias                 - [ 11008,      1,      1,      1], type =    f32, size =    0.042 MiB
[ 288/ 963] blk.17.ffn_gate.weight               - [  2048,  11008,      1,      1], type =    f16, converting to q4_K .. size =    43.00 MiB ->    12.09 MiB
[ 289/ 963] blk.17.ffn_norm.weight               - [  2048,      1,      1,      1], type =    f32, size =    0.008 MiB
[ 290/ 963] blk.17.ffn_up.bias                   - [ 11008,      1,      1,      1], type =    f32, size =    0.042 MiB
[ 291/ 963] blk.17.ffn_up.weight                 - [  2048,  11008,      1,      1], type =    f16, converting to q4_K .. size =    43.00 MiB ->    12.09 MiB
[ 292/ 963] blk.18.attn_k.bias                   - [   256,      1,      1,      1], type =    f32, size =    0.001 MiB
[ 293/ 963] blk.18.attn_k.weight                 - [  2048,    256,      1,      1], type =    f16, converting to q4_K .. size =     1.00 MiB ->     0.28 MiB
[ 294/ 963] blk.18.attn_norm.weight              - [  2048,      1,      1,      1], type =    f32, size =    0.008 MiB
[ 295/ 963] blk.18.attn_output.bias              - [  2048,      1,      1,      1], type =    f32, size =    0.008 MiB
[ 296/ 963] blk.18.attn_output.weight            - [  2048,   2048,      1,      1], type =    f16, converting to q4_K .. size =     8.00 MiB ->     2.25 MiB
[ 297/ 963] blk.18.attn_q.bias                   - [  2048,      1,      1,      1], type =    f32, size =    0.008 MiB
[ 298/ 963] blk.18.attn_q.weight                 - [  2048,   2048,      1,      1], type =    f16, converting to q4_K .. size =     8.00 MiB ->     2.25 MiB
[ 299/ 963] blk.18.attn_v.bias                   - [   256,      1,      1,      1], type =    f32, size =    0.001 MiB
[ 300/ 963] blk.18.attn_v.weight                 - [  2048,    256,      1,      1], type =    f16, converting to q6_K .. size =     1.00 MiB ->     0.41 MiB
[ 301/ 963] blk.18.ffn_down.bias                 - [  2048,      1,      1,      1], type =    f32, size =    0.008 MiB
[ 302/ 963] blk.18.ffn_down.weight               - [ 11008,   2048,      1,      1], type =    f16, converting to q6_K .. size =    43.00 MiB ->    17.64 MiB
[ 303/ 963] blk.18.ffn_gate.bias                 - [ 11008,      1,      1,      1], type =    f32, size =    0.042 MiB
[ 304/ 963] blk.18.ffn_gate.weight               - [  2048,  11008,      1,      1], type =    f16, converting to q4_K .. size =    43.00 MiB ->    12.09 MiB
[ 305/ 963] blk.18.ffn_norm.weight               - [  2048,      1,      1,      1], type =    f32, size =    0.008 MiB
[ 306/ 963] blk.18.ffn_up.bias                   - [ 11008,      1,      1,      1], type =    f32, size =    0.042 MiB
[ 307/ 963] blk.18.ffn_up.weight                 - [  2048,  11008,      1,      1], type =    f16, converting to q4_K .. size =    43.00 MiB ->    12.09 MiB
[ 308/ 963] blk.19.attn_k.bias                   - [   256,      1,      1,      1], type =    f32, size =    0.001 MiB
[ 309/ 963] blk.19.attn_k.weight                 - [  2048,    256,      1,      1], type =    f16, converting to q4_K .. size =     1.00 MiB ->     0.28 MiB
[ 310/ 963] blk.19.attn_norm.weight              - [  2048,      1,      1,      1], type =    f32, size =    0.008 MiB
[ 311/ 963] blk.19.attn_output.bias              - [  2048,      1,      1,      1], type =    f32, size =    0.008 MiB
[ 312/ 963] blk.19.attn_output.weight            - [  2048,   2048,      1,      1], type =    f16, converting to q4_K .. size =     8.00 MiB ->     2.25 MiB
[ 313/ 963] blk.19.attn_q.bias                   - [  2048,      1,      1,      1], type =    f32, size =    0.008 MiB
[ 314/ 963] blk.19.attn_q.weight                 - [  2048,   2048,      1,      1], type =    f16, converting to q4_K .. size =     8.00 MiB ->     2.25 MiB
[ 315/ 963] blk.19.attn_v.bias                   - [   256,      1,      1,      1], type =    f32, size =    0.001 MiB
[ 316/ 963] blk.19.attn_v.weight                 - [  2048,    256,      1,      1], type =    f16, converting to q4_K .. size =     1.00 MiB ->     0.28 MiB
[ 317/ 963] blk.19.ffn_down.bias                 - [  2048,      1,      1,      1], type =    f32, size =    0.008 MiB
[ 318/ 963] blk.19.ffn_down.weight               - [ 11008,   2048,      1,      1], type =    f16, converting to q4_K .. size =    43.00 MiB ->    12.09 MiB
[ 319/ 963] blk.19.ffn_gate.bias                 - [ 11008,      1,      1,      1], type =    f32, size =    0.042 MiB
[ 320/ 963] blk.19.ffn_gate.weight               - [  2048,  11008,      1,      1], type =    f16, converting to q4_K .. size =    43.00 MiB ->    12.09 MiB
[ 321/ 963] blk.19.ffn_norm.weight               - [  2048,      1,      1,      1], type =    f32, size =    0.008 MiB
[ 322/ 963] blk.19.ffn_up.bias                   - [ 11008,      1,      1,      1], type =    f32, size =    0.042 MiB
[ 323/ 963] blk.19.ffn_up.weight                 - [  2048,  11008,      1,      1], type =    f16, converting to q4_K .. size =    43.00 MiB ->    12.09 MiB
[ 324/ 963] blk.20.attn_k.bias                   - [   256,      1,      1,      1], type =    f32, size =    0.001 MiB
[ 325/ 963] blk.20.attn_k.weight                 - [  2048,    256,      1,      1], type =    f16, converting to q4_K .. size =     1.00 MiB ->     0.28 MiB
[ 326/ 963] blk.20.attn_norm.weight              - [  2048,      1,      1,      1], type =    f32, size =    0.008 MiB
[ 327/ 963] blk.20.attn_output.bias              - [  2048,      1,      1,      1], type =    f32, size =    0.008 MiB
[ 328/ 963] blk.20.attn_output.weight            - [  2048,   2048,      1,      1], type =    f16, converting to q4_K .. size =     8.00 MiB ->     2.25 MiB
[ 329/ 963] blk.20.attn_q.bias                   - [  2048,      1,      1,      1], type =    f32, size =    0.008 MiB
[ 330/ 963] blk.20.attn_q.weight                 - [  2048,   2048,      1,      1], type =    f16, converting to q4_K .. size =     8.00 MiB ->     2.25 MiB
[ 331/ 963] blk.20.attn_v.bias                   - [   256,      1,      1,      1], type =    f32, size =    0.001 MiB
[ 332/ 963] blk.20.attn_v.weight                 - [  2048,    256,      1,      1], type =    f16, converting to q4_K .. size =     1.00 MiB ->     0.28 MiB
[ 333/ 963] blk.20.ffn_down.bias                 - [  2048,      1,      1,      1], type =    f32, size =    0.008 MiB
[ 334/ 963] blk.20.ffn_down.weight               - [ 11008,   2048,      1,      1], type =    f16, converting to q4_K .. size =    43.00 MiB ->    12.09 MiB
[ 335/ 963] blk.20.ffn_gate.bias                 - [ 11008,      1,      1,      1], type =    f32, size =    0.042 MiB
[ 336/ 963] blk.20.ffn_gate.weight               - [  2048,  11008,      1,      1], type =    f16, converting to q4_K .. size =    43.00 MiB ->    12.09 MiB
[ 337/ 963] blk.20.ffn_norm.weight               - [  2048,      1,      1,      1], type =    f32, size =    0.008 MiB
[ 338/ 963] blk.20.ffn_up.bias                   - [ 11008,      1,      1,      1], type =    f32, size =    0.042 MiB
[ 339/ 963] blk.20.ffn_up.weight                 - [  2048,  11008,      1,      1], type =    f16, converting to q4_K .. size =    43.00 MiB ->    12.09 MiB
[ 340/ 963] blk.21.attn_k.bias                   - [   256,      1,      1,      1], type =    f32, size =    0.001 MiB
[ 341/ 963] blk.21.attn_k.weight                 - [  2048,    256,      1,      1], type =    f16, converting to q4_K .. size =     1.00 MiB ->     0.28 MiB
[ 342/ 963] blk.21.attn_norm.weight              - [  2048,      1,      1,      1], type =    f32, size =    0.008 MiB
[ 343/ 963] blk.21.attn_output.bias              - [  2048,      1,      1,      1], type =    f32, size =    0.008 MiB
[ 344/ 963] blk.21.attn_output.weight            - [  2048,   2048,      1,      1], type =    f16, converting to q4_K .. size =     8.00 MiB ->     2.25 MiB
[ 345/ 963] blk.21.attn_q.bias                   - [  2048,      1,      1,      1], type =    f32, size =    0.008 MiB
[ 346/ 963] blk.21.attn_q.weight                 - [  2048,   2048,      1,      1], type =    f16, converting to q4_K .. size =     8.00 MiB ->     2.25 MiB
[ 347/ 963] blk.21.attn_v.bias                   - [   256,      1,      1,      1], type =    f32, size =    0.001 MiB
[ 348/ 963] blk.21.attn_v.weight                 - [  2048,    256,      1,      1], type =    f16, converting to q6_K .. size =     1.00 MiB ->     0.41 MiB
[ 349/ 963] blk.21.ffn_down.bias                 - [  2048,      1,      1,      1], type =    f32, size =    0.008 MiB
[ 350/ 963] blk.21.ffn_down.weight               - [ 11008,   2048,      1,      1], type =    f16, converting to q6_K .. size =    43.00 MiB ->    17.64 MiB
[ 351/ 963] blk.21.ffn_gate.bias                 - [ 11008,      1,      1,      1], type =    f32, size =    0.042 MiB
[ 352/ 963] blk.21.ffn_gate.weight               - [  2048,  11008,      1,      1], type =    f16, converting to q4_K .. size =    43.00 MiB ->    12.09 MiB
[ 353/ 963] blk.21.ffn_norm.weight               - [  2048,      1,      1,      1], type =    f32, size =    0.008 MiB
[ 354/ 963] blk.21.ffn_up.bias                   - [ 11008,      1,      1,      1], type =    f32, size =    0.042 MiB
[ 355/ 963] blk.21.ffn_up.weight                 - [  2048,  11008,      1,      1], type =    f16, converting to q4_K .. size =    43.00 MiB ->    12.09 MiB
[ 356/ 963] blk.22.attn_k.bias                   - [   256,      1,      1,      1], type =    f32, size =    0.001 MiB
[ 357/ 963] blk.22.attn_k.weight                 - [  2048,    256,      1,      1], type =    f16, converting to q4_K .. size =     1.00 MiB ->     0.28 MiB
[ 358/ 963] blk.22.attn_norm.weight              - [  2048,      1,      1,      1], type =    f32, size =    0.008 MiB
[ 359/ 963] blk.22.attn_output.bias              - [  2048,      1,      1,      1], type =    f32, size =    0.008 MiB
[ 360/ 963] blk.22.attn_output.weight            - [  2048,   2048,      1,      1], type =    f16, converting to q4_K .. size =     8.00 MiB ->     2.25 MiB
[ 361/ 963] blk.22.attn_q.bias                   - [  2048,      1,      1,      1], type =    f32, size =    0.008 MiB
[ 362/ 963] blk.22.attn_q.weight                 - [  2048,   2048,      1,      1], type =    f16, converting to q4_K .. size =     8.00 MiB ->     2.25 MiB
[ 363/ 963] blk.22.attn_v.bias                   - [   256,      1,      1,      1], type =    f32, size =    0.001 MiB
[ 364/ 963] blk.22.attn_v.weight                 - [  2048,    256,      1,      1], type =    f16, converting to q4_K .. size =     1.00 MiB ->     0.28 MiB
[ 365/ 963] blk.22.ffn_down.bias                 - [  2048,      1,      1,      1], type =    f32, size =    0.008 MiB
[ 366/ 963] blk.22.ffn_down.weight               - [ 11008,   2048,      1,      1], type =    f16, converting to q4_K .. size =    43.00 MiB ->    12.09 MiB
[ 367/ 963] blk.22.ffn_gate.bias                 - [ 11008,      1,      1,      1], type =    f32, size =    0.042 MiB
[ 368/ 963] blk.22.ffn_gate.weight               - [  2048,  11008,      1,      1], type =    f16, converting to q4_K .. size =    43.00 MiB ->    12.09 MiB
[ 369/ 963] blk.22.ffn_norm.weight               - [  2048,      1,      1,      1], type =    f32, size =    0.008 MiB
[ 370/ 963] blk.22.ffn_up.bias                   - [ 11008,      1,      1,      1], type =    f32, size =    0.042 MiB
[ 371/ 963] blk.22.ffn_up.weight                 - [  2048,  11008,      1,      1], type =    f16, converting to q4_K .. size =    43.00 MiB ->    12.09 MiB
[ 372/ 963] blk.23.attn_k.bias                   - [   256,      1,      1,      1], type =    f32, size =    0.001 MiB
[ 373/ 963] blk.23.attn_k.weight                 - [  2048,    256,      1,      1], type =    f16, converting to q4_K .. size =     1.00 MiB ->     0.28 MiB
[ 374/ 963] blk.23.attn_norm.weight              - [  2048,      1,      1,      1], type =    f32, size =    0.008 MiB
[ 375/ 963] blk.23.attn_output.bias              - [  2048,      1,      1,      1], type =    f32, size =    0.008 MiB
[ 376/ 963] blk.23.attn_output.weight            - [  2048,   2048,      1,      1], type =    f16, converting to q4_K .. size =     8.00 MiB ->     2.25 MiB
[ 377/ 963] blk.23.attn_q.bias                   - [  2048,      1,      1,      1], type =    f32, size =    0.008 MiB
[ 378/ 963] blk.23.attn_q.weight                 - [  2048,   2048,      1,      1], type =    f16, converting to q4_K .. size =     8.00 MiB ->     2.25 MiB
[ 379/ 963] blk.23.attn_v.bias                   - [   256,      1,      1,      1], type =    f32, size =    0.001 MiB
[ 380/ 963] blk.23.attn_v.weight                 - [  2048,    256,      1,      1], type =    f16, converting to q4_K .. size =     1.00 MiB ->     0.28 MiB
[ 381/ 963] blk.23.ffn_down.bias                 - [  2048,      1,      1,      1], type =    f32, size =    0.008 MiB
[ 382/ 963] blk.23.ffn_down.weight               - [ 11008,   2048,      1,      1], type =    f16, converting to q4_K .. size =    43.00 MiB ->    12.09 MiB
[ 383/ 963] blk.23.ffn_gate.bias                 - [ 11008,      1,      1,      1], type =    f32, size =    0.042 MiB
[ 384/ 963] blk.23.ffn_gate.weight               - [  2048,  11008,      1,      1], type =    f16, converting to q4_K .. size =    43.00 MiB ->    12.09 MiB
[ 385/ 963] blk.23.ffn_norm.weight               - [  2048,      1,      1,      1], type =    f32, size =    0.008 MiB
[ 386/ 963] blk.23.ffn_up.bias                   - [ 11008,      1,      1,      1], type =    f32, size =    0.042 MiB
[ 387/ 963] blk.23.ffn_up.weight                 - [  2048,  11008,      1,      1], type =    f16, converting to q4_K .. size =    43.00 MiB ->    12.09 MiB
[ 388/ 963] blk.24.attn_k.bias                   - [   256,      1,      1,      1], type =    f32, size =    0.001 MiB
[ 389/ 963] blk.24.attn_k.weight                 - [  2048,    256,      1,      1], type =    f16, converting to q4_K .. size =     1.00 MiB ->     0.28 MiB
[ 390/ 963] blk.24.attn_norm.weight              - [  2048,      1,      1,      1], type =    f32, size =    0.008 MiB
[ 391/ 963] blk.24.attn_output.bias              - [  2048,      1,      1,      1], type =    f32, size =    0.008 MiB
[ 392/ 963] blk.24.attn_output.weight            - [  2048,   2048,      1,      1], type =    f16, converting to q4_K .. size =     8.00 MiB ->     2.25 MiB
[ 393/ 963] blk.24.attn_q.bias                   - [  2048,      1,      1,      1], type =    f32, size =    0.008 MiB
[ 394/ 963] blk.24.attn_q.weight                 - [  2048,   2048,      1,      1], type =    f16, converting to q4_K .. size =     8.00 MiB ->     2.25 MiB
[ 395/ 963] blk.24.attn_v.bias                   - [   256,      1,      1,      1], type =    f32, size =    0.001 MiB
[ 396/ 963] blk.24.attn_v.weight                 - [  2048,    256,      1,      1], type =    f16, converting to q6_K .. size =     1.00 MiB ->     0.41 MiB
[ 397/ 963] blk.24.ffn_down.bias                 - [  2048,      1,      1,      1], type =    f32, size =    0.008 MiB
[ 398/ 963] blk.24.ffn_down.weight               - [ 11008,   2048,      1,      1], type =    f16, converting to q6_K .. size =    43.00 MiB ->    17.64 MiB
[ 399/ 963] blk.24.ffn_gate.bias                 - [ 11008,      1,      1,      1], type =    f32, size =    0.042 MiB
[ 400/ 963] blk.24.ffn_gate.weight               - [  2048,  11008,      1,      1], type =    f16, converting to q4_K .. size =    43.00 MiB ->    12.09 MiB
[ 401/ 963] blk.24.ffn_norm.weight               - [  2048,      1,      1,      1], type =    f32, size =    0.008 MiB
[ 402/ 963] blk.24.ffn_up.bias                   - [ 11008,      1,      1,      1], type =    f32, size =    0.042 MiB
[ 403/ 963] blk.24.ffn_up.weight                 - [  2048,  11008,      1,      1], type =    f16, converting to q4_K .. size =    43.00 MiB ->    12.09 MiB
[ 404/ 963] blk.25.attn_k.bias                   - [   256,      1,      1,      1], type =    f32, size =    0.001 MiB
[ 405/ 963] blk.25.attn_k.weight                 - [  2048,    256,      1,      1], type =    f16, converting to q4_K .. size =     1.00 MiB ->     0.28 MiB
[ 406/ 963] blk.25.attn_norm.weight              - [  2048,      1,      1,      1], type =    f32, size =    0.008 MiB
[ 407/ 963] blk.25.attn_output.bias              - [  2048,      1,      1,      1], type =    f32, size =    0.008 MiB
[ 408/ 963] blk.25.attn_output.weight            - [  2048,   2048,      1,      1], type =    f16, converting to q4_K .. size =     8.00 MiB ->     2.25 MiB
[ 409/ 963] blk.25.attn_q.bias                   - [  2048,      1,      1,      1], type =    f32, size =    0.008 MiB
[ 410/ 963] blk.25.attn_q.weight                 - [  2048,   2048,      1,      1], type =    f16, converting to q4_K .. size =     8.00 MiB ->     2.25 MiB
[ 411/ 963] blk.25.attn_v.bias                   - [   256,      1,      1,      1], type =    f32, size =    0.001 MiB
[ 412/ 963] blk.25.attn_v.weight                 - [  2048,    256,      1,      1], type =    f16, converting to q4_K .. size =     1.00 MiB ->     0.28 MiB
[ 413/ 963] blk.25.ffn_down.bias                 - [  2048,      1,      1,      1], type =    f32, size =    0.008 MiB
[ 414/ 963] blk.25.ffn_down.weight               - [ 11008,   2048,      1,      1], type =    f16, converting to q4_K .. size =    43.00 MiB ->    12.09 MiB
[ 415/ 963] blk.25.ffn_gate.bias                 - [ 11008,      1,      1,      1], type =    f32, size =    0.042 MiB
[ 416/ 963] blk.25.ffn_gate.weight               - [  2048,  11008,      1,      1], type =    f16, converting to q4_K .. size =    43.00 MiB ->    12.09 MiB
[ 417/ 963] blk.25.ffn_norm.weight               - [  2048,      1,      1,      1], type =    f32, size =    0.008 MiB
[ 418/ 963] blk.25.ffn_up.bias                   - [ 11008,      1,      1,      1], type =    f32, size =    0.042 MiB
[ 419/ 963] blk.25.ffn_up.weight                 - [  2048,  11008,      1,      1], type =    f16, converting to q4_K .. size =    43.00 MiB ->    12.09 MiB
[ 420/ 963] blk.26.attn_k.bias                   - [   256,      1,      1,      1], type =    f32, size =    0.001 MiB
[ 421/ 963] blk.26.attn_k.weight                 - [  2048,    256,      1,      1], type =    f16, converting to q4_K .. size =     1.00 MiB ->     0.28 MiB
[ 422/ 963] blk.26.attn_norm.weight              - [  2048,      1,      1,      1], type =    f32, size =    0.008 MiB
[ 423/ 963] blk.26.attn_output.bias              - [  2048,      1,      1,      1], type =    f32, size =    0.008 MiB
[ 424/ 963] blk.26.attn_output.weight            - [  2048,   2048,      1,      1], type =    f16, converting to q4_K .. size =     8.00 MiB ->     2.25 MiB
[ 425/ 963] blk.26.attn_q.bias                   - [  2048,      1,      1,      1], type =    f32, size =    0.008 MiB
[ 426/ 963] blk.26.attn_q.weight                 - [  2048,   2048,      1,      1], type =    f16, converting to q4_K .. size =     8.00 MiB ->     2.25 MiB
[ 427/ 963] blk.26.attn_v.bias                   - [   256,      1,      1,      1], type =    f32, size =    0.001 MiB
[ 428/ 963] blk.26.attn_v.weight                 - [  2048,    256,      1,      1], type =    f16, converting to q4_K .. size =     1.00 MiB ->     0.28 MiB
[ 429/ 963] blk.26.ffn_down.bias                 - [  2048,      1,      1,      1], type =    f32, size =    0.008 MiB
[ 430/ 963] blk.26.ffn_down.weight               - [ 11008,   2048,      1,      1], type =    f16, converting to q4_K .. size =    43.00 MiB ->    12.09 MiB
[ 431/ 963] blk.26.ffn_gate.bias                 - [ 11008,      1,      1,      1], type =    f32, size =    0.042 MiB
[ 432/ 963] blk.26.ffn_gate.weight               - [  2048,  11008,      1,      1], type =    f16, converting to q4_K .. size =    43.00 MiB ->    12.09 MiB
[ 433/ 963] blk.26.ffn_norm.weight               - [  2048,      1,      1,      1], type =    f32, size =    0.008 MiB
[ 434/ 963] blk.26.ffn_up.bias                   - [ 11008,      1,      1,      1], type =    f32, size =    0.042 MiB
[ 435/ 963] blk.26.ffn_up.weight                 - [  2048,  11008,      1,      1], type =    f16, converting to q4_K .. size =    43.00 MiB ->    12.09 MiB
[ 436/ 963] blk.27.attn_k.bias                   - [   256,      1,      1,      1], type =    f32, size =    0.001 MiB
[ 437/ 963] blk.27.attn_k.weight                 - [  2048,    256,      1,      1], type =    f16, converting to q4_K .. size =     1.00 MiB ->     0.28 MiB
[ 438/ 963] blk.27.attn_norm.weight              - [  2048,      1,      1,      1], type =    f32, size =    0.008 MiB
[ 439/ 963] blk.27.attn_output.bias              - [  2048,      1,      1,      1], type =    f32, size =    0.008 MiB
[ 440/ 963] blk.27.attn_output.weight            - [  2048,   2048,      1,      1], type =    f16, converting to q4_K .. size =     8.00 MiB ->     2.25 MiB
[ 441/ 963] blk.27.attn_q.bias                   - [  2048,      1,      1,      1], type =    f32, size =    0.008 MiB
[ 442/ 963] blk.27.attn_q.weight                 - [  2048,   2048,      1,      1], type =    f16, converting to q4_K .. size =     8.00 MiB ->     2.25 MiB
[ 443/ 963] blk.27.attn_v.bias                   - [   256,      1,      1,      1], type =    f32, size =    0.001 MiB
[ 444/ 963] blk.27.attn_v.weight                 - [  2048,    256,      1,      1], type =    f16, converting to q6_K .. size =     1.00 MiB ->     0.41 MiB
[ 445/ 963] blk.27.ffn_down.bias                 - [  2048,      1,      1,      1], type =    f32, size =    0.008 MiB
[ 446/ 963] blk.27.ffn_down.weight               - [ 11008,   2048,      1,      1], type =    f16, converting to q6_K .. size =    43.00 MiB ->    17.64 MiB
[ 447/ 963] blk.27.ffn_gate.bias                 - [ 11008,      1,      1,      1], type =    f32, size =    0.042 MiB
[ 448/ 963] blk.27.ffn_gate.weight               - [  2048,  11008,      1,      1], type =    f16, converting to q4_K .. size =    43.00 MiB ->    12.09 MiB
[ 449/ 963] blk.27.ffn_norm.weight               - [  2048,      1,      1,      1], type =    f32, size =    0.008 MiB
[ 450/ 963] blk.27.ffn_up.bias                   - [ 11008,      1,      1,      1], type =    f32, size =    0.042 MiB
[ 451/ 963] blk.27.ffn_up.weight                 - [  2048,  11008,      1,      1], type =    f16, converting to q4_K .. size =    43.00 MiB ->    12.09 MiB
[ 452/ 963] blk.28.attn_k.bias                   - [   256,      1,      1,      1], type =    f32, size =    0.001 MiB
[ 453/ 963] blk.28.attn_k.weight                 - [  2048,    256,      1,      1], type =    f16, converting to q4_K .. size =     1.00 MiB ->     0.28 MiB
[ 454/ 963] blk.28.attn_norm.weight              - [  2048,      1,      1,      1], type =    f32, size =    0.008 MiB
[ 455/ 963] blk.28.attn_output.bias              - [  2048,      1,      1,      1], type =    f32, size =    0.008 MiB
[ 456/ 963] blk.28.attn_output.weight            - [  2048,   2048,      1,      1], type =    f16, converting to q4_K .. size =     8.00 MiB ->     2.25 MiB
[ 457/ 963] blk.28.attn_q.bias                   - [  2048,      1,      1,      1], type =    f32, size =    0.008 MiB
[ 458/ 963] blk.28.attn_q.weight                 - [  2048,   2048,      1,      1], type =    f16, converting to q4_K .. size =     8.00 MiB ->     2.25 MiB
[ 459/ 963] blk.28.attn_v.bias                   - [   256,      1,      1,      1], type =    f32, size =    0.001 MiB
[ 460/ 963] blk.28.attn_v.weight                 - [  2048,    256,      1,      1], type =    f16, converting to q4_K .. size =     1.00 MiB ->     0.28 MiB
[ 461/ 963] blk.28.ffn_down.bias                 - [  2048,      1,      1,      1], type =    f32, size =    0.008 MiB
[ 462/ 963] blk.28.ffn_down.weight               - [ 11008,   2048,      1,      1], type =    f16, converting to q4_K .. size =    43.00 MiB ->    12.09 MiB
[ 463/ 963] blk.28.ffn_gate.bias                 - [ 11008,      1,      1,      1], type =    f32, size =    0.042 MiB
[ 464/ 963] blk.28.ffn_gate.weight               - [  2048,  11008,      1,      1], type =    f16, converting to q4_K .. size =    43.00 MiB ->    12.09 MiB
[ 465/ 963] blk.28.ffn_norm.weight               - [  2048,      1,      1,      1], type =    f32, size =    0.008 MiB
[ 466/ 963] blk.28.ffn_up.bias                   - [ 11008,      1,      1,      1], type =    f32, size =    0.042 MiB
[ 467/ 963] blk.28.ffn_up.weight                 - [  2048,  11008,      1,      1], type =    f16, converting to q4_K .. size =    43.00 MiB ->    12.09 MiB
[ 468/ 963] blk.29.attn_k.bias                   - [   256,      1,      1,      1], type =    f32, size =    0.001 MiB
[ 469/ 963] blk.29.attn_k.weight                 - [  2048,    256,      1,      1], type =    f16, converting to q4_K .. size =     1.00 MiB ->     0.28 MiB
[ 470/ 963] blk.29.attn_norm.weight              - [  2048,      1,      1,      1], type =    f32, size =    0.008 MiB
[ 471/ 963] blk.29.attn_output.bias              - [  2048,      1,      1,      1], type =    f32, size =    0.008 MiB
[ 472/ 963] blk.29.attn_output.weight            - [  2048,   2048,      1,      1], type =    f16, converting to q4_K .. size =     8.00 MiB ->     2.25 MiB
[ 473/ 963] blk.29.attn_q.bias                   - [  2048,      1,      1,      1], type =    f32, size =    0.008 MiB
[ 474/ 963] blk.29.attn_q.weight                 - [  2048,   2048,      1,      1], type =    f16, converting to q4_K .. size =     8.00 MiB ->     2.25 MiB
[ 475/ 963] blk.29.attn_v.bias                   - [   256,      1,      1,      1], type =    f32, size =    0.001 MiB
[ 476/ 963] blk.29.attn_v.weight                 - [  2048,    256,      1,      1], type =    f16, converting to q4_K .. size =     1.00 MiB ->     0.28 MiB
[ 477/ 963] blk.29.ffn_down.bias                 - [  2048,      1,      1,      1], type =    f32, size =    0.008 MiB
[ 478/ 963] blk.29.ffn_down.weight               - [ 11008,   2048,      1,      1], type =    f16, converting to q4_K .. size =    43.00 MiB ->    12.09 MiB
[ 479/ 963] blk.29.ffn_gate.bias                 - [ 11008,      1,      1,      1], type =    f32, size =    0.042 MiB
[ 480/ 963] blk.29.ffn_gate.weight               - [  2048,  11008,      1,      1], type =    f16, converting to q4_K .. size =    43.00 MiB ->    12.09 MiB
[ 481/ 963] blk.29.ffn_norm.weight               - [  2048,      1,      1,      1], type =    f32, size =    0.008 MiB
[ 482/ 963] blk.29.ffn_up.bias                   - [ 11008,      1,      1,      1], type =    f32, size =    0.042 MiB
[ 483/ 963] blk.29.ffn_up.weight                 - [  2048,  11008,      1,      1], type =    f16, converting to q4_K .. size =    43.00 MiB ->    12.09 MiB
[ 484/ 963] blk.30.attn_k.bias                   - [   256,      1,      1,      1], type =    f32, size =    0.001 MiB
[ 485/ 963] blk.30.attn_k.weight                 - [  2048,    256,      1,      1], type =    f16, converting to q4_K .. size =     1.00 MiB ->     0.28 MiB
[ 486/ 963] blk.30.attn_norm.weight              - [  2048,      1,      1,      1], type =    f32, size =    0.008 MiB
[ 487/ 963] blk.30.attn_output.bias              - [  2048,      1,      1,      1], type =    f32, size =    0.008 MiB
[ 488/ 963] blk.30.attn_output.weight            - [  2048,   2048,      1,      1], type =    f16, converting to q4_K .. size =     8.00 MiB ->     2.25 MiB
[ 489/ 963] blk.30.attn_q.bias                   - [  2048,      1,      1,      1], type =    f32, size =    0.008 MiB
[ 490/ 963] blk.30.attn_q.weight                 - [  2048,   2048,      1,      1], type =    f16, converting to q4_K .. size =     8.00 MiB ->     2.25 MiB
[ 491/ 963] blk.30.attn_v.bias                   - [   256,      1,      1,      1], type =    f32, size =    0.001 MiB
[ 492/ 963] blk.30.attn_v.weight                 - [  2048,    256,      1,      1], type =    f16, converting to q6_K .. size =     1.00 MiB ->     0.41 MiB
[ 493/ 963] blk.30.ffn_down.bias                 - [  2048,      1,      1,      1], type =    f32, size =    0.008 MiB
[ 494/ 963] blk.30.ffn_down.weight               - [ 11008,   2048,      1,      1], type =    f16, converting to q6_K .. size =    43.00 MiB ->    17.64 MiB
[ 495/ 963] blk.30.ffn_gate.bias                 - [ 11008,      1,      1,      1], type =    f32, size =    0.042 MiB
[ 496/ 963] blk.30.ffn_gate.weight               - [  2048,  11008,      1,      1], type =    f16, converting to q4_K .. size =    43.00 MiB ->    12.09 MiB
[ 497/ 963] blk.30.ffn_norm.weight               - [  2048,      1,      1,      1], type =    f32, size =    0.008 MiB
[ 498/ 963] blk.30.ffn_up.bias                   - [ 11008,      1,      1,      1], type =    f32, size =    0.042 MiB
[ 499/ 963] blk.30.ffn_up.weight                 - [  2048,  11008,      1,      1], type =    f16, converting to q4_K .. size =    43.00 MiB ->    12.09 MiB
[ 500/ 963] blk.31.attn_k.bias                   - [   256,      1,      1,      1], type =    f32, size =    0.001 MiB
[ 501/ 963] blk.31.attn_k.weight                 - [  2048,    256,      1,      1], type =    f16, converting to q4_K .. size =     1.00 MiB ->     0.28 MiB
[ 502/ 963] blk.31.attn_norm.weight              - [  2048,      1,      1,      1], type =    f32, size =    0.008 MiB
[ 503/ 963] blk.31.attn_output.bias              - [  2048,      1,      1,      1], type =    f32, size =    0.008 MiB
[ 504/ 963] blk.31.attn_output.weight            - [  2048,   2048,      1,      1], type =    f16, converting to q4_K .. size =     8.00 MiB ->     2.25 MiB
[ 505/ 963] blk.31.attn_q.bias                   - [  2048,      1,      1,      1], type =    f32, size =    0.008 MiB
[ 506/ 963] blk.31.attn_q.weight                 - [  2048,   2048,      1,      1], type =    f16, converting to q4_K .. size =     8.00 MiB ->     2.25 MiB
[ 507/ 963] blk.31.attn_v.bias                   - [   256,      1,      1,      1], type =    f32, size =    0.001 MiB
[ 508/ 963] blk.31.attn_v.weight                 - [  2048,    256,      1,      1], type =    f16, converting to q4_K .. size =     1.00 MiB ->     0.28 MiB
[ 509/ 963] blk.31.ffn_down.bias                 - [  2048,      1,      1,      1], type =    f32, size =    0.008 MiB
[ 510/ 963] blk.31.ffn_down.weight               - [ 11008,   2048,      1,      1], type =    f16, converting to q4_K .. size =    43.00 MiB ->    12.09 MiB
[ 511/ 963] blk.31.ffn_gate.bias                 - [ 11008,      1,      1,      1], type =    f32, size =    0.042 MiB
[ 512/ 963] blk.31.ffn_gate.weight               - [  2048,  11008,      1,      1], type =    f16, converting to q4_K .. size =    43.00 MiB ->    12.09 MiB
[ 513/ 963] blk.31.ffn_norm.weight               - [  2048,      1,      1,      1], type =    f32, size =    0.008 MiB
[ 514/ 963] blk.31.ffn_up.bias                   - [ 11008,      1,      1,      1], type =    f32, size =    0.042 MiB
[ 515/ 963] blk.31.ffn_up.weight                 - [  2048,  11008,      1,      1], type =    f16, converting to q4_K .. size =    43.00 MiB ->    12.09 MiB
[ 516/ 963] blk.32.attn_k.bias                   - [   256,      1,      1,      1], type =    f32, size =    0.001 MiB
[ 517/ 963] blk.32.attn_k.weight                 - [  2048,    256,      1,      1], type =    f16, converting to q4_K .. size =     1.00 MiB ->     0.28 MiB
[ 518/ 963] blk.32.attn_norm.weight              - [  2048,      1,      1,      1], type =    f32, size =    0.008 MiB
[ 519/ 963] blk.32.attn_output.bias              - [  2048,      1,      1,      1], type =    f32, size =    0.008 MiB
[ 520/ 963] blk.32.attn_output.weight            - [  2048,   2048,      1,      1], type =    f16, converting to q4_K .. size =     8.00 MiB ->     2.25 MiB
[ 521/ 963] blk.32.attn_q.bias                   - [  2048,      1,      1,      1], type =    f32, size =    0.008 MiB
[ 522/ 963] blk.32.attn_q.weight                 - [  2048,   2048,      1,      1], type =    f16, converting to q4_K .. size =     8.00 MiB ->     2.25 MiB
[ 523/ 963] blk.32.attn_v.bias                   - [   256,      1,      1,      1], type =    f32, size =    0.001 MiB
[ 524/ 963] blk.32.attn_v.weight                 - [  2048,    256,      1,      1], type =    f16, converting to q4_K .. size =     1.00 MiB ->     0.28 MiB
[ 525/ 963] blk.32.ffn_down.bias                 - [  2048,      1,      1,      1], type =    f32, size =    0.008 MiB
[ 526/ 963] blk.32.ffn_down.weight               - [ 11008,   2048,      1,      1], type =    f16, converting to q4_K .. size =    43.00 MiB ->    12.09 MiB
[ 527/ 963] blk.32.ffn_gate.bias                 - [ 11008,      1,      1,      1], type =    f32, size =    0.042 MiB
[ 528/ 963] blk.32.ffn_gate.weight               - [  2048,  11008,      1,      1], type =    f16, converting to q4_K .. size =    43.00 MiB ->    12.09 MiB
[ 529/ 963] blk.32.ffn_norm.weight               - [  2048,      1,      1,      1], type =    f32, size =    0.008 MiB
[ 530/ 963] blk.32.ffn_up.bias                   - [ 11008,      1,      1,      1], type =    f32, size =    0.042 MiB
[ 531/ 963] blk.32.ffn_up.weight                 - [  2048,  11008,      1,      1], type =    f16, converting to q4_K .. size =    43.00 MiB ->    12.09 MiB
[ 532/ 963] blk.33.attn_k.bias                   - [   256,      1,      1,      1], type =    f32, size =    0.001 MiB
[ 533/ 963] blk.33.attn_k.weight                 - [  2048,    256,      1,      1], type =    f16, converting to q4_K .. size =     1.00 MiB ->     0.28 MiB
[ 534/ 963] blk.33.attn_norm.weight              - [  2048,      1,      1,      1], type =    f32, size =    0.008 MiB
[ 535/ 963] blk.33.attn_output.bias              - [  2048,      1,      1,      1], type =    f32, size =    0.008 MiB
[ 536/ 963] blk.33.attn_output.weight            - [  2048,   2048,      1,      1], type =    f16, converting to q4_K .. size =     8.00 MiB ->     2.25 MiB
[ 537/ 963] blk.33.attn_q.bias                   - [  2048,      1,      1,      1], type =    f32, size =    0.008 MiB
[ 538/ 963] blk.33.attn_q.weight                 - [  2048,   2048,      1,      1], type =    f16, converting to q4_K .. size =     8.00 MiB ->     2.25 MiB
[ 539/ 963] blk.33.attn_v.bias                   - [   256,      1,      1,      1], type =    f32, size =    0.001 MiB
[ 540/ 963] blk.33.attn_v.weight                 - [  2048,    256,      1,      1], type =    f16, converting to q6_K .. size =     1.00 MiB ->     0.41 MiB
[ 541/ 963] blk.33.ffn_down.bias                 - [  2048,      1,      1,      1], type =    f32, size =    0.008 MiB
[ 542/ 963] blk.33.ffn_down.weight               - [ 11008,   2048,      1,      1], type =    f16, converting to q6_K .. size =    43.00 MiB ->    17.64 MiB
[ 543/ 963] blk.33.ffn_gate.bias                 - [ 11008,      1,      1,      1], type =    f32, size =    0.042 MiB
[ 544/ 963] blk.33.ffn_gate.weight               - [  2048,  11008,      1,      1], type =    f16, converting to q4_K .. size =    43.00 MiB ->    12.09 MiB
[ 545/ 963] blk.33.ffn_norm.weight               - [  2048,      1,      1,      1], type =    f32, size =    0.008 MiB
[ 546/ 963] blk.33.ffn_up.bias                   - [ 11008,      1,      1,      1], type =    f32, size =    0.042 MiB
[ 547/ 963] blk.33.ffn_up.weight                 - [  2048,  11008,      1,      1], type =    f16, converting to q4_K .. size =    43.00 MiB ->    12.09 MiB
[ 548/ 963] blk.34.attn_k.bias                   - [   256,      1,      1,      1], type =    f32, size =    0.001 MiB
[ 549/ 963] blk.34.attn_k.weight                 - [  2048,    256,      1,      1], type =    f16, converting to q4_K .. size =     1.00 MiB ->     0.28 MiB
[ 550/ 963] blk.34.attn_norm.weight              - [  2048,      1,      1,      1], type =    f32, size =    0.008 MiB
[ 551/ 963] blk.34.attn_output.bias              - [  2048,      1,      1,      1], type =    f32, size =    0.008 MiB
[ 552/ 963] blk.34.attn_output.weight            - [  2048,   2048,      1,      1], type =    f16, converting to q4_K .. size =     8.00 MiB ->     2.25 MiB
[ 553/ 963] blk.34.attn_q.bias                   - [  2048,      1,      1,      1], type =    f32, size =    0.008 MiB
[ 554/ 963] blk.34.attn_q.weight                 - [  2048,   2048,      1,      1], type =    f16, converting to q4_K .. size =     8.00 MiB ->     2.25 MiB
[ 555/ 963] blk.34.attn_v.bias                   - [   256,      1,      1,      1], type =    f32, size =    0.001 MiB
[ 556/ 963] blk.34.attn_v.weight                 - [  2048,    256,      1,      1], type =    f16, converting to q4_K .. size =     1.00 MiB ->     0.28 MiB
[ 557/ 963] blk.34.ffn_down.bias                 - [  2048,      1,      1,      1], type =    f32, size =    0.008 MiB
[ 558/ 963] blk.34.ffn_down.weight               - [ 11008,   2048,      1,      1], type =    f16, converting to q4_K .. size =    43.00 MiB ->    12.09 MiB
[ 559/ 963] blk.34.ffn_gate.bias                 - [ 11008,      1,      1,      1], type =    f32, size =    0.042 MiB
[ 560/ 963] blk.34.ffn_gate.weight               - [  2048,  11008,      1,      1], type =    f16, converting to q4_K .. size =    43.00 MiB ->    12.09 MiB
[ 561/ 963] blk.34.ffn_norm.weight               - [  2048,      1,      1,      1], type =    f32, size =    0.008 MiB
[ 562/ 963] blk.34.ffn_up.bias                   - [ 11008,      1,      1,      1], type =    f32, size =    0.042 MiB
[ 563/ 963] blk.34.ffn_up.weight                 - [  2048,  11008,      1,      1], type =    f16, converting to q4_K .. size =    43.00 MiB ->    12.09 MiB
[ 564/ 963] blk.35.attn_k.bias                   - [   256,      1,      1,      1], type =    f32, size =    0.001 MiB
[ 565/ 963] blk.35.attn_k.weight                 - [  2048,    256,      1,      1], type =    f16, converting to q4_K .. size =     1.00 MiB ->     0.28 MiB
[ 566/ 963] blk.35.attn_norm.weight              - [  2048,      1,      1,      1], type =    f32, size =    0.008 MiB
[ 567/ 963] blk.35.attn_output.bias              - [  2048,      1,      1,      1], type =    f32, size =    0.008 MiB
[ 568/ 963] blk.35.attn_output.weight            - [  2048,   2048,      1,      1], type =    f16, converting to q4_K .. size =     8.00 MiB ->     2.25 MiB
[ 569/ 963] blk.35.attn_q.bias                   - [  2048,      1,      1,      1], type =    f32, size =    0.008 MiB
[ 570/ 963] blk.35.attn_q.weight                 - [  2048,   2048,      1,      1], type =    f16, converting to q4_K .. size =     8.00 MiB ->     2.25 MiB
[ 571/ 963] blk.35.attn_v.bias                   - [   256,      1,      1,      1], type =    f32, size =    0.001 MiB
[ 572/ 963] blk.35.attn_v.weight                 - [  2048,    256,      1,      1], type =    f16, converting to q4_K .. size =     1.00 MiB ->     0.28 MiB
[ 573/ 963] blk.35.ffn_down.bias                 - [  2048,      1,      1,      1], type =    f32, size =    0.008 MiB
[ 574/ 963] blk.35.ffn_down.weight               - [ 11008,   2048,      1,      1], type =    f16, converting to q4_K .. size =    43.00 MiB ->    12.09 MiB
[ 575/ 963] blk.35.ffn_gate.bias                 - [ 11008,      1,      1,      1], type =    f32, size =    0.042 MiB
[ 576/ 963] blk.35.ffn_gate.weight               - [  2048,  11008,      1,      1], type =    f16, converting to q4_K .. size =    43.00 MiB ->    12.09 MiB
[ 577/ 963] blk.35.ffn_norm.weight               - [  2048,      1,      1,      1], type =    f32, size =    0.008 MiB
[ 578/ 963] blk.35.ffn_up.bias                   - [ 11008,      1,      1,      1], type =    f32, size =    0.042 MiB
[ 579/ 963] blk.35.ffn_up.weight                 - [  2048,  11008,      1,      1], type =    f16, converting to q4_K .. size =    43.00 MiB ->    12.09 MiB
[ 580/ 963] blk.36.attn_k.bias                   - [   256,      1,      1,      1], type =    f32, size =    0.001 MiB
[ 581/ 963] blk.36.attn_k.weight                 - [  2048,    256,      1,      1], type =    f16, converting to q4_K .. size =     1.00 MiB ->     0.28 MiB
[ 582/ 963] blk.36.attn_norm.weight              - [  2048,      1,      1,      1], type =    f32, size =    0.008 MiB
[ 583/ 963] blk.36.attn_output.bias              - [  2048,      1,      1,      1], type =    f32, size =    0.008 MiB
[ 584/ 963] blk.36.attn_output.weight            - [  2048,   2048,      1,      1], type =    f16, converting to q4_K .. size =     8.00 MiB ->     2.25 MiB
[ 585/ 963] blk.36.attn_q.bias                   - [  2048,      1,      1,      1], type =    f32, size =    0.008 MiB
[ 586/ 963] blk.36.attn_q.weight                 - [  2048,   2048,      1,      1], type =    f16, converting to q4_K .. size =     8.00 MiB ->     2.25 MiB
[ 587/ 963] blk.36.attn_v.bias                   - [   256,      1,      1,      1], type =    f32, size =    0.001 MiB
[ 588/ 963] blk.36.attn_v.weight                 - [  2048,    256,      1,      1], type =    f16, converting to q6_K .. size =     1.00 MiB ->     0.41 MiB
[ 589/ 963] blk.36.ffn_down.bias                 - [  2048,      1,      1,      1], type =    f32, size =    0.008 MiB
[ 590/ 963] blk.36.ffn_down.weight               - [ 11008,   2048,      1,      1], type =    f16, converting to q6_K .. size =    43.00 MiB ->    17.64 MiB
[ 591/ 963] blk.36.ffn_gate.bias                 - [ 11008,      1,      1,      1], type =    f32, size =    0.042 MiB
[ 592/ 963] blk.36.ffn_gate.weight               - [  2048,  11008,      1,      1], type =    f16, converting to q4_K .. size =    43.00 MiB ->    12.09 MiB
[ 593/ 963] blk.36.ffn_norm.weight               - [  2048,      1,      1,      1], type =    f32, size =    0.008 MiB
[ 594/ 963] blk.36.ffn_up.bias                   - [ 11008,      1,      1,      1], type =    f32, size =    0.042 MiB
[ 595/ 963] blk.36.ffn_up.weight                 - [  2048,  11008,      1,      1], type =    f16, converting to q4_K .. size =    43.00 MiB ->    12.09 MiB
[ 596/ 963] blk.37.attn_k.bias                   - [   256,      1,      1,      1], type =    f32, size =    0.001 MiB
[ 597/ 963] blk.37.attn_k.weight                 - [  2048,    256,      1,      1], type =    f16, converting to q4_K .. size =     1.00 MiB ->     0.28 MiB
[ 598/ 963] blk.37.attn_norm.weight              - [  2048,      1,      1,      1], type =    f32, size =    0.008 MiB
[ 599/ 963] blk.37.attn_output.bias              - [  2048,      1,      1,      1], type =    f32, size =    0.008 MiB
[ 600/ 963] blk.37.attn_output.weight            - [  2048,   2048,      1,      1], type =    f16, converting to q4_K .. size =     8.00 MiB ->     2.25 MiB
[ 601/ 963] blk.37.attn_q.bias                   - [  2048,      1,      1,      1], type =    f32, size =    0.008 MiB
[ 602/ 963] blk.37.attn_q.weight                 - [  2048,   2048,      1,      1], type =    f16, converting to q4_K .. size =     8.00 MiB ->     2.25 MiB
[ 603/ 963] blk.37.attn_v.bias                   - [   256,      1,      1,      1], type =    f32, size =    0.001 MiB
[ 604/ 963] blk.37.attn_v.weight                 - [  2048,    256,      1,      1], type =    f16, converting to q4_K .. size =     1.00 MiB ->     0.28 MiB
[ 605/ 963] blk.37.ffn_down.bias                 - [  2048,      1,      1,      1], type =    f32, size =    0.008 MiB
[ 606/ 963] blk.37.ffn_down.weight               - [ 11008,   2048,      1,      1], type =    f16, converting to q4_K .. size =    43.00 MiB ->    12.09 MiB
[ 607/ 963] blk.37.ffn_gate.bias                 - [ 11008,      1,      1,      1], type =    f32, size =    0.042 MiB
[ 608/ 963] blk.37.ffn_gate.weight               - [  2048,  11008,      1,      1], type =    f16, converting to q4_K .. size =    43.00 MiB ->    12.09 MiB
[ 609/ 963] blk.37.ffn_norm.weight               - [  2048,      1,      1,      1], type =    f32, size =    0.008 MiB
[ 610/ 963] blk.37.ffn_up.bias                   - [ 11008,      1,      1,      1], type =    f32, size =    0.042 MiB
[ 611/ 963] blk.37.ffn_up.weight                 - [  2048,  11008,      1,      1], type =    f16, converting to q4_K .. size =    43.00 MiB ->    12.09 MiB
[ 612/ 963] blk.38.attn_k.bias                   - [   256,      1,      1,      1], type =    f32, size =    0.001 MiB
[ 613/ 963] blk.38.attn_k.weight                 - [  2048,    256,      1,      1], type =    f16, converting to q4_K .. size =     1.00 MiB ->     0.28 MiB
[ 614/ 963] blk.38.attn_norm.weight              - [  2048,      1,      1,      1], type =    f32, size =    0.008 MiB
[ 615/ 963] blk.38.attn_output.bias              - [  2048,      1,      1,      1], type =    f32, size =    0.008 MiB
[ 616/ 963] blk.38.attn_output.weight            - [  2048,   2048,      1,      1], type =    f16, converting to q4_K .. size =     8.00 MiB ->     2.25 MiB
[ 617/ 963] blk.38.attn_q.bias                   - [  2048,      1,      1,      1], type =    f32, size =    0.008 MiB
[ 618/ 963] blk.38.attn_q.weight                 - [  2048,   2048,      1,      1], type =    f16, converting to q4_K .. size =     8.00 MiB ->     2.25 MiB
[ 619/ 963] blk.38.attn_v.bias                   - [   256,      1,      1,      1], type =    f32, size =    0.001 MiB
[ 620/ 963] blk.38.attn_v.weight                 - [  2048,    256,      1,      1], type =    f16, converting to q4_K .. size =     1.00 MiB ->     0.28 MiB
[ 621/ 963] blk.38.ffn_down.bias                 - [  2048,      1,      1,      1], type =    f32, size =    0.008 MiB
[ 622/ 963] blk.38.ffn_down.weight               - [ 11008,   2048,      1,      1], type =    f16, converting to q4_K .. size =    43.00 MiB ->    12.09 MiB
[ 623/ 963] blk.38.ffn_gate.bias                 - [ 11008,      1,      1,      1], type =    f32, size =    0.042 MiB
[ 624/ 963] blk.38.ffn_gate.weight               - [  2048,  11008,      1,      1], type =    f16, converting to q4_K .. size =    43.00 MiB ->    12.09 MiB
[ 625/ 963] blk.38.ffn_norm.weight               - [  2048,      1,      1,      1], type =    f32, size =    0.008 MiB
[ 626/ 963] blk.38.ffn_up.bias                   - [ 11008,      1,      1,      1], type =    f32, size =    0.042 MiB
[ 627/ 963] blk.38.ffn_up.weight                 - [  2048,  11008,      1,      1], type =    f16, converting to q4_K .. size =    43.00 MiB ->    12.09 MiB
[ 628/ 963] blk.39.attn_k.bias                   - [   256,      1,      1,      1], type =    f32, size =    0.001 MiB
[ 629/ 963] blk.39.attn_k.weight                 - [  2048,    256,      1,      1], type =    f16, converting to q4_K .. size =     1.00 MiB ->     0.28 MiB
[ 630/ 963] blk.39.attn_norm.weight              - [  2048,      1,      1,      1], type =    f32, size =    0.008 MiB
[ 631/ 963] blk.39.attn_output.bias              - [  2048,      1,      1,      1], type =    f32, size =    0.008 MiB
[ 632/ 963] blk.39.attn_output.weight            - [  2048,   2048,      1,      1], type =    f16, converting to q4_K .. size =     8.00 MiB ->     2.25 MiB
[ 633/ 963] blk.39.attn_q.bias                   - [  2048,      1,      1,      1], type =    f32, size =    0.008 MiB
[ 634/ 963] blk.39.attn_q.weight                 - [  2048,   2048,      1,      1], type =    f16, converting to q4_K .. size =     8.00 MiB ->     2.25 MiB
[ 635/ 963] blk.39.attn_v.bias                   - [   256,      1,      1,      1], type =    f32, size =    0.001 MiB
[ 636/ 963] blk.39.attn_v.weight                 - [  2048,    256,      1,      1], type =    f16, converting to q6_K .. size =     1.00 MiB ->     0.41 MiB
[ 637/ 963] blk.39.ffn_down.bias                 - [  2048,      1,      1,      1], type =    f32, size =    0.008 MiB
[ 638/ 963] blk.39.ffn_down.weight               - [ 11008,   2048,      1,      1], type =    f16, converting to q6_K .. size =    43.00 MiB ->    17.64 MiB
[ 639/ 963] blk.39.ffn_gate.bias                 - [ 11008,      1,      1,      1], type =    f32, size =    0.042 MiB
[ 640/ 963] blk.39.ffn_gate.weight               - [  2048,  11008,      1,      1], type =    f16, converting to q4_K .. size =    43.00 MiB ->    12.09 MiB
[ 641/ 963] blk.39.ffn_norm.weight               - [  2048,      1,      1,      1], type =    f32, size =    0.008 MiB
[ 642/ 963] blk.39.ffn_up.bias                   - [ 11008,      1,      1,      1], type =    f32, size =    0.042 MiB
[ 643/ 963] blk.39.ffn_up.weight                 - [  2048,  11008,      1,      1], type =    f16, converting to q4_K .. size =    43.00 MiB ->    12.09 MiB
[ 644/ 963] blk.40.attn_k.bias                   - [   256,      1,      1,      1], type =    f32, size =    0.001 MiB
[ 645/ 963] blk.40.attn_k.weight                 - [  2048,    256,      1,      1], type =    f16, converting to q4_K .. size =     1.00 MiB ->     0.28 MiB
[ 646/ 963] blk.40.attn_norm.weight              - [  2048,      1,      1,      1], type =    f32, size =    0.008 MiB
[ 647/ 963] blk.40.attn_output.bias              - [  2048,      1,      1,      1], type =    f32, size =    0.008 MiB
[ 648/ 963] blk.40.attn_output.weight            - [  2048,   2048,      1,      1], type =    f16, converting to q4_K .. size =     8.00 MiB ->     2.25 MiB
[ 649/ 963] blk.40.attn_q.bias                   - [  2048,      1,      1,      1], type =    f32, size =    0.008 MiB
[ 650/ 963] blk.40.attn_q.weight                 - [  2048,   2048,      1,      1], type =    f16, converting to q4_K .. size =     8.00 MiB ->     2.25 MiB
[ 651/ 963] blk.40.attn_v.bias                   - [   256,      1,      1,      1], type =    f32, size =    0.001 MiB
[ 652/ 963] blk.40.attn_v.weight                 - [  2048,    256,      1,      1], type =    f16, converting to q4_K .. size =     1.00 MiB ->     0.28 MiB
[ 653/ 963] blk.40.ffn_down.bias                 - [  2048,      1,      1,      1], type =    f32, size =    0.008 MiB
[ 654/ 963] blk.40.ffn_down.weight               - [ 11008,   2048,      1,      1], type =    f16, converting to q4_K .. size =    43.00 MiB ->    12.09 MiB
[ 655/ 963] blk.40.ffn_gate.bias                 - [ 11008,      1,      1,      1], type =    f32, size =    0.042 MiB
[ 656/ 963] blk.40.ffn_gate.weight               - [  2048,  11008,      1,      1], type =    f16, converting to q4_K .. size =    43.00 MiB ->    12.09 MiB
[ 657/ 963] blk.40.ffn_norm.weight               - [  2048,      1,      1,      1], type =    f32, size =    0.008 MiB
[ 658/ 963] blk.40.ffn_up.bias                   - [ 11008,      1,      1,      1], type =    f32, size =    0.042 MiB
[ 659/ 963] blk.40.ffn_up.weight                 - [  2048,  11008,      1,      1], type =    f16, converting to q4_K .. size =    43.00 MiB ->    12.09 MiB
[ 660/ 963] blk.41.attn_k.bias                   - [   256,      1,      1,      1], type =    f32, size =    0.001 MiB
[ 661/ 963] blk.41.attn_k.weight                 - [  2048,    256,      1,      1], type =    f16, converting to q4_K .. size =     1.00 MiB ->     0.28 MiB
[ 662/ 963] blk.41.attn_norm.weight              - [  2048,      1,      1,      1], type =    f32, size =    0.008 MiB
[ 663/ 963] blk.41.attn_output.bias              - [  2048,      1,      1,      1], type =    f32, size =    0.008 MiB
[ 664/ 963] blk.41.attn_output.weight            - [  2048,   2048,      1,      1], type =    f16, converting to q4_K .. size =     8.00 MiB ->     2.25 MiB
[ 665/ 963] blk.41.attn_q.bias                   - [  2048,      1,      1,      1], type =    f32, size =    0.008 MiB
[ 666/ 963] blk.41.attn_q.weight                 - [  2048,   2048,      1,      1], type =    f16, converting to q4_K .. size =     8.00 MiB ->     2.25 MiB
[ 667/ 963] blk.41.attn_v.bias                   - [   256,      1,      1,      1], type =    f32, size =    0.001 MiB
[ 668/ 963] blk.41.attn_v.weight                 - [  2048,    256,      1,      1], type =    f16, converting to q4_K .. size =     1.00 MiB ->     0.28 MiB
[ 669/ 963] blk.41.ffn_down.bias                 - [  2048,      1,      1,      1], type =    f32, size =    0.008 MiB
[ 670/ 963] blk.41.ffn_down.weight               - [ 11008,   2048,      1,      1], type =    f16, converting to q4_K .. size =    43.00 MiB ->    12.09 MiB
[ 671/ 963] blk.41.ffn_gate.bias                 - [ 11008,      1,      1,      1], type =    f32, size =    0.042 MiB
[ 672/ 963] blk.41.ffn_gate.weight               - [  2048,  11008,      1,      1], type =    f16, converting to q4_K .. size =    43.00 MiB ->    12.09 MiB
[ 673/ 963] blk.41.ffn_norm.weight               - [  2048,      1,      1,      1], type =    f32, size =    0.008 MiB
[ 674/ 963] blk.41.ffn_up.bias                   - [ 11008,      1,      1,      1], type =    f32, size =    0.042 MiB
[ 675/ 963] blk.41.ffn_up.weight                 - [  2048,  11008,      1,      1], type =    f16, converting to q4_K .. size =    43.00 MiB ->    12.09 MiB
[ 676/ 963] blk.42.attn_k.bias                   - [   256,      1,      1,      1], type =    f32, size =    0.001 MiB
[ 677/ 963] blk.42.attn_k.weight                 - [  2048,    256,      1,      1], type =    f16, converting to q4_K .. size =     1.00 MiB ->     0.28 MiB
[ 678/ 963] blk.42.attn_norm.weight              - [  2048,      1,      1,      1], type =    f32, size =    0.008 MiB
[ 679/ 963] blk.42.attn_output.bias              - [  2048,      1,      1,      1], type =    f32, size =    0.008 MiB
[ 680/ 963] blk.42.attn_output.weight            - [  2048,   2048,      1,      1], type =    f16, converting to q4_K .. size =     8.00 MiB ->     2.25 MiB
[ 681/ 963] blk.42.attn_q.bias                   - [  2048,      1,      1,      1], type =    f32, size =    0.008 MiB
[ 682/ 963] blk.42.attn_q.weight                 - [  2048,   2048,      1,      1], type =    f16, converting to q4_K .. size =     8.00 MiB ->     2.25 MiB
[ 683/ 963] blk.42.attn_v.bias                   - [   256,      1,      1,      1], type =    f32, size =    0.001 MiB
[ 684/ 963] blk.42.attn_v.weight                 - [  2048,    256,      1,      1], type =    f16, converting to q6_K .. size =     1.00 MiB ->     0.41 MiB
[ 685/ 963] blk.42.ffn_down.bias                 - [  2048,      1,      1,      1], type =    f32, size =    0.008 MiB
[ 686/ 963] blk.42.ffn_down.weight               - [ 11008,   2048,      1,      1], type =    f16, converting to q6_K .. size =    43.00 MiB ->    17.64 MiB
[ 687/ 963] blk.42.ffn_gate.bias                 - [ 11008,      1,      1,      1], type =    f32, size =    0.042 MiB
[ 688/ 963] blk.42.ffn_gate.weight               - [  2048,  11008,      1,      1], type =    f16, converting to q4_K .. size =    43.00 MiB ->    12.09 MiB
[ 689/ 963] blk.42.ffn_norm.weight               - [  2048,      1,      1,      1], type =    f32, size =    0.008 MiB
[ 690/ 963] blk.42.ffn_up.bias                   - [ 11008,      1,      1,      1], type =    f32, size =    0.042 MiB
[ 691/ 963] blk.42.ffn_up.weight                 - [  2048,  11008,      1,      1], type =    f16, converting to q4_K .. size =    43.00 MiB ->    12.09 MiB
[ 692/ 963] blk.43.attn_k.bias                   - [   256,      1,      1,      1], type =    f32, size =    0.001 MiB
[ 693/ 963] blk.43.attn_k.weight                 - [  2048,    256,      1,      1], type =    f16, converting to q4_K .. size =     1.00 MiB ->     0.28 MiB
[ 694/ 963] blk.43.attn_norm.weight              - [  2048,      1,      1,      1], type =    f32, size =    0.008 MiB
[ 695/ 963] blk.43.attn_output.bias              - [  2048,      1,      1,      1], type =    f32, size =    0.008 MiB
[ 696/ 963] blk.43.attn_output.weight            - [  2048,   2048,      1,      1], type =    f16, converting to q4_K .. size =     8.00 MiB ->     2.25 MiB
[ 697/ 963] blk.43.attn_q.bias                   - [  2048,      1,      1,      1], type =    f32, size =    0.008 MiB
[ 698/ 963] blk.43.attn_q.weight                 - [  2048,   2048,      1,      1], type =    f16, converting to q4_K .. size =     8.00 MiB ->     2.25 MiB
[ 699/ 963] blk.43.attn_v.bias                   - [   256,      1,      1,      1], type =    f32, size =    0.001 MiB
[ 700/ 963] blk.43.attn_v.weight                 - [  2048,    256,      1,      1], type =    f16, converting to q4_K .. size =     1.00 MiB ->     0.28 MiB
[ 701/ 963] blk.43.ffn_down.bias                 - [  2048,      1,      1,      1], type =    f32, size =    0.008 MiB
[ 702/ 963] blk.43.ffn_down.weight               - [ 11008,   2048,      1,      1], type =    f16, converting to q4_K .. size =    43.00 MiB ->    12.09 MiB
[ 703/ 963] blk.43.ffn_gate.bias                 - [ 11008,      1,      1,      1], type =    f32, size =    0.042 MiB
[ 704/ 963] blk.43.ffn_gate.weight               - [  2048,  11008,      1,      1], type =    f16, converting to q4_K .. size =    43.00 MiB ->    12.09 MiB
[ 705/ 963] blk.43.ffn_norm.weight               - [  2048,      1,      1,      1], type =    f32, size =    0.008 MiB
[ 706/ 963] blk.43.ffn_up.bias                   - [ 11008,      1,      1,      1], type =    f32, size =    0.042 MiB
[ 707/ 963] blk.43.ffn_up.weight                 - [  2048,  11008,      1,      1], type =    f16, converting to q4_K .. size =    43.00 MiB ->    12.09 MiB
[ 708/ 963] blk.44.attn_k.bias                   - [   256,      1,      1,      1], type =    f32, size =    0.001 MiB
[ 709/ 963] blk.44.attn_k.weight                 - [  2048,    256,      1,      1], type =    f16, converting to q4_K .. size =     1.00 MiB ->     0.28 MiB
[ 710/ 963] blk.44.attn_norm.weight              - [  2048,      1,      1,      1], type =    f32, size =    0.008 MiB
[ 711/ 963] blk.44.attn_output.bias              - [  2048,      1,      1,      1], type =    f32, size =    0.008 MiB
[ 712/ 963] blk.44.attn_output.weight            - [  2048,   2048,      1,      1], type =    f16, converting to q4_K .. size =     8.00 MiB ->     2.25 MiB
[ 713/ 963] blk.44.attn_q.bias                   - [  2048,      1,      1,      1], type =    f32, size =    0.008 MiB
[ 714/ 963] blk.44.attn_q.weight                 - [  2048,   2048,      1,      1], type =    f16, converting to q4_K .. size =     8.00 MiB ->     2.25 MiB
[ 715/ 963] blk.44.attn_v.bias                   - [   256,      1,      1,      1], type =    f32, size =    0.001 MiB
[ 716/ 963] blk.44.attn_v.weight                 - [  2048,    256,      1,      1], type =    f16, converting to q4_K .. size =     1.00 MiB ->     0.28 MiB
[ 717/ 963] blk.44.ffn_down.bias                 - [  2048,      1,      1,      1], type =    f32, size =    0.008 MiB
[ 718/ 963] blk.44.ffn_down.weight               - [ 11008,   2048,      1,      1], type =    f16, converting to q4_K .. size =    43.00 MiB ->    12.09 MiB
[ 719/ 963] blk.44.ffn_gate.bias                 - [ 11008,      1,      1,      1], type =    f32, size =    0.042 MiB
[ 720/ 963] blk.44.ffn_gate.weight               - [  2048,  11008,      1,      1], type =    f16, converting to q4_K .. size =    43.00 MiB ->    12.09 MiB
[ 721/ 963] blk.44.ffn_norm.weight               - [  2048,      1,      1,      1], type =    f32, size =    0.008 MiB
[ 722/ 963] blk.44.ffn_up.bias                   - [ 11008,      1,      1,      1], type =    f32, size =    0.042 MiB
[ 723/ 963] blk.44.ffn_up.weight                 - [  2048,  11008,      1,      1], type =    f16, converting to q4_K .. size =    43.00 MiB ->    12.09 MiB
[ 724/ 963] blk.45.attn_k.bias                   - [   256,      1,      1,      1], type =    f32, size =    0.001 MiB
[ 725/ 963] blk.45.attn_k.weight                 - [  2048,    256,      1,      1], type =    f16, converting to q4_K .. size =     1.00 MiB ->     0.28 MiB
[ 726/ 963] blk.45.attn_norm.weight              - [  2048,      1,      1,      1], type =    f32, size =    0.008 MiB
[ 727/ 963] blk.45.attn_output.bias              - [  2048,      1,      1,      1], type =    f32, size =    0.008 MiB
[ 728/ 963] blk.45.attn_output.weight            - [  2048,   2048,      1,      1], type =    f16, converting to q4_K .. size =     8.00 MiB ->     2.25 MiB
[ 729/ 963] blk.45.attn_q.bias                   - [  2048,      1,      1,      1], type =    f32, size =    0.008 MiB
[ 730/ 963] blk.45.attn_q.weight                 - [  2048,   2048,      1,      1], type =    f16, converting to q4_K .. size =     8.00 MiB ->     2.25 MiB
[ 731/ 963] blk.45.attn_v.bias                   - [   256,      1,      1,      1], type =    f32, size =    0.001 MiB
[ 732/ 963] blk.45.attn_v.weight                 - [  2048,    256,      1,      1], type =    f16, converting to q6_K .. size =     1.00 MiB ->     0.41 MiB
[ 733/ 963] blk.45.ffn_down.bias                 - [  2048,      1,      1,      1], type =    f32, size =    0.008 MiB
[ 734/ 963] blk.45.ffn_down.weight               - [ 11008,   2048,      1,      1], type =    f16, converting to q6_K .. size =    43.00 MiB ->    17.64 MiB
[ 735/ 963] blk.45.ffn_gate.bias                 - [ 11008,      1,      1,      1], type =    f32, size =    0.042 MiB
[ 736/ 963] blk.45.ffn_gate.weight               - [  2048,  11008,      1,      1], type =    f16, converting to q4_K .. size =    43.00 MiB ->    12.09 MiB
[ 737/ 963] blk.45.ffn_norm.weight               - [  2048,      1,      1,      1], type =    f32, size =    0.008 MiB
[ 738/ 963] blk.45.ffn_up.bias                   - [ 11008,      1,      1,      1], type =    f32, size =    0.042 MiB
[ 739/ 963] blk.45.ffn_up.weight                 - [  2048,  11008,      1,      1], type =    f16, converting to q4_K .. size =    43.00 MiB ->    12.09 MiB
[ 740/ 963] blk.46.attn_k.bias                   - [   256,      1,      1,      1], type =    f32, size =    0.001 MiB
[ 741/ 963] blk.46.attn_k.weight                 - [  2048,    256,      1,      1], type =    f16, converting to q4_K .. size =     1.00 MiB ->     0.28 MiB
[ 742/ 963] blk.46.attn_norm.weight              - [  2048,      1,      1,      1], type =    f32, size =    0.008 MiB
[ 743/ 963] blk.46.attn_output.bias              - [  2048,      1,      1,      1], type =    f32, size =    0.008 MiB
[ 744/ 963] blk.46.attn_output.weight            - [  2048,   2048,      1,      1], type =    f16, converting to q4_K .. size =     8.00 MiB ->     2.25 MiB
[ 745/ 963] blk.46.attn_q.bias                   - [  2048,      1,      1,      1], type =    f32, size =    0.008 MiB
[ 746/ 963] blk.46.attn_q.weight                 - [  2048,   2048,      1,      1], type =    f16, converting to q4_K .. size =     8.00 MiB ->     2.25 MiB
[ 747/ 963] blk.46.attn_v.bias                   - [   256,      1,      1,      1], type =    f32, size =    0.001 MiB
[ 748/ 963] blk.46.attn_v.weight                 - [  2048,    256,      1,      1], type =    f16, converting to q4_K .. size =     1.00 MiB ->     0.28 MiB
[ 749/ 963] blk.46.ffn_down.bias                 - [  2048,      1,      1,      1], type =    f32, size =    0.008 MiB
[ 750/ 963] blk.46.ffn_down.weight               - [ 11008,   2048,      1,      1], type =    f16, converting to q4_K .. size =    43.00 MiB ->    12.09 MiB
[ 751/ 963] blk.46.ffn_gate.bias                 - [ 11008,      1,      1,      1], type =    f32, size =    0.042 MiB
[ 752/ 963] blk.46.ffn_gate.weight               - [  2048,  11008,      1,      1], type =    f16, converting to q4_K .. size =    43.00 MiB ->    12.09 MiB
[ 753/ 963] blk.46.ffn_norm.weight               - [  2048,      1,      1,      1], type =    f32, size =    0.008 MiB
[ 754/ 963] blk.46.ffn_up.bias                   - [ 11008,      1,      1,      1], type =    f32, size =    0.042 MiB
[ 755/ 963] blk.46.ffn_up.weight                 - [  2048,  11008,      1,      1], type =    f16, converting to q4_K .. size =    43.00 MiB ->    12.09 MiB
[ 756/ 963] blk.47.attn_k.bias                   - [   256,      1,      1,      1], type =    f32, size =    0.001 MiB
[ 757/ 963] blk.47.attn_k.weight                 - [  2048,    256,      1,      1], type =    f16, converting to q4_K .. size =     1.00 MiB ->     0.28 MiB
[ 758/ 963] blk.47.attn_norm.weight              - [  2048,      1,      1,      1], type =    f32, size =    0.008 MiB
[ 759/ 963] blk.47.attn_output.bias              - [  2048,      1,      1,      1], type =    f32, size =    0.008 MiB
[ 760/ 963] blk.47.attn_output.weight            - [  2048,   2048,      1,      1], type =    f16, converting to q4_K .. size =     8.00 MiB ->     2.25 MiB
[ 761/ 963] blk.47.attn_q.bias                   - [  2048,      1,      1,      1], type =    f32, size =    0.008 MiB
[ 762/ 963] blk.47.attn_q.weight                 - [  2048,   2048,      1,      1], type =    f16, converting to q4_K .. size =     8.00 MiB ->     2.25 MiB
[ 763/ 963] blk.47.attn_v.bias                   - [   256,      1,      1,      1], type =    f32, size =    0.001 MiB
[ 764/ 963] blk.47.attn_v.weight                 - [  2048,    256,      1,      1], type =    f16, converting to q4_K .. size =     1.00 MiB ->     0.28 MiB
[ 765/ 963] blk.47.ffn_down.bias                 - [  2048,      1,      1,      1], type =    f32, size =    0.008 MiB
[ 766/ 963] blk.47.ffn_down.weight               - [ 11008,   2048,      1,      1], type =    f16, converting to q4_K .. size =    43.00 MiB ->    12.09 MiB
[ 767/ 963] blk.47.ffn_gate.bias                 - [ 11008,      1,      1,      1], type =    f32, size =    0.042 MiB
[ 768/ 963] blk.47.ffn_gate.weight               - [  2048,  11008,      1,      1], type =    f16, converting to q4_K .. size =    43.00 MiB ->    12.09 MiB
[ 769/ 963] blk.47.ffn_norm.weight               - [  2048,      1,      1,      1], type =    f32, size =    0.008 MiB
[ 770/ 963] blk.47.ffn_up.bias                   - [ 11008,      1,      1,      1], type =    f32, size =    0.042 MiB
[ 771/ 963] blk.47.ffn_up.weight                 - [  2048,  11008,      1,      1], type =    f16, converting to q4_K .. size =    43.00 MiB ->    12.09 MiB
[ 772/ 963] blk.48.attn_k.bias                   - [   256,      1,      1,      1], type =    f32, size =    0.001 MiB
[ 773/ 963] blk.48.attn_k.weight                 - [  2048,    256,      1,      1], type =    f16, converting to q4_K .. size =     1.00 MiB ->     0.28 MiB
[ 774/ 963] blk.48.attn_norm.weight              - [  2048,      1,      1,      1], type =    f32, size =    0.008 MiB
[ 775/ 963] blk.48.attn_output.bias              - [  2048,      1,      1,      1], type =    f32, size =    0.008 MiB
[ 776/ 963] blk.48.attn_output.weight            - [  2048,   2048,      1,      1], type =    f16, converting to q4_K .. size =     8.00 MiB ->     2.25 MiB
[ 777/ 963] blk.48.attn_q.bias                   - [  2048,      1,      1,      1], type =    f32, size =    0.008 MiB
[ 778/ 963] blk.48.attn_q.weight                 - [  2048,   2048,      1,      1], type =    f16, converting to q4_K .. size =     8.00 MiB ->     2.25 MiB
[ 779/ 963] blk.48.attn_v.bias                   - [   256,      1,      1,      1], type =    f32, size =    0.001 MiB
[ 780/ 963] blk.48.attn_v.weight                 - [  2048,    256,      1,      1], type =    f16, converting to q6_K .. size =     1.00 MiB ->     0.41 MiB
[ 781/ 963] blk.48.ffn_down.bias                 - [  2048,      1,      1,      1], type =    f32, size =    0.008 MiB
[ 782/ 963] blk.48.ffn_down.weight               - [ 11008,   2048,      1,      1], type =    f16, converting to q6_K .. size =    43.00 MiB ->    17.64 MiB
[ 783/ 963] blk.48.ffn_gate.bias                 - [ 11008,      1,      1,      1], type =    f32, size =    0.042 MiB
[ 784/ 963] blk.48.ffn_gate.weight               - [  2048,  11008,      1,      1], type =    f16, converting to q4_K .. size =    43.00 MiB ->    12.09 MiB
[ 785/ 963] blk.48.ffn_norm.weight               - [  2048,      1,      1,      1], type =    f32, size =    0.008 MiB
[ 786/ 963] blk.48.ffn_up.bias                   - [ 11008,      1,      1,      1], type =    f32, size =    0.042 MiB
[ 787/ 963] blk.48.ffn_up.weight                 - [  2048,  11008,      1,      1], type =    f16, converting to q4_K .. size =    43.00 MiB ->    12.09 MiB
[ 788/ 963] blk.49.attn_k.bias                   - [   256,      1,      1,      1], type =    f32, size =    0.001 MiB
[ 789/ 963] blk.49.attn_k.weight                 - [  2048,    256,      1,      1], type =    f16, converting to q4_K .. size =     1.00 MiB ->     0.28 MiB
[ 790/ 963] blk.49.attn_norm.weight              - [  2048,      1,      1,      1], type =    f32, size =    0.008 MiB
[ 791/ 963] blk.49.attn_output.bias              - [  2048,      1,      1,      1], type =    f32, size =    0.008 MiB
[ 792/ 963] blk.49.attn_output.weight            - [  2048,   2048,      1,      1], type =    f16, converting to q4_K .. size =     8.00 MiB ->     2.25 MiB
[ 793/ 963] blk.49.attn_q.bias                   - [  2048,      1,      1,      1], type =    f32, size =    0.008 MiB
[ 794/ 963] blk.49.attn_q.weight                 - [  2048,   2048,      1,      1], type =    f16, converting to q4_K .. size =     8.00 MiB ->     2.25 MiB
[ 795/ 963] blk.49.attn_v.bias                   - [   256,      1,      1,      1], type =    f32, size =    0.001 MiB
[ 796/ 963] blk.49.attn_v.weight                 - [  2048,    256,      1,      1], type =    f16, converting to q4_K .. size =     1.00 MiB ->     0.28 MiB
[ 797/ 963] blk.49.ffn_down.bias                 - [  2048,      1,      1,      1], type =    f32, size =    0.008 MiB
[ 798/ 963] blk.49.ffn_down.weight               - [ 11008,   2048,      1,      1], type =    f16, converting to q4_K .. size =    43.00 MiB ->    12.09 MiB
[ 799/ 963] blk.49.ffn_gate.bias                 - [ 11008,      1,      1,      1], type =    f32, size =    0.042 MiB
[ 800/ 963] blk.49.ffn_gate.weight               - [  2048,  11008,      1,      1], type =    f16, converting to q4_K .. size =    43.00 MiB ->    12.09 MiB
[ 801/ 963] blk.49.ffn_norm.weight               - [  2048,      1,      1,      1], type =    f32, size =    0.008 MiB
[ 802/ 963] blk.49.ffn_up.bias                   - [ 11008,      1,      1,      1], type =    f32, size =    0.042 MiB
[ 803/ 963] blk.49.ffn_up.weight                 - [  2048,  11008,      1,      1], type =    f16, converting to q4_K .. size =    43.00 MiB ->    12.09 MiB
[ 804/ 963] blk.50.attn_k.bias                   - [   256,      1,      1,      1], type =    f32, size =    0.001 MiB
[ 805/ 963] blk.50.attn_k.weight                 - [  2048,    256,      1,      1], type =    f16, converting to q4_K .. size =     1.00 MiB ->     0.28 MiB
[ 806/ 963] blk.50.attn_norm.weight              - [  2048,      1,      1,      1], type =    f32, size =    0.008 MiB
[ 807/ 963] blk.50.attn_output.bias              - [  2048,      1,      1,      1], type =    f32, size =    0.008 MiB
[ 808/ 963] blk.50.attn_output.weight            - [  2048,   2048,      1,      1], type =    f16, converting to q4_K .. size =     8.00 MiB ->     2.25 MiB
[ 809/ 963] blk.50.attn_q.bias                   - [  2048,      1,      1,      1], type =    f32, size =    0.008 MiB
[ 810/ 963] blk.50.attn_q.weight                 - [  2048,   2048,      1,      1], type =    f16, converting to q4_K .. size =     8.00 MiB ->     2.25 MiB
[ 811/ 963] blk.50.attn_v.bias                   - [   256,      1,      1,      1], type =    f32, size =    0.001 MiB
[ 812/ 963] blk.50.attn_v.weight                 - [  2048,    256,      1,      1], type =    f16, converting to q4_K .. size =     1.00 MiB ->     0.28 MiB
[ 813/ 963] blk.50.ffn_down.bias                 - [  2048,      1,      1,      1], type =    f32, size =    0.008 MiB
[ 814/ 963] blk.50.ffn_down.weight               - [ 11008,   2048,      1,      1], type =    f16, converting to q4_K .. size =    43.00 MiB ->    12.09 MiB
[ 815/ 963] blk.50.ffn_gate.bias                 - [ 11008,      1,      1,      1], type =    f32, size =    0.042 MiB
[ 816/ 963] blk.50.ffn_gate.weight               - [  2048,  11008,      1,      1], type =    f16, converting to q4_K .. size =    43.00 MiB ->    12.09 MiB
[ 817/ 963] blk.50.ffn_norm.weight               - [  2048,      1,      1,      1], type =    f32, size =    0.008 MiB
[ 818/ 963] blk.50.ffn_up.bias                   - [ 11008,      1,      1,      1], type =    f32, size =    0.042 MiB
[ 819/ 963] blk.50.ffn_up.weight                 - [  2048,  11008,      1,      1], type =    f16, converting to q4_K .. size =    43.00 MiB ->    12.09 MiB
[ 820/ 963] blk.51.attn_k.bias                   - [   256,      1,      1,      1], type =    f32, size =    0.001 MiB
[ 821/ 963] blk.51.attn_k.weight                 - [  2048,    256,      1,      1], type =    f16, converting to q4_K .. size =     1.00 MiB ->     0.28 MiB
[ 822/ 963] blk.51.attn_norm.weight              - [  2048,      1,      1,      1], type =    f32, size =    0.008 MiB
[ 823/ 963] blk.51.attn_output.bias              - [  2048,      1,      1,      1], type =    f32, size =    0.008 MiB
[ 824/ 963] blk.51.attn_output.weight            - [  2048,   2048,      1,      1], type =    f16, converting to q4_K .. size =     8.00 MiB ->     2.25 MiB
[ 825/ 963] blk.51.attn_q.bias                   - [  2048,      1,      1,      1], type =    f32, size =    0.008 MiB
[ 826/ 963] blk.51.attn_q.weight                 - [  2048,   2048,      1,      1], type =    f16, converting to q4_K .. size =     8.00 MiB ->     2.25 MiB
[ 827/ 963] blk.51.attn_v.bias                   - [   256,      1,      1,      1], type =    f32, size =    0.001 MiB
[ 828/ 963] blk.51.attn_v.weight                 - [  2048,    256,      1,      1], type =    f16, converting to q6_K .. size =     1.00 MiB ->     0.41 MiB
[ 829/ 963] blk.51.ffn_down.bias                 - [  2048,      1,      1,      1], type =    f32, size =    0.008 MiB
[ 830/ 963] blk.51.ffn_down.weight               - [ 11008,   2048,      1,      1], type =    f16, converting to q6_K .. size =    43.00 MiB ->    17.64 MiB
[ 831/ 963] blk.51.ffn_gate.bias                 - [ 11008,      1,      1,      1], type =    f32, size =    0.042 MiB
[ 832/ 963] blk.51.ffn_gate.weight               - [  2048,  11008,      1,      1], type =    f16, converting to q4_K .. size =    43.00 MiB ->    12.09 MiB
[ 833/ 963] blk.51.ffn_norm.weight               - [  2048,      1,      1,      1], type =    f32, size =    0.008 MiB
[ 834/ 963] blk.51.ffn_up.bias                   - [ 11008,      1,      1,      1], type =    f32, size =    0.042 MiB
[ 835/ 963] blk.51.ffn_up.weight                 - [  2048,  11008,      1,      1], type =    f16, converting to q4_K .. size =    43.00 MiB ->    12.09 MiB
[ 836/ 963] blk.52.attn_k.bias                   - [   256,      1,      1,      1], type =    f32, size =    0.001 MiB
[ 837/ 963] blk.52.attn_k.weight                 - [  2048,    256,      1,      1], type =    f16, converting to q4_K .. size =     1.00 MiB ->     0.28 MiB
[ 838/ 963] blk.52.attn_norm.weight              - [  2048,      1,      1,      1], type =    f32, size =    0.008 MiB
[ 839/ 963] blk.52.attn_output.bias              - [  2048,      1,      1,      1], type =    f32, size =    0.008 MiB
[ 840/ 963] blk.52.attn_output.weight            - [  2048,   2048,      1,      1], type =    f16, converting to q4_K .. size =     8.00 MiB ->     2.25 MiB
[ 841/ 963] blk.52.attn_q.bias                   - [  2048,      1,      1,      1], type =    f32, size =    0.008 MiB
[ 842/ 963] blk.52.attn_q.weight                 - [  2048,   2048,      1,      1], type =    f16, converting to q4_K .. size =     8.00 MiB ->     2.25 MiB
[ 843/ 963] blk.52.attn_v.bias                   - [   256,      1,      1,      1], type =    f32, size =    0.001 MiB
[ 844/ 963] blk.52.attn_v.weight                 - [  2048,    256,      1,      1], type =    f16, converting to q6_K .. size =     1.00 MiB ->     0.41 MiB
[ 845/ 963] blk.52.ffn_down.bias                 - [  2048,      1,      1,      1], type =    f32, size =    0.008 MiB
[ 846/ 963] blk.52.ffn_down.weight               - [ 11008,   2048,      1,      1], type =    f16, converting to q6_K .. size =    43.00 MiB ->    17.64 MiB
[ 847/ 963] blk.52.ffn_gate.bias                 - [ 11008,      1,      1,      1], type =    f32, size =    0.042 MiB
[ 848/ 963] blk.52.ffn_gate.weight               - [  2048,  11008,      1,      1], type =    f16, converting to q4_K .. size =    43.00 MiB ->    12.09 MiB
[ 849/ 963] blk.52.ffn_norm.weight               - [  2048,      1,      1,      1], type =    f32, size =    0.008 MiB
[ 850/ 963] blk.52.ffn_up.bias                   - [ 11008,      1,      1,      1], type =    f32, size =    0.042 MiB
[ 851/ 963] blk.52.ffn_up.weight                 - [  2048,  11008,      1,      1], type =    f16, converting to q4_K .. size =    43.00 MiB ->    12.09 MiB
[ 852/ 963] blk.53.attn_k.bias                   - [   256,      1,      1,      1], type =    f32, size =    0.001 MiB
[ 853/ 963] blk.53.attn_k.weight                 - [  2048,    256,      1,      1], type =    f16, converting to q4_K .. size =     1.00 MiB ->     0.28 MiB
[ 854/ 963] blk.53.attn_norm.weight              - [  2048,      1,      1,      1], type =    f32, size =    0.008 MiB
[ 855/ 963] blk.53.attn_output.bias              - [  2048,      1,      1,      1], type =    f32, size =    0.008 MiB
[ 856/ 963] blk.53.attn_output.weight            - [  2048,   2048,      1,      1], type =    f16, converting to q4_K .. size =     8.00 MiB ->     2.25 MiB
[ 857/ 963] blk.53.attn_q.bias                   - [  2048,      1,      1,      1], type =    f32, size =    0.008 MiB
[ 858/ 963] blk.53.attn_q.weight                 - [  2048,   2048,      1,      1], type =    f16, converting to q4_K .. size =     8.00 MiB ->     2.25 MiB
[ 859/ 963] blk.53.attn_v.bias                   - [   256,      1,      1,      1], type =    f32, size =    0.001 MiB
[ 860/ 963] blk.53.attn_v.weight                 - [  2048,    256,      1,      1], type =    f16, converting to q6_K .. size =     1.00 MiB ->     0.41 MiB
[ 861/ 963] blk.53.ffn_down.bias                 - [  2048,      1,      1,      1], type =    f32, size =    0.008 MiB
[ 862/ 963] blk.53.ffn_down.weight               - [ 11008,   2048,      1,      1], type =    f16, converting to q6_K .. size =    43.00 MiB ->    17.64 MiB
[ 863/ 963] blk.53.ffn_gate.bias                 - [ 11008,      1,      1,      1], type =    f32, size =    0.042 MiB
[ 864/ 963] blk.53.ffn_gate.weight               - [  2048,  11008,      1,      1], type =    f16, converting to q4_K .. size =    43.00 MiB ->    12.09 MiB
[ 865/ 963] blk.53.ffn_norm.weight               - [  2048,      1,      1,      1], type =    f32, size =    0.008 MiB
[ 866/ 963] blk.53.ffn_up.bias                   - [ 11008,      1,      1,      1], type =    f32, size =    0.042 MiB
[ 867/ 963] blk.53.ffn_up.weight                 - [  2048,  11008,      1,      1], type =    f16, converting to q4_K .. size =    43.00 MiB ->    12.09 MiB
[ 868/ 963] blk.54.attn_k.bias                   - [   256,      1,      1,      1], type =    f32, size =    0.001 MiB
[ 869/ 963] blk.54.attn_k.weight                 - [  2048,    256,      1,      1], type =    f16, converting to q4_K .. size =     1.00 MiB ->     0.28 MiB
[ 870/ 963] blk.54.attn_norm.weight              - [  2048,      1,      1,      1], type =    f32, size =    0.008 MiB
[ 871/ 963] blk.54.attn_output.bias              - [  2048,      1,      1,      1], type =    f32, size =    0.008 MiB
[ 872/ 963] blk.54.attn_output.weight            - [  2048,   2048,      1,      1], type =    f16, converting to q4_K .. size =     8.00 MiB ->     2.25 MiB
[ 873/ 963] blk.54.attn_q.bias                   - [  2048,      1,      1,      1], type =    f32, size =    0.008 MiB
[ 874/ 963] blk.54.attn_q.weight                 - [  2048,   2048,      1,      1], type =    f16, converting to q4_K .. size =     8.00 MiB ->     2.25 MiB
[ 875/ 963] blk.54.attn_v.bias                   - [   256,      1,      1,      1], type =    f32, size =    0.001 MiB
[ 876/ 963] blk.54.attn_v.weight                 - [  2048,    256,      1,      1], type =    f16, converting to q6_K .. size =     1.00 MiB ->     0.41 MiB
[ 877/ 963] blk.54.ffn_down.bias                 - [  2048,      1,      1,      1], type =    f32, size =    0.008 MiB
[ 878/ 963] blk.54.ffn_down.weight               - [ 11008,   2048,      1,      1], type =    f16, converting to q6_K .. size =    43.00 MiB ->    17.64 MiB
[ 879/ 963] blk.54.ffn_gate.bias                 - [ 11008,      1,      1,      1], type =    f32, size =    0.042 MiB
[ 880/ 963] blk.54.ffn_gate.weight               - [  2048,  11008,      1,      1], type =    f16, converting to q4_K .. size =    43.00 MiB ->    12.09 MiB
[ 881/ 963] blk.54.ffn_norm.weight               - [  2048,      1,      1,      1], type =    f32, size =    0.008 MiB
[ 882/ 963] blk.54.ffn_up.bias                   - [ 11008,      1,      1,      1], type =    f32, size =    0.042 MiB
[ 883/ 963] blk.54.ffn_up.weight                 - [  2048,  11008,      1,      1], type =    f16, converting to q4_K .. size =    43.00 MiB ->    12.09 MiB
[ 884/ 963] blk.55.attn_k.bias                   - [   256,      1,      1,      1], type =    f32, size =    0.001 MiB
[ 885/ 963] blk.55.attn_k.weight                 - [  2048,    256,      1,      1], type =    f16, converting to q4_K .. size =     1.00 MiB ->     0.28 MiB
[ 886/ 963] blk.55.attn_norm.weight              - [  2048,      1,      1,      1], type =    f32, size =    0.008 MiB
[ 887/ 963] blk.55.attn_output.bias              - [  2048,      1,      1,      1], type =    f32, size =    0.008 MiB
[ 888/ 963] blk.55.attn_output.weight            - [  2048,   2048,      1,      1], type =    f16, converting to q4_K .. size =     8.00 MiB ->     2.25 MiB
[ 889/ 963] blk.55.attn_q.bias                   - [  2048,      1,      1,      1], type =    f32, size =    0.008 MiB
[ 890/ 963] blk.55.attn_q.weight                 - [  2048,   2048,      1,      1], type =    f16, converting to q4_K .. size =     8.00 MiB ->     2.25 MiB
[ 891/ 963] blk.55.attn_v.bias                   - [   256,      1,      1,      1], type =    f32, size =    0.001 MiB
[ 892/ 963] blk.55.attn_v.weight                 - [  2048,    256,      1,      1], type =    f16, converting to q6_K .. size =     1.00 MiB ->     0.41 MiB
[ 893/ 963] blk.55.ffn_down.bias                 - [  2048,      1,      1,      1], type =    f32, size =    0.008 MiB
[ 894/ 963] blk.55.ffn_down.weight               - [ 11008,   2048,      1,      1], type =    f16, converting to q6_K .. size =    43.00 MiB ->    17.64 MiB
[ 895/ 963] blk.55.ffn_gate.bias                 - [ 11008,      1,      1,      1], type =    f32, size =    0.042 MiB
[ 896/ 963] blk.55.ffn_gate.weight               - [  2048,  11008,      1,      1], type =    f16, converting to q4_K .. size =    43.00 MiB ->    12.09 MiB
[ 897/ 963] blk.55.ffn_norm.weight               - [  2048,      1,      1,      1], type =    f32, size =    0.008 MiB
[ 898/ 963] blk.55.ffn_up.bias                   - [ 11008,      1,      1,      1], type =    f32, size =    0.042 MiB
[ 899/ 963] blk.55.ffn_up.weight                 - [  2048,  11008,      1,      1], type =    f16, converting to q4_K .. size =    43.00 MiB ->    12.09 MiB
[ 900/ 963] blk.56.attn_k.bias                   - [   256,      1,      1,      1], type =    f32, size =    0.001 MiB
[ 901/ 963] blk.56.attn_k.weight                 - [  2048,    256,      1,      1], type =    f16, converting to q4_K .. size =     1.00 MiB ->     0.28 MiB
[ 902/ 963] blk.56.attn_norm.weight              - [  2048,      1,      1,      1], type =    f32, size =    0.008 MiB
[ 903/ 963] blk.56.attn_output.bias              - [  2048,      1,      1,      1], type =    f32, size =    0.008 MiB
[ 904/ 963] blk.56.attn_output.weight            - [  2048,   2048,      1,      1], type =    f16, converting to q4_K .. size =     8.00 MiB ->     2.25 MiB
[ 905/ 963] blk.56.attn_q.bias                   - [  2048,      1,      1,      1], type =    f32, size =    0.008 MiB
[ 906/ 963] blk.56.attn_q.weight                 - [  2048,   2048,      1,      1], type =    f16, converting to q4_K .. size =     8.00 MiB ->     2.25 MiB
[ 907/ 963] blk.56.attn_v.bias                   - [   256,      1,      1,      1], type =    f32, size =    0.001 MiB
[ 908/ 963] blk.56.attn_v.weight                 - [  2048,    256,      1,      1], type =    f16, converting to q6_K .. size =     1.00 MiB ->     0.41 MiB
[ 909/ 963] blk.56.ffn_down.bias                 - [  2048,      1,      1,      1], type =    f32, size =    0.008 MiB
[ 910/ 963] blk.56.ffn_down.weight               - [ 11008,   2048,      1,      1], type =    f16, converting to q6_K .. size =    43.00 MiB ->    17.64 MiB
[ 911/ 963] blk.56.ffn_gate.bias                 - [ 11008,      1,      1,      1], type =    f32, size =    0.042 MiB
[ 912/ 963] blk.56.ffn_gate.weight               - [  2048,  11008,      1,      1], type =    f16, converting to q4_K .. size =    43.00 MiB ->    12.09 MiB
[ 913/ 963] blk.56.ffn_norm.weight               - [  2048,      1,      1,      1], type =    f32, size =    0.008 MiB
[ 914/ 963] blk.56.ffn_up.bias                   - [ 11008,      1,      1,      1], type =    f32, size =    0.042 MiB
[ 915/ 963] blk.56.ffn_up.weight                 - [  2048,  11008,      1,      1], type =    f16, converting to q4_K .. size =    43.00 MiB ->    12.09 MiB
[ 916/ 963] blk.57.attn_k.bias                   - [   256,      1,      1,      1], type =    f32, size =    0.001 MiB
[ 917/ 963] blk.57.attn_k.weight                 - [  2048,    256,      1,      1], type =    f16, converting to q4_K .. size =     1.00 MiB ->     0.28 MiB
[ 918/ 963] blk.57.attn_norm.weight              - [  2048,      1,      1,      1], type =    f32, size =    0.008 MiB
[ 919/ 963] blk.57.attn_output.bias              - [  2048,      1,      1,      1], type =    f32, size =    0.008 MiB
[ 920/ 963] blk.57.attn_output.weight            - [  2048,   2048,      1,      1], type =    f16, converting to q4_K .. size =     8.00 MiB ->     2.25 MiB
[ 921/ 963] blk.57.attn_q.bias                   - [  2048,      1,      1,      1], type =    f32, size =    0.008 MiB
[ 922/ 963] blk.57.attn_q.weight                 - [  2048,   2048,      1,      1], type =    f16, converting to q4_K .. size =     8.00 MiB ->     2.25 MiB
[ 923/ 963] blk.57.attn_v.bias                   - [   256,      1,      1,      1], type =    f32, size =    0.001 MiB
[ 924/ 963] blk.57.attn_v.weight                 - [  2048,    256,      1,      1], type =    f16, converting to q6_K .. size =     1.00 MiB ->     0.41 MiB
[ 925/ 963] blk.57.ffn_down.bias                 - [  2048,      1,      1,      1], type =    f32, size =    0.008 MiB
[ 926/ 963] blk.57.ffn_down.weight               - [ 11008,   2048,      1,      1], type =    f16, converting to q6_K .. size =    43.00 MiB ->    17.64 MiB
[ 927/ 963] blk.57.ffn_gate.bias                 - [ 11008,      1,      1,      1], type =    f32, size =    0.042 MiB
[ 928/ 963] blk.57.ffn_gate.weight               - [  2048,  11008,      1,      1], type =    f16, converting to q4_K .. size =    43.00 MiB ->    12.09 MiB
[ 929/ 963] blk.57.ffn_norm.weight               - [  2048,      1,      1,      1], type =    f32, size =    0.008 MiB
[ 930/ 963] blk.57.ffn_up.bias                   - [ 11008,      1,      1,      1], type =    f32, size =    0.042 MiB
[ 931/ 963] blk.57.ffn_up.weight                 - [  2048,  11008,      1,      1], type =    f16, converting to q4_K .. size =    43.00 MiB ->    12.09 MiB
[ 932/ 963] blk.58.attn_k.bias                   - [   256,      1,      1,      1], type =    f32, size =    0.001 MiB
[ 933/ 963] blk.58.attn_k.weight                 - [  2048,    256,      1,      1], type =    f16, converting to q4_K .. size =     1.00 MiB ->     0.28 MiB
[ 934/ 963] blk.58.attn_norm.weight              - [  2048,      1,      1,      1], type =    f32, size =    0.008 MiB
[ 935/ 963] blk.58.attn_output.bias              - [  2048,      1,      1,      1], type =    f32, size =    0.008 MiB
[ 936/ 963] blk.58.attn_output.weight            - [  2048,   2048,      1,      1], type =    f16, converting to q4_K .. size =     8.00 MiB ->     2.25 MiB
[ 937/ 963] blk.58.attn_q.bias                   - [  2048,      1,      1,      1], type =    f32, size =    0.008 MiB
[ 938/ 963] blk.58.attn_q.weight                 - [  2048,   2048,      1,      1], type =    f16, converting to q4_K .. size =     8.00 MiB ->     2.25 MiB
[ 939/ 963] blk.58.attn_v.bias                   - [   256,      1,      1,      1], type =    f32, size =    0.001 MiB
[ 940/ 963] blk.58.attn_v.weight                 - [  2048,    256,      1,      1], type =    f16, converting to q6_K .. size =     1.00 MiB ->     0.41 MiB
[ 941/ 963] blk.58.ffn_down.bias                 - [  2048,      1,      1,      1], type =    f32, size =    0.008 MiB
[ 942/ 963] blk.58.ffn_down.weight               - [ 11008,   2048,      1,      1], type =    f16, converting to q6_K .. size =    43.00 MiB ->    17.64 MiB
[ 943/ 963] blk.58.ffn_gate.bias                 - [ 11008,      1,      1,      1], type =    f32, size =    0.042 MiB
[ 944/ 963] blk.58.ffn_gate.weight               - [  2048,  11008,      1,      1], type =    f16, converting to q4_K .. size =    43.00 MiB ->    12.09 MiB
[ 945/ 963] blk.58.ffn_norm.weight               - [  2048,      1,      1,      1], type =    f32, size =    0.008 MiB
[ 946/ 963] blk.58.ffn_up.bias                   - [ 11008,      1,      1,      1], type =    f32, size =    0.042 MiB
[ 947/ 963] blk.58.ffn_up.weight                 - [  2048,  11008,      1,      1], type =    f16, converting to q4_K .. size =    43.00 MiB ->    12.09 MiB
[ 948/ 963] blk.59.attn_k.bias                   - [   256,      1,      1,      1], type =    f32, size =    0.001 MiB
[ 949/ 963] blk.59.attn_k.weight                 - [  2048,    256,      1,      1], type =    f16, converting to q4_K .. size =     1.00 MiB ->     0.28 MiB
[ 950/ 963] blk.59.attn_norm.weight              - [  2048,      1,      1,      1], type =    f32, size =    0.008 MiB
[ 951/ 963] blk.59.attn_output.bias              - [  2048,      1,      1,      1], type =    f32, size =    0.008 MiB
[ 952/ 963] blk.59.attn_output.weight            - [  2048,   2048,      1,      1], type =    f16, converting to q4_K .. size =     8.00 MiB ->     2.25 MiB
[ 953/ 963] blk.59.attn_q.bias                   - [  2048,      1,      1,      1], type =    f32, size =    0.008 MiB
[ 954/ 963] blk.59.attn_q.weight                 - [  2048,   2048,      1,      1], type =    f16, converting to q4_K .. size =     8.00 MiB ->     2.25 MiB
[ 955/ 963] blk.59.attn_v.bias                   - [   256,      1,      1,      1], type =    f32, size =    0.001 MiB
[ 956/ 963] blk.59.attn_v.weight                 - [  2048,    256,      1,      1], type =    f16, converting to q6_K .. size =     1.00 MiB ->     0.41 MiB
[ 957/ 963] blk.59.ffn_down.bias                 - [  2048,      1,      1,      1], type =    f32, size =    0.008 MiB
[ 958/ 963] blk.59.ffn_down.weight               - [ 11008,   2048,      1,      1], type =    f16, converting to q6_K .. size =    43.00 MiB ->    17.64 MiB
[ 959/ 963] blk.59.ffn_gate.bias                 - [ 11008,      1,      1,      1], type =    f32, size =    0.042 MiB
[ 960/ 963] blk.59.ffn_gate.weight               - [  2048,  11008,      1,      1], type =    f16, converting to q4_K .. size =    43.00 MiB ->    12.09 MiB
[ 961/ 963] blk.59.ffn_norm.weight               - [  2048,      1,      1,      1], type =    f32, size =    0.008 MiB
[ 962/ 963] blk.59.ffn_up.bias                   - [ 11008,      1,      1,      1], type =    f32, size =    0.042 MiB
[ 963/ 963] blk.59.ffn_up.weight                 - [  2048,  11008,      1,      1], type =    f16, converting to q4_K .. size =    43.00 MiB ->    12.09 MiB
llama_model_quantize_impl: model size  =  9077.51 MiB (16.01 BPW)
llama_model_quantize_impl: quant size  =  2744.71 MiB (4.84 BPW)

llama_quantize: quantize time = 33427.48 ms
llama_quantize:    total time = 33427.48 ms
[prepare] done: ./models/bielik-4.5b/bielik-4.5b-Q4_K_M.gguf size=2.7G time=33s
[prepare] quantizing: ./models/bielik-4.5b/Bielik-4.5B-v3.0-Instruct-fp16.gguf -> ./models/bielik-4.5b/bielik-4.5b-Q4_0.gguf (Q4_0)
load_backend: loaded BLAS backend from /opt/homebrew/Cellar/ggml/0.13.1/libexec/libggml-blas.so
ggml_metal_device_init: tensor API disabled for pre-M5 and pre-A19 devices
ggml_metal_library_init: using embedded metal library
ggml_metal_library_init: loaded in 0.008 sec
ggml_metal_rsets_init: creating a residency set collection (keep_alive = 180 s)
ggml_metal_device_init: GPU name:   MTL0 (Apple M4)
ggml_metal_device_init: GPU family: MTLGPUFamilyApple9  (1009)
ggml_metal_device_init: GPU family: MTLGPUFamilyCommon3 (3003)
ggml_metal_device_init: GPU family: MTLGPUFamilyMetal4  (5002)
ggml_metal_device_init: simdgroup reduction   = true
ggml_metal_device_init: simdgroup matrix mul. = true
ggml_metal_device_init: has unified memory    = true
ggml_metal_device_init: has bfloat            = true
ggml_metal_device_init: has tensor            = false
ggml_metal_device_init: use residency sets    = true
ggml_metal_device_init: use shared buffers    = true
ggml_metal_device_init: recommendedMaxWorkingSetSize  = 12713.12 MB
load_backend: loaded MTL backend from /opt/homebrew/Cellar/ggml/0.13.1/libexec/libggml-metal.so
load_backend: loaded CPU backend from /opt/homebrew/Cellar/ggml/0.13.1/libexec/libggml-cpu-apple_m4.so
llama_print_build_info: build = 9430 (d48a56eff)
llama_print_build_info: built with AppleClang 21.0.0.21000099 for Darwin arm64
llama_quantize: quantizing './models/bielik-4.5b/Bielik-4.5B-v3.0-Instruct-fp16.gguf' to './models/bielik-4.5b/bielik-4.5b-Q4_0.gguf.incomplete' as Q4_0
llama_model_loader: loaded meta data with 42 key-value pairs and 963 tensors from ./models/bielik-4.5b/Bielik-4.5B-v3.0-Instruct-fp16.gguf (version GGUF V3 (latest))
llama_model_loader: Dumping metadata keys/values. Note: KV overrides do not apply in this output.
llama_model_loader: - kv   0:                       general.architecture str              = llama
llama_model_loader: - kv   1:                               general.type str              = model
llama_model_loader: - kv   2:                               general.name str              = Bielik-4.5B-v3.0-Instruct
llama_model_loader: - kv   3:                             general.author str              = Speakleash
llama_model_loader: - kv   4:                            general.version str              = v3.0
llama_model_loader: - kv   5:                       general.organization str              = Speakleash
llama_model_loader: - kv   6:                           general.finetune str              = instruct
llama_model_loader: - kv   7:                           general.basename str              = Bielik-1.5B-v3.0
llama_model_loader: - kv   8:                        general.description str              = Bielik LLM -  Bielik-1.5B-v3.0-Instru...
llama_model_loader: - kv   9:                       general.quantized_by str              = Remek Kinas
llama_model_loader: - kv  10:                         general.size_label str              = 4.8B
llama_model_loader: - kv  11:                       general.license.name str              = Apache License Version 2.0, January 2004
llama_model_loader: - kv  12:                           general.repo_url str              = https://huggingface.co/speakleash/Bie...
llama_model_loader: - kv  13:                               general.tags arr[str,5]       = ["text generation", "transformer", "l...
llama_model_loader: - kv  14:                          general.languages arr[str,1]       = ["pl"]
llama_model_loader: - kv  15:                          llama.block_count u32              = 60
llama_model_loader: - kv  16:                       llama.context_length u32              = 8192
llama_model_loader: - kv  17:                     llama.embedding_length u32              = 2048
llama_model_loader: - kv  18:                  llama.feed_forward_length u32              = 11008
llama_model_loader: - kv  19:                 llama.attention.head_count u32              = 16
llama_model_loader: - kv  20:              llama.attention.head_count_kv u32              = 2
llama_model_loader: - kv  21:                       llama.rope.freq_base f32              = 1000000.000000
llama_model_loader: - kv  22:     llama.attention.layer_norm_rms_epsilon f32              = 0.000001
llama_model_loader: - kv  23:                 llama.attention.key_length u32              = 128
llama_model_loader: - kv  24:               llama.attention.value_length u32              = 128
llama_model_loader: - kv  25:                          general.file_type u32              = 1
llama_model_loader: - kv  26:                           llama.vocab_size u32              = 32000
llama_model_loader: - kv  27:                 llama.rope.dimension_count u32              = 128
llama_model_loader: - kv  28:                       tokenizer.ggml.model str              = llama
llama_model_loader: - kv  29:                         tokenizer.ggml.pre str              = default
llama_model_loader: - kv  30:                      tokenizer.ggml.tokens arr[str,32000]   = ["<unk>", "<s>", "</s>", "<|im_start|...
llama_model_loader: - kv  31:                      tokenizer.ggml.scores arr[f32,32000]   = [-1000.000000, -1000.000000, -1000.00...
llama_model_loader: - kv  32:                  tokenizer.ggml.token_type arr[i32,32000]   = [3, 3, 3, 3, 3, 3, 3, 6, 6, 6, 6, 6, ...
llama_model_loader: - kv  33:                tokenizer.ggml.bos_token_id u32              = 1
llama_model_loader: - kv  34:                tokenizer.ggml.eos_token_id u32              = 4
llama_model_loader: - kv  35:            tokenizer.ggml.unknown_token_id u32              = 0
llama_model_loader: - kv  36:            tokenizer.ggml.padding_token_id u32              = 2
llama_model_loader: - kv  37:               tokenizer.ggml.add_bos_token bool             = true
llama_model_loader: - kv  38:               tokenizer.ggml.add_eos_token bool             = false
llama_model_loader: - kv  39:                    tokenizer.chat_template str              = {{bos_token}}{% for message in messag...
llama_model_loader: - kv  40:            tokenizer.ggml.add_space_prefix bool             = false
llama_model_loader: - kv  41:               general.quantization_version u32              = 2
llama_model_loader: - type  f32:  541 tensors
llama_model_loader: - type  f16:  422 tensors
[   1/ 963] output.weight                        - [  2048,  32000,      1,      1], type =    f16, converting to q6_K .. size =   125.00 MiB ->    51.27 MiB
[   2/ 963] output_norm.weight                   - [  2048,      1,      1,      1], type =    f32, size =    0.008 MiB
[   3/ 963] token_embd.weight                    - [  2048,  32000,      1,      1], type =    f16, converting to q4_0 .. size =   125.00 MiB ->    35.16 MiB
[   4/ 963] blk.0.attn_k.bias                    - [   256,      1,      1,      1], type =    f32, size =    0.001 MiB
[   5/ 963] blk.0.attn_k.weight                  - [  2048,    256,      1,      1], type =    f16, converting to q4_0 .. size =     1.00 MiB ->     0.28 MiB
[   6/ 963] blk.0.attn_norm.weight               - [  2048,      1,      1,      1], type =    f32, size =    0.008 MiB
[   7/ 963] blk.0.attn_output.bias               - [  2048,      1,      1,      1], type =    f32, size =    0.008 MiB
[   8/ 963] blk.0.attn_output.weight             - [  2048,   2048,      1,      1], type =    f16, converting to q4_0 .. size =     8.00 MiB ->     2.25 MiB
[   9/ 963] blk.0.attn_q.bias                    - [  2048,      1,      1,      1], type =    f32, size =    0.008 MiB
[  10/ 963] blk.0.attn_q.weight                  - [  2048,   2048,      1,      1], type =    f16, converting to q4_0 .. size =     8.00 MiB ->     2.25 MiB
[  11/ 963] blk.0.attn_v.bias                    - [   256,      1,      1,      1], type =    f32, size =    0.001 MiB
[  12/ 963] blk.0.attn_v.weight                  - [  2048,    256,      1,      1], type =    f16, converting to q4_0 .. size =     1.00 MiB ->     0.28 MiB
[  13/ 963] blk.0.ffn_down.bias                  - [  2048,      1,      1,      1], type =    f32, size =    0.008 MiB
[  14/ 963] blk.0.ffn_down.weight                - [ 11008,   2048,      1,      1], type =    f16, converting to q4_0 .. size =    43.00 MiB ->    12.09 MiB
[  15/ 963] blk.0.ffn_gate.bias                  - [ 11008,      1,      1,      1], type =    f32, size =    0.042 MiB
[  16/ 963] blk.0.ffn_gate.weight                - [  2048,  11008,      1,      1], type =    f16, converting to q4_0 .. size =    43.00 MiB ->    12.09 MiB
[  17/ 963] blk.0.ffn_norm.weight                - [  2048,      1,      1,      1], type =    f32, size =    0.008 MiB
[  18/ 963] blk.0.ffn_up.bias                    - [ 11008,      1,      1,      1], type =    f32, size =    0.042 MiB
[  19/ 963] blk.0.ffn_up.weight                  - [  2048,  11008,      1,      1], type =    f16, converting to q4_0 .. size =    43.00 MiB ->    12.09 MiB
[  20/ 963] blk.1.attn_k.bias                    - [   256,      1,      1,      1], type =    f32, size =    0.001 MiB
[  21/ 963] blk.1.attn_k.weight                  - [  2048,    256,      1,      1], type =    f16, converting to q4_0 .. size =     1.00 MiB ->     0.28 MiB
[  22/ 963] blk.1.attn_norm.weight               - [  2048,      1,      1,      1], type =    f32, size =    0.008 MiB
[  23/ 963] blk.1.attn_output.bias               - [  2048,      1,      1,      1], type =    f32, size =    0.008 MiB
[  24/ 963] blk.1.attn_output.weight             - [  2048,   2048,      1,      1], type =    f16, converting to q4_0 .. size =     8.00 MiB ->     2.25 MiB
[  25/ 963] blk.1.attn_q.bias                    - [  2048,      1,      1,      1], type =    f32, size =    0.008 MiB
[  26/ 963] blk.1.attn_q.weight                  - [  2048,   2048,      1,      1], type =    f16, converting to q4_0 .. size =     8.00 MiB ->     2.25 MiB
[  27/ 963] blk.1.attn_v.bias                    - [   256,      1,      1,      1], type =    f32, size =    0.001 MiB
[  28/ 963] blk.1.attn_v.weight                  - [  2048,    256,      1,      1], type =    f16, converting to q4_0 .. size =     1.00 MiB ->     0.28 MiB
[  29/ 963] blk.1.ffn_down.bias                  - [  2048,      1,      1,      1], type =    f32, size =    0.008 MiB
[  30/ 963] blk.1.ffn_down.weight                - [ 11008,   2048,      1,      1], type =    f16, converting to q4_0 .. size =    43.00 MiB ->    12.09 MiB
[  31/ 963] blk.1.ffn_gate.bias                  - [ 11008,      1,      1,      1], type =    f32, size =    0.042 MiB
[  32/ 963] blk.1.ffn_gate.weight                - [  2048,  11008,      1,      1], type =    f16, converting to q4_0 .. size =    43.00 MiB ->    12.09 MiB
[  33/ 963] blk.1.ffn_norm.weight                - [  2048,      1,      1,      1], type =    f32, size =    0.008 MiB
[  34/ 963] blk.1.ffn_up.bias                    - [ 11008,      1,      1,      1], type =    f32, size =    0.042 MiB
[  35/ 963] blk.1.ffn_up.weight                  - [  2048,  11008,      1,      1], type =    f16, converting to q4_0 .. size =    43.00 MiB ->    12.09 MiB
[  36/ 963] blk.2.attn_k.bias                    - [   256,      1,      1,      1], type =    f32, size =    0.001 MiB
[  37/ 963] blk.2.attn_k.weight                  - [  2048,    256,      1,      1], type =    f16, converting to q4_0 .. size =     1.00 MiB ->     0.28 MiB
[  38/ 963] blk.2.attn_norm.weight               - [  2048,      1,      1,      1], type =    f32, size =    0.008 MiB
[  39/ 963] blk.2.attn_output.bias               - [  2048,      1,      1,      1], type =    f32, size =    0.008 MiB
[  40/ 963] blk.2.attn_output.weight             - [  2048,   2048,      1,      1], type =    f16, converting to q4_0 .. size =     8.00 MiB ->     2.25 MiB
[  41/ 963] blk.2.attn_q.bias                    - [  2048,      1,      1,      1], type =    f32, size =    0.008 MiB
[  42/ 963] blk.2.attn_q.weight                  - [  2048,   2048,      1,      1], type =    f16, converting to q4_0 .. size =     8.00 MiB ->     2.25 MiB
[  43/ 963] blk.2.attn_v.bias                    - [   256,      1,      1,      1], type =    f32, size =    0.001 MiB
[  44/ 963] blk.2.attn_v.weight                  - [  2048,    256,      1,      1], type =    f16, converting to q4_0 .. size =     1.00 MiB ->     0.28 MiB
[  45/ 963] blk.2.ffn_down.bias                  - [  2048,      1,      1,      1], type =    f32, size =    0.008 MiB
[  46/ 963] blk.2.ffn_down.weight                - [ 11008,   2048,      1,      1], type =    f16, converting to q4_0 .. size =    43.00 MiB ->    12.09 MiB
[  47/ 963] blk.2.ffn_gate.bias                  - [ 11008,      1,      1,      1], type =    f32, size =    0.042 MiB
[  48/ 963] blk.2.ffn_gate.weight                - [  2048,  11008,      1,      1], type =    f16, converting to q4_0 .. size =    43.00 MiB ->    12.09 MiB
[  49/ 963] blk.2.ffn_norm.weight                - [  2048,      1,      1,      1], type =    f32, size =    0.008 MiB
[  50/ 963] blk.2.ffn_up.bias                    - [ 11008,      1,      1,      1], type =    f32, size =    0.042 MiB
[  51/ 963] blk.2.ffn_up.weight                  - [  2048,  11008,      1,      1], type =    f16, converting to q4_0 .. size =    43.00 MiB ->    12.09 MiB
[  52/ 963] blk.3.attn_k.bias                    - [   256,      1,      1,      1], type =    f32, size =    0.001 MiB
[  53/ 963] blk.3.attn_k.weight                  - [  2048,    256,      1,      1], type =    f16, converting to q4_0 .. size =     1.00 MiB ->     0.28 MiB
[  54/ 963] blk.3.attn_norm.weight               - [  2048,      1,      1,      1], type =    f32, size =    0.008 MiB
[  55/ 963] blk.3.attn_output.bias               - [  2048,      1,      1,      1], type =    f32, size =    0.008 MiB
[  56/ 963] blk.3.attn_output.weight             - [  2048,   2048,      1,      1], type =    f16, converting to q4_0 .. size =     8.00 MiB ->     2.25 MiB
[  57/ 963] blk.3.attn_q.bias                    - [  2048,      1,      1,      1], type =    f32, size =    0.008 MiB
[  58/ 963] blk.3.attn_q.weight                  - [  2048,   2048,      1,      1], type =    f16, converting to q4_0 .. size =     8.00 MiB ->     2.25 MiB
[  59/ 963] blk.3.attn_v.bias                    - [   256,      1,      1,      1], type =    f32, size =    0.001 MiB
[  60/ 963] blk.3.attn_v.weight                  - [  2048,    256,      1,      1], type =    f16, converting to q4_0 .. size =     1.00 MiB ->     0.28 MiB
[  61/ 963] blk.3.ffn_down.bias                  - [  2048,      1,      1,      1], type =    f32, size =    0.008 MiB
[  62/ 963] blk.3.ffn_down.weight                - [ 11008,   2048,      1,      1], type =    f16, converting to q4_0 .. size =    43.00 MiB ->    12.09 MiB
[  63/ 963] blk.3.ffn_gate.bias                  - [ 11008,      1,      1,      1], type =    f32, size =    0.042 MiB
[  64/ 963] blk.3.ffn_gate.weight                - [  2048,  11008,      1,      1], type =    f16, converting to q4_0 .. size =    43.00 MiB ->    12.09 MiB
[  65/ 963] blk.3.ffn_norm.weight                - [  2048,      1,      1,      1], type =    f32, size =    0.008 MiB
[  66/ 963] blk.3.ffn_up.bias                    - [ 11008,      1,      1,      1], type =    f32, size =    0.042 MiB
[  67/ 963] blk.3.ffn_up.weight                  - [  2048,  11008,      1,      1], type =    f16, converting to q4_0 .. size =    43.00 MiB ->    12.09 MiB
[  68/ 963] blk.4.attn_k.bias                    - [   256,      1,      1,      1], type =    f32, size =    0.001 MiB
[  69/ 963] blk.4.attn_k.weight                  - [  2048,    256,      1,      1], type =    f16, converting to q4_0 .. size =     1.00 MiB ->     0.28 MiB
[  70/ 963] blk.4.attn_norm.weight               - [  2048,      1,      1,      1], type =    f32, size =    0.008 MiB
[  71/ 963] blk.4.attn_output.bias               - [  2048,      1,      1,      1], type =    f32, size =    0.008 MiB
[  72/ 963] blk.4.attn_output.weight             - [  2048,   2048,      1,      1], type =    f16, converting to q4_0 .. size =     8.00 MiB ->     2.25 MiB
[  73/ 963] blk.4.attn_q.bias                    - [  2048,      1,      1,      1], type =    f32, size =    0.008 MiB
[  74/ 963] blk.4.attn_q.weight                  - [  2048,   2048,      1,      1], type =    f16, converting to q4_0 .. size =     8.00 MiB ->     2.25 MiB
[  75/ 963] blk.4.attn_v.bias                    - [   256,      1,      1,      1], type =    f32, size =    0.001 MiB
[  76/ 963] blk.4.attn_v.weight                  - [  2048,    256,      1,      1], type =    f16, converting to q4_0 .. size =     1.00 MiB ->     0.28 MiB
[  77/ 963] blk.4.ffn_down.bias                  - [  2048,      1,      1,      1], type =    f32, size =    0.008 MiB
[  78/ 963] blk.4.ffn_down.weight                - [ 11008,   2048,      1,      1], type =    f16, converting to q4_0 .. size =    43.00 MiB ->    12.09 MiB
[  79/ 963] blk.4.ffn_gate.bias                  - [ 11008,      1,      1,      1], type =    f32, size =    0.042 MiB
[  80/ 963] blk.4.ffn_gate.weight                - [  2048,  11008,      1,      1], type =    f16, converting to q4_0 .. size =    43.00 MiB ->    12.09 MiB
[  81/ 963] blk.4.ffn_norm.weight                - [  2048,      1,      1,      1], type =    f32, size =    0.008 MiB
[  82/ 963] blk.4.ffn_up.bias                    - [ 11008,      1,      1,      1], type =    f32, size =    0.042 MiB
[  83/ 963] blk.4.ffn_up.weight                  - [  2048,  11008,      1,      1], type =    f16, converting to q4_0 .. size =    43.00 MiB ->    12.09 MiB
[  84/ 963] blk.5.attn_k.bias                    - [   256,      1,      1,      1], type =    f32, size =    0.001 MiB
[  85/ 963] blk.5.attn_k.weight                  - [  2048,    256,      1,      1], type =    f16, converting to q4_0 .. size =     1.00 MiB ->     0.28 MiB
[  86/ 963] blk.5.attn_norm.weight               - [  2048,      1,      1,      1], type =    f32, size =    0.008 MiB
[  87/ 963] blk.5.attn_output.bias               - [  2048,      1,      1,      1], type =    f32, size =    0.008 MiB
[  88/ 963] blk.5.attn_output.weight             - [  2048,   2048,      1,      1], type =    f16, converting to q4_0 .. size =     8.00 MiB ->     2.25 MiB
[  89/ 963] blk.5.attn_q.bias                    - [  2048,      1,      1,      1], type =    f32, size =    0.008 MiB
[  90/ 963] blk.5.attn_q.weight                  - [  2048,   2048,      1,      1], type =    f16, converting to q4_0 .. size =     8.00 MiB ->     2.25 MiB
[  91/ 963] blk.5.attn_v.bias                    - [   256,      1,      1,      1], type =    f32, size =    0.001 MiB
[  92/ 963] blk.5.attn_v.weight                  - [  2048,    256,      1,      1], type =    f16, converting to q4_0 .. size =     1.00 MiB ->     0.28 MiB
[  93/ 963] blk.5.ffn_down.bias                  - [  2048,      1,      1,      1], type =    f32, size =    0.008 MiB
[  94/ 963] blk.5.ffn_down.weight                - [ 11008,   2048,      1,      1], type =    f16, converting to q4_0 .. size =    43.00 MiB ->    12.09 MiB
[  95/ 963] blk.5.ffn_gate.bias                  - [ 11008,      1,      1,      1], type =    f32, size =    0.042 MiB
[  96/ 963] blk.5.ffn_gate.weight                - [  2048,  11008,      1,      1], type =    f16, converting to q4_0 .. size =    43.00 MiB ->    12.09 MiB
[  97/ 963] blk.5.ffn_norm.weight                - [  2048,      1,      1,      1], type =    f32, size =    0.008 MiB
[  98/ 963] blk.5.ffn_up.bias                    - [ 11008,      1,      1,      1], type =    f32, size =    0.042 MiB
[  99/ 963] blk.5.ffn_up.weight                  - [  2048,  11008,      1,      1], type =    f16, converting to q4_0 .. size =    43.00 MiB ->    12.09 MiB
[ 100/ 963] blk.6.attn_k.bias                    - [   256,      1,      1,      1], type =    f32, size =    0.001 MiB
[ 101/ 963] blk.6.attn_k.weight                  - [  2048,    256,      1,      1], type =    f16, converting to q4_0 .. size =     1.00 MiB ->     0.28 MiB
[ 102/ 963] blk.6.attn_norm.weight               - [  2048,      1,      1,      1], type =    f32, size =    0.008 MiB
[ 103/ 963] blk.6.attn_output.bias               - [  2048,      1,      1,      1], type =    f32, size =    0.008 MiB
[ 104/ 963] blk.6.attn_output.weight             - [  2048,   2048,      1,      1], type =    f16, converting to q4_0 .. size =     8.00 MiB ->     2.25 MiB
[ 105/ 963] blk.6.attn_q.bias                    - [  2048,      1,      1,      1], type =    f32, size =    0.008 MiB
[ 106/ 963] blk.6.attn_q.weight                  - [  2048,   2048,      1,      1], type =    f16, converting to q4_0 .. size =     8.00 MiB ->     2.25 MiB
[ 107/ 963] blk.6.attn_v.bias                    - [   256,      1,      1,      1], type =    f32, size =    0.001 MiB
[ 108/ 963] blk.6.attn_v.weight                  - [  2048,    256,      1,      1], type =    f16, converting to q4_0 .. size =     1.00 MiB ->     0.28 MiB
[ 109/ 963] blk.6.ffn_down.bias                  - [  2048,      1,      1,      1], type =    f32, size =    0.008 MiB
[ 110/ 963] blk.6.ffn_down.weight                - [ 11008,   2048,      1,      1], type =    f16, converting to q4_0 .. size =    43.00 MiB ->    12.09 MiB
[ 111/ 963] blk.6.ffn_gate.bias                  - [ 11008,      1,      1,      1], type =    f32, size =    0.042 MiB
[ 112/ 963] blk.6.ffn_gate.weight                - [  2048,  11008,      1,      1], type =    f16, converting to q4_0 .. size =    43.00 MiB ->    12.09 MiB
[ 113/ 963] blk.6.ffn_norm.weight                - [  2048,      1,      1,      1], type =    f32, size =    0.008 MiB
[ 114/ 963] blk.6.ffn_up.bias                    - [ 11008,      1,      1,      1], type =    f32, size =    0.042 MiB
[ 115/ 963] blk.6.ffn_up.weight                  - [  2048,  11008,      1,      1], type =    f16, converting to q4_0 .. size =    43.00 MiB ->    12.09 MiB
[ 116/ 963] blk.7.attn_k.bias                    - [   256,      1,      1,      1], type =    f32, size =    0.001 MiB
[ 117/ 963] blk.7.attn_k.weight                  - [  2048,    256,      1,      1], type =    f16, converting to q4_0 .. size =     1.00 MiB ->     0.28 MiB
[ 118/ 963] blk.7.attn_norm.weight               - [  2048,      1,      1,      1], type =    f32, size =    0.008 MiB
[ 119/ 963] blk.7.attn_output.bias               - [  2048,      1,      1,      1], type =    f32, size =    0.008 MiB
[ 120/ 963] blk.7.attn_output.weight             - [  2048,   2048,      1,      1], type =    f16, converting to q4_0 .. size =     8.00 MiB ->     2.25 MiB
[ 121/ 963] blk.7.attn_q.bias                    - [  2048,      1,      1,      1], type =    f32, size =    0.008 MiB
[ 122/ 963] blk.7.attn_q.weight                  - [  2048,   2048,      1,      1], type =    f16, converting to q4_0 .. size =     8.00 MiB ->     2.25 MiB
[ 123/ 963] blk.7.attn_v.bias                    - [   256,      1,      1,      1], type =    f32, size =    0.001 MiB
[ 124/ 963] blk.7.attn_v.weight                  - [  2048,    256,      1,      1], type =    f16, converting to q4_0 .. size =     1.00 MiB ->     0.28 MiB
[ 125/ 963] blk.7.ffn_down.bias                  - [  2048,      1,      1,      1], type =    f32, size =    0.008 MiB
[ 126/ 963] blk.7.ffn_down.weight                - [ 11008,   2048,      1,      1], type =    f16, converting to q4_0 .. size =    43.00 MiB ->    12.09 MiB
[ 127/ 963] blk.7.ffn_gate.bias                  - [ 11008,      1,      1,      1], type =    f32, size =    0.042 MiB
[ 128/ 963] blk.7.ffn_gate.weight                - [  2048,  11008,      1,      1], type =    f16, converting to q4_0 .. size =    43.00 MiB ->    12.09 MiB
[ 129/ 963] blk.7.ffn_norm.weight                - [  2048,      1,      1,      1], type =    f32, size =    0.008 MiB
[ 130/ 963] blk.7.ffn_up.bias                    - [ 11008,      1,      1,      1], type =    f32, size =    0.042 MiB
[ 131/ 963] blk.7.ffn_up.weight                  - [  2048,  11008,      1,      1], type =    f16, converting to q4_0 .. size =    43.00 MiB ->    12.09 MiB
[ 132/ 963] blk.8.attn_k.bias                    - [   256,      1,      1,      1], type =    f32, size =    0.001 MiB
[ 133/ 963] blk.8.attn_k.weight                  - [  2048,    256,      1,      1], type =    f16, converting to q4_0 .. size =     1.00 MiB ->     0.28 MiB
[ 134/ 963] blk.8.attn_norm.weight               - [  2048,      1,      1,      1], type =    f32, size =    0.008 MiB
[ 135/ 963] blk.8.attn_output.bias               - [  2048,      1,      1,      1], type =    f32, size =    0.008 MiB
[ 136/ 963] blk.8.attn_output.weight             - [  2048,   2048,      1,      1], type =    f16, converting to q4_0 .. size =     8.00 MiB ->     2.25 MiB
[ 137/ 963] blk.8.attn_q.bias                    - [  2048,      1,      1,      1], type =    f32, size =    0.008 MiB
[ 138/ 963] blk.8.attn_q.weight                  - [  2048,   2048,      1,      1], type =    f16, converting to q4_0 .. size =     8.00 MiB ->     2.25 MiB
[ 139/ 963] blk.8.attn_v.bias                    - [   256,      1,      1,      1], type =    f32, size =    0.001 MiB
[ 140/ 963] blk.8.attn_v.weight                  - [  2048,    256,      1,      1], type =    f16, converting to q4_0 .. size =     1.00 MiB ->     0.28 MiB
[ 141/ 963] blk.8.ffn_down.bias                  - [  2048,      1,      1,      1], type =    f32, size =    0.008 MiB
[ 142/ 963] blk.8.ffn_down.weight                - [ 11008,   2048,      1,      1], type =    f16, converting to q4_0 .. size =    43.00 MiB ->    12.09 MiB
[ 143/ 963] blk.8.ffn_gate.bias                  - [ 11008,      1,      1,      1], type =    f32, size =    0.042 MiB
[ 144/ 963] blk.8.ffn_gate.weight                - [  2048,  11008,      1,      1], type =    f16, converting to q4_0 .. size =    43.00 MiB ->    12.09 MiB
[ 145/ 963] blk.8.ffn_norm.weight                - [  2048,      1,      1,      1], type =    f32, size =    0.008 MiB
[ 146/ 963] blk.8.ffn_up.bias                    - [ 11008,      1,      1,      1], type =    f32, size =    0.042 MiB
[ 147/ 963] blk.8.ffn_up.weight                  - [  2048,  11008,      1,      1], type =    f16, converting to q4_0 .. size =    43.00 MiB ->    12.09 MiB
[ 148/ 963] blk.9.attn_k.bias                    - [   256,      1,      1,      1], type =    f32, size =    0.001 MiB
[ 149/ 963] blk.9.attn_k.weight                  - [  2048,    256,      1,      1], type =    f16, converting to q4_0 .. size =     1.00 MiB ->     0.28 MiB
[ 150/ 963] blk.9.attn_norm.weight               - [  2048,      1,      1,      1], type =    f32, size =    0.008 MiB
[ 151/ 963] blk.9.attn_output.bias               - [  2048,      1,      1,      1], type =    f32, size =    0.008 MiB
[ 152/ 963] blk.9.attn_output.weight             - [  2048,   2048,      1,      1], type =    f16, converting to q4_0 .. size =     8.00 MiB ->     2.25 MiB
[ 153/ 963] blk.9.attn_q.bias                    - [  2048,      1,      1,      1], type =    f32, size =    0.008 MiB
[ 154/ 963] blk.9.attn_q.weight                  - [  2048,   2048,      1,      1], type =    f16, converting to q4_0 .. size =     8.00 MiB ->     2.25 MiB
[ 155/ 963] blk.9.attn_v.bias                    - [   256,      1,      1,      1], type =    f32, size =    0.001 MiB
[ 156/ 963] blk.9.attn_v.weight                  - [  2048,    256,      1,      1], type =    f16, converting to q4_0 .. size =     1.00 MiB ->     0.28 MiB
[ 157/ 963] blk.9.ffn_down.bias                  - [  2048,      1,      1,      1], type =    f32, size =    0.008 MiB
[ 158/ 963] blk.9.ffn_down.weight                - [ 11008,   2048,      1,      1], type =    f16, converting to q4_0 .. size =    43.00 MiB ->    12.09 MiB
[ 159/ 963] blk.9.ffn_gate.bias                  - [ 11008,      1,      1,      1], type =    f32, size =    0.042 MiB
[ 160/ 963] blk.9.ffn_gate.weight                - [  2048,  11008,      1,      1], type =    f16, converting to q4_0 .. size =    43.00 MiB ->    12.09 MiB
[ 161/ 963] blk.9.ffn_norm.weight                - [  2048,      1,      1,      1], type =    f32, size =    0.008 MiB
[ 162/ 963] blk.9.ffn_up.bias                    - [ 11008,      1,      1,      1], type =    f32, size =    0.042 MiB
[ 163/ 963] blk.9.ffn_up.weight                  - [  2048,  11008,      1,      1], type =    f16, converting to q4_0 .. size =    43.00 MiB ->    12.09 MiB
[ 164/ 963] blk.10.attn_k.bias                   - [   256,      1,      1,      1], type =    f32, size =    0.001 MiB
[ 165/ 963] blk.10.attn_k.weight                 - [  2048,    256,      1,      1], type =    f16, converting to q4_0 .. size =     1.00 MiB ->     0.28 MiB
[ 166/ 963] blk.10.attn_norm.weight              - [  2048,      1,      1,      1], type =    f32, size =    0.008 MiB
[ 167/ 963] blk.10.attn_output.bias              - [  2048,      1,      1,      1], type =    f32, size =    0.008 MiB
[ 168/ 963] blk.10.attn_output.weight            - [  2048,   2048,      1,      1], type =    f16, converting to q4_0 .. size =     8.00 MiB ->     2.25 MiB
[ 169/ 963] blk.10.attn_q.bias                   - [  2048,      1,      1,      1], type =    f32, size =    0.008 MiB
[ 170/ 963] blk.10.attn_q.weight                 - [  2048,   2048,      1,      1], type =    f16, converting to q4_0 .. size =     8.00 MiB ->     2.25 MiB
[ 171/ 963] blk.10.attn_v.bias                   - [   256,      1,      1,      1], type =    f32, size =    0.001 MiB
[ 172/ 963] blk.10.attn_v.weight                 - [  2048,    256,      1,      1], type =    f16, converting to q4_0 .. size =     1.00 MiB ->     0.28 MiB
[ 173/ 963] blk.10.ffn_down.bias                 - [  2048,      1,      1,      1], type =    f32, size =    0.008 MiB
[ 174/ 963] blk.10.ffn_down.weight               - [ 11008,   2048,      1,      1], type =    f16, converting to q4_0 .. size =    43.00 MiB ->    12.09 MiB
[ 175/ 963] blk.10.ffn_gate.bias                 - [ 11008,      1,      1,      1], type =    f32, size =    0.042 MiB
[ 176/ 963] blk.10.ffn_gate.weight               - [  2048,  11008,      1,      1], type =    f16, converting to q4_0 .. size =    43.00 MiB ->    12.09 MiB
[ 177/ 963] blk.10.ffn_norm.weight               - [  2048,      1,      1,      1], type =    f32, size =    0.008 MiB
[ 178/ 963] blk.10.ffn_up.bias                   - [ 11008,      1,      1,      1], type =    f32, size =    0.042 MiB
[ 179/ 963] blk.10.ffn_up.weight                 - [  2048,  11008,      1,      1], type =    f16, converting to q4_0 .. size =    43.00 MiB ->    12.09 MiB
[ 180/ 963] blk.11.attn_k.bias                   - [   256,      1,      1,      1], type =    f32, size =    0.001 MiB
[ 181/ 963] blk.11.attn_k.weight                 - [  2048,    256,      1,      1], type =    f16, converting to q4_0 .. size =     1.00 MiB ->     0.28 MiB
[ 182/ 963] blk.11.attn_norm.weight              - [  2048,      1,      1,      1], type =    f32, size =    0.008 MiB
[ 183/ 963] blk.11.attn_output.bias              - [  2048,      1,      1,      1], type =    f32, size =    0.008 MiB
[ 184/ 963] blk.11.attn_output.weight            - [  2048,   2048,      1,      1], type =    f16, converting to q4_0 .. size =     8.00 MiB ->     2.25 MiB
[ 185/ 963] blk.11.attn_q.bias                   - [  2048,      1,      1,      1], type =    f32, size =    0.008 MiB
[ 186/ 963] blk.11.attn_q.weight                 - [  2048,   2048,      1,      1], type =    f16, converting to q4_0 .. size =     8.00 MiB ->     2.25 MiB
[ 187/ 963] blk.11.attn_v.bias                   - [   256,      1,      1,      1], type =    f32, size =    0.001 MiB
[ 188/ 963] blk.11.attn_v.weight                 - [  2048,    256,      1,      1], type =    f16, converting to q4_0 .. size =     1.00 MiB ->     0.28 MiB
[ 189/ 963] blk.11.ffn_down.bias                 - [  2048,      1,      1,      1], type =    f32, size =    0.008 MiB
[ 190/ 963] blk.11.ffn_down.weight               - [ 11008,   2048,      1,      1], type =    f16, converting to q4_0 .. size =    43.00 MiB ->    12.09 MiB
[ 191/ 963] blk.11.ffn_gate.bias                 - [ 11008,      1,      1,      1], type =    f32, size =    0.042 MiB
[ 192/ 963] blk.11.ffn_gate.weight               - [  2048,  11008,      1,      1], type =    f16, converting to q4_0 .. size =    43.00 MiB ->    12.09 MiB
[ 193/ 963] blk.11.ffn_norm.weight               - [  2048,      1,      1,      1], type =    f32, size =    0.008 MiB
[ 194/ 963] blk.11.ffn_up.bias                   - [ 11008,      1,      1,      1], type =    f32, size =    0.042 MiB
[ 195/ 963] blk.11.ffn_up.weight                 - [  2048,  11008,      1,      1], type =    f16, converting to q4_0 .. size =    43.00 MiB ->    12.09 MiB
[ 196/ 963] blk.12.attn_k.bias                   - [   256,      1,      1,      1], type =    f32, size =    0.001 MiB
[ 197/ 963] blk.12.attn_k.weight                 - [  2048,    256,      1,      1], type =    f16, converting to q4_0 .. size =     1.00 MiB ->     0.28 MiB
[ 198/ 963] blk.12.attn_norm.weight              - [  2048,      1,      1,      1], type =    f32, size =    0.008 MiB
[ 199/ 963] blk.12.attn_output.bias              - [  2048,      1,      1,      1], type =    f32, size =    0.008 MiB
[ 200/ 963] blk.12.attn_output.weight            - [  2048,   2048,      1,      1], type =    f16, converting to q4_0 .. size =     8.00 MiB ->     2.25 MiB
[ 201/ 963] blk.12.attn_q.bias                   - [  2048,      1,      1,      1], type =    f32, size =    0.008 MiB
[ 202/ 963] blk.12.attn_q.weight                 - [  2048,   2048,      1,      1], type =    f16, converting to q4_0 .. size =     8.00 MiB ->     2.25 MiB
[ 203/ 963] blk.12.attn_v.bias                   - [   256,      1,      1,      1], type =    f32, size =    0.001 MiB
[ 204/ 963] blk.12.attn_v.weight                 - [  2048,    256,      1,      1], type =    f16, converting to q4_0 .. size =     1.00 MiB ->     0.28 MiB
[ 205/ 963] blk.12.ffn_down.bias                 - [  2048,      1,      1,      1], type =    f32, size =    0.008 MiB
[ 206/ 963] blk.12.ffn_down.weight               - [ 11008,   2048,      1,      1], type =    f16, converting to q4_0 .. size =    43.00 MiB ->    12.09 MiB
[ 207/ 963] blk.12.ffn_gate.bias                 - [ 11008,      1,      1,      1], type =    f32, size =    0.042 MiB
[ 208/ 963] blk.12.ffn_gate.weight               - [  2048,  11008,      1,      1], type =    f16, converting to q4_0 .. size =    43.00 MiB ->    12.09 MiB
[ 209/ 963] blk.12.ffn_norm.weight               - [  2048,      1,      1,      1], type =    f32, size =    0.008 MiB
[ 210/ 963] blk.12.ffn_up.bias                   - [ 11008,      1,      1,      1], type =    f32, size =    0.042 MiB
[ 211/ 963] blk.12.ffn_up.weight                 - [  2048,  11008,      1,      1], type =    f16, converting to q4_0 .. size =    43.00 MiB ->    12.09 MiB
[ 212/ 963] blk.13.attn_k.bias                   - [   256,      1,      1,      1], type =    f32, size =    0.001 MiB
[ 213/ 963] blk.13.attn_k.weight                 - [  2048,    256,      1,      1], type =    f16, converting to q4_0 .. size =     1.00 MiB ->     0.28 MiB
[ 214/ 963] blk.13.attn_norm.weight              - [  2048,      1,      1,      1], type =    f32, size =    0.008 MiB
[ 215/ 963] blk.13.attn_output.bias              - [  2048,      1,      1,      1], type =    f32, size =    0.008 MiB
[ 216/ 963] blk.13.attn_output.weight            - [  2048,   2048,      1,      1], type =    f16, converting to q4_0 .. size =     8.00 MiB ->     2.25 MiB
[ 217/ 963] blk.13.attn_q.bias                   - [  2048,      1,      1,      1], type =    f32, size =    0.008 MiB
[ 218/ 963] blk.13.attn_q.weight                 - [  2048,   2048,      1,      1], type =    f16, converting to q4_0 .. size =     8.00 MiB ->     2.25 MiB
[ 219/ 963] blk.13.attn_v.bias                   - [   256,      1,      1,      1], type =    f32, size =    0.001 MiB
[ 220/ 963] blk.13.attn_v.weight                 - [  2048,    256,      1,      1], type =    f16, converting to q4_0 .. size =     1.00 MiB ->     0.28 MiB
[ 221/ 963] blk.13.ffn_down.bias                 - [  2048,      1,      1,      1], type =    f32, size =    0.008 MiB
[ 222/ 963] blk.13.ffn_down.weight               - [ 11008,   2048,      1,      1], type =    f16, converting to q4_0 .. size =    43.00 MiB ->    12.09 MiB
[ 223/ 963] blk.13.ffn_gate.bias                 - [ 11008,      1,      1,      1], type =    f32, size =    0.042 MiB
[ 224/ 963] blk.13.ffn_gate.weight               - [  2048,  11008,      1,      1], type =    f16, converting to q4_0 .. size =    43.00 MiB ->    12.09 MiB
[ 225/ 963] blk.13.ffn_norm.weight               - [  2048,      1,      1,      1], type =    f32, size =    0.008 MiB
[ 226/ 963] blk.13.ffn_up.bias                   - [ 11008,      1,      1,      1], type =    f32, size =    0.042 MiB
[ 227/ 963] blk.13.ffn_up.weight                 - [  2048,  11008,      1,      1], type =    f16, converting to q4_0 .. size =    43.00 MiB ->    12.09 MiB
[ 228/ 963] blk.14.attn_k.bias                   - [   256,      1,      1,      1], type =    f32, size =    0.001 MiB
[ 229/ 963] blk.14.attn_k.weight                 - [  2048,    256,      1,      1], type =    f16, converting to q4_0 .. size =     1.00 MiB ->     0.28 MiB
[ 230/ 963] blk.14.attn_norm.weight              - [  2048,      1,      1,      1], type =    f32, size =    0.008 MiB
[ 231/ 963] blk.14.attn_output.bias              - [  2048,      1,      1,      1], type =    f32, size =    0.008 MiB
[ 232/ 963] blk.14.attn_output.weight            - [  2048,   2048,      1,      1], type =    f16, converting to q4_0 .. size =     8.00 MiB ->     2.25 MiB
[ 233/ 963] blk.14.attn_q.bias                   - [  2048,      1,      1,      1], type =    f32, size =    0.008 MiB
[ 234/ 963] blk.14.attn_q.weight                 - [  2048,   2048,      1,      1], type =    f16, converting to q4_0 .. size =     8.00 MiB ->     2.25 MiB
[ 235/ 963] blk.14.attn_v.bias                   - [   256,      1,      1,      1], type =    f32, size =    0.001 MiB
[ 236/ 963] blk.14.attn_v.weight                 - [  2048,    256,      1,      1], type =    f16, converting to q4_0 .. size =     1.00 MiB ->     0.28 MiB
[ 237/ 963] blk.14.ffn_down.bias                 - [  2048,      1,      1,      1], type =    f32, size =    0.008 MiB
[ 238/ 963] blk.14.ffn_down.weight               - [ 11008,   2048,      1,      1], type =    f16, converting to q4_0 .. size =    43.00 MiB ->    12.09 MiB
[ 239/ 963] blk.14.ffn_gate.bias                 - [ 11008,      1,      1,      1], type =    f32, size =    0.042 MiB
[ 240/ 963] blk.14.ffn_gate.weight               - [  2048,  11008,      1,      1], type =    f16, converting to q4_0 .. size =    43.00 MiB ->    12.09 MiB
[ 241/ 963] blk.14.ffn_norm.weight               - [  2048,      1,      1,      1], type =    f32, size =    0.008 MiB
[ 242/ 963] blk.14.ffn_up.bias                   - [ 11008,      1,      1,      1], type =    f32, size =    0.042 MiB
[ 243/ 963] blk.14.ffn_up.weight                 - [  2048,  11008,      1,      1], type =    f16, converting to q4_0 .. size =    43.00 MiB ->    12.09 MiB
[ 244/ 963] blk.15.attn_k.bias                   - [   256,      1,      1,      1], type =    f32, size =    0.001 MiB
[ 245/ 963] blk.15.attn_k.weight                 - [  2048,    256,      1,      1], type =    f16, converting to q4_0 .. size =     1.00 MiB ->     0.28 MiB
[ 246/ 963] blk.15.attn_norm.weight              - [  2048,      1,      1,      1], type =    f32, size =    0.008 MiB
[ 247/ 963] blk.15.attn_output.bias              - [  2048,      1,      1,      1], type =    f32, size =    0.008 MiB
[ 248/ 963] blk.15.attn_output.weight            - [  2048,   2048,      1,      1], type =    f16, converting to q4_0 .. size =     8.00 MiB ->     2.25 MiB
[ 249/ 963] blk.15.attn_q.bias                   - [  2048,      1,      1,      1], type =    f32, size =    0.008 MiB
[ 250/ 963] blk.15.attn_q.weight                 - [  2048,   2048,      1,      1], type =    f16, converting to q4_0 .. size =     8.00 MiB ->     2.25 MiB
[ 251/ 963] blk.15.attn_v.bias                   - [   256,      1,      1,      1], type =    f32, size =    0.001 MiB
[ 252/ 963] blk.15.attn_v.weight                 - [  2048,    256,      1,      1], type =    f16, converting to q4_0 .. size =     1.00 MiB ->     0.28 MiB
[ 253/ 963] blk.15.ffn_down.bias                 - [  2048,      1,      1,      1], type =    f32, size =    0.008 MiB
[ 254/ 963] blk.15.ffn_down.weight               - [ 11008,   2048,      1,      1], type =    f16, converting to q4_0 .. size =    43.00 MiB ->    12.09 MiB
[ 255/ 963] blk.15.ffn_gate.bias                 - [ 11008,      1,      1,      1], type =    f32, size =    0.042 MiB
[ 256/ 963] blk.15.ffn_gate.weight               - [  2048,  11008,      1,      1], type =    f16, converting to q4_0 .. size =    43.00 MiB ->    12.09 MiB
[ 257/ 963] blk.15.ffn_norm.weight               - [  2048,      1,      1,      1], type =    f32, size =    0.008 MiB
[ 258/ 963] blk.15.ffn_up.bias                   - [ 11008,      1,      1,      1], type =    f32, size =    0.042 MiB
[ 259/ 963] blk.15.ffn_up.weight                 - [  2048,  11008,      1,      1], type =    f16, converting to q4_0 .. size =    43.00 MiB ->    12.09 MiB
[ 260/ 963] blk.16.attn_k.bias                   - [   256,      1,      1,      1], type =    f32, size =    0.001 MiB
[ 261/ 963] blk.16.attn_k.weight                 - [  2048,    256,      1,      1], type =    f16, converting to q4_0 .. size =     1.00 MiB ->     0.28 MiB
[ 262/ 963] blk.16.attn_norm.weight              - [  2048,      1,      1,      1], type =    f32, size =    0.008 MiB
[ 263/ 963] blk.16.attn_output.bias              - [  2048,      1,      1,      1], type =    f32, size =    0.008 MiB
[ 264/ 963] blk.16.attn_output.weight            - [  2048,   2048,      1,      1], type =    f16, converting to q4_0 .. size =     8.00 MiB ->     2.25 MiB
[ 265/ 963] blk.16.attn_q.bias                   - [  2048,      1,      1,      1], type =    f32, size =    0.008 MiB
[ 266/ 963] blk.16.attn_q.weight                 - [  2048,   2048,      1,      1], type =    f16, converting to q4_0 .. size =     8.00 MiB ->     2.25 MiB
[ 267/ 963] blk.16.attn_v.bias                   - [   256,      1,      1,      1], type =    f32, size =    0.001 MiB
[ 268/ 963] blk.16.attn_v.weight                 - [  2048,    256,      1,      1], type =    f16, converting to q4_0 .. size =     1.00 MiB ->     0.28 MiB
[ 269/ 963] blk.16.ffn_down.bias                 - [  2048,      1,      1,      1], type =    f32, size =    0.008 MiB
[ 270/ 963] blk.16.ffn_down.weight               - [ 11008,   2048,      1,      1], type =    f16, converting to q4_0 .. size =    43.00 MiB ->    12.09 MiB
[ 271/ 963] blk.16.ffn_gate.bias                 - [ 11008,      1,      1,      1], type =    f32, size =    0.042 MiB
[ 272/ 963] blk.16.ffn_gate.weight               - [  2048,  11008,      1,      1], type =    f16, converting to q4_0 .. size =    43.00 MiB ->    12.09 MiB
[ 273/ 963] blk.16.ffn_norm.weight               - [  2048,      1,      1,      1], type =    f32, size =    0.008 MiB
[ 274/ 963] blk.16.ffn_up.bias                   - [ 11008,      1,      1,      1], type =    f32, size =    0.042 MiB
[ 275/ 963] blk.16.ffn_up.weight                 - [  2048,  11008,      1,      1], type =    f16, converting to q4_0 .. size =    43.00 MiB ->    12.09 MiB
[ 276/ 963] blk.17.attn_k.bias                   - [   256,      1,      1,      1], type =    f32, size =    0.001 MiB
[ 277/ 963] blk.17.attn_k.weight                 - [  2048,    256,      1,      1], type =    f16, converting to q4_0 .. size =     1.00 MiB ->     0.28 MiB
[ 278/ 963] blk.17.attn_norm.weight              - [  2048,      1,      1,      1], type =    f32, size =    0.008 MiB
[ 279/ 963] blk.17.attn_output.bias              - [  2048,      1,      1,      1], type =    f32, size =    0.008 MiB
[ 280/ 963] blk.17.attn_output.weight            - [  2048,   2048,      1,      1], type =    f16, converting to q4_0 .. size =     8.00 MiB ->     2.25 MiB
[ 281/ 963] blk.17.attn_q.bias                   - [  2048,      1,      1,      1], type =    f32, size =    0.008 MiB
[ 282/ 963] blk.17.attn_q.weight                 - [  2048,   2048,      1,      1], type =    f16, converting to q4_0 .. size =     8.00 MiB ->     2.25 MiB
[ 283/ 963] blk.17.attn_v.bias                   - [   256,      1,      1,      1], type =    f32, size =    0.001 MiB
[ 284/ 963] blk.17.attn_v.weight                 - [  2048,    256,      1,      1], type =    f16, converting to q4_0 .. size =     1.00 MiB ->     0.28 MiB
[ 285/ 963] blk.17.ffn_down.bias                 - [  2048,      1,      1,      1], type =    f32, size =    0.008 MiB
[ 286/ 963] blk.17.ffn_down.weight               - [ 11008,   2048,      1,      1], type =    f16, converting to q4_0 .. size =    43.00 MiB ->    12.09 MiB
[ 287/ 963] blk.17.ffn_gate.bias                 - [ 11008,      1,      1,      1], type =    f32, size =    0.042 MiB
[ 288/ 963] blk.17.ffn_gate.weight               - [  2048,  11008,      1,      1], type =    f16, converting to q4_0 .. size =    43.00 MiB ->    12.09 MiB
[ 289/ 963] blk.17.ffn_norm.weight               - [  2048,      1,      1,      1], type =    f32, size =    0.008 MiB
[ 290/ 963] blk.17.ffn_up.bias                   - [ 11008,      1,      1,      1], type =    f32, size =    0.042 MiB
[ 291/ 963] blk.17.ffn_up.weight                 - [  2048,  11008,      1,      1], type =    f16, converting to q4_0 .. size =    43.00 MiB ->    12.09 MiB
[ 292/ 963] blk.18.attn_k.bias                   - [   256,      1,      1,      1], type =    f32, size =    0.001 MiB
[ 293/ 963] blk.18.attn_k.weight                 - [  2048,    256,      1,      1], type =    f16, converting to q4_0 .. size =     1.00 MiB ->     0.28 MiB
[ 294/ 963] blk.18.attn_norm.weight              - [  2048,      1,      1,      1], type =    f32, size =    0.008 MiB
[ 295/ 963] blk.18.attn_output.bias              - [  2048,      1,      1,      1], type =    f32, size =    0.008 MiB
[ 296/ 963] blk.18.attn_output.weight            - [  2048,   2048,      1,      1], type =    f16, converting to q4_0 .. size =     8.00 MiB ->     2.25 MiB
[ 297/ 963] blk.18.attn_q.bias                   - [  2048,      1,      1,      1], type =    f32, size =    0.008 MiB
[ 298/ 963] blk.18.attn_q.weight                 - [  2048,   2048,      1,      1], type =    f16, converting to q4_0 .. size =     8.00 MiB ->     2.25 MiB
[ 299/ 963] blk.18.attn_v.bias                   - [   256,      1,      1,      1], type =    f32, size =    0.001 MiB
[ 300/ 963] blk.18.attn_v.weight                 - [  2048,    256,      1,      1], type =    f16, converting to q4_0 .. size =     1.00 MiB ->     0.28 MiB
[ 301/ 963] blk.18.ffn_down.bias                 - [  2048,      1,      1,      1], type =    f32, size =    0.008 MiB
[ 302/ 963] blk.18.ffn_down.weight               - [ 11008,   2048,      1,      1], type =    f16, converting to q4_0 .. size =    43.00 MiB ->    12.09 MiB
[ 303/ 963] blk.18.ffn_gate.bias                 - [ 11008,      1,      1,      1], type =    f32, size =    0.042 MiB
[ 304/ 963] blk.18.ffn_gate.weight               - [  2048,  11008,      1,      1], type =    f16, converting to q4_0 .. size =    43.00 MiB ->    12.09 MiB
[ 305/ 963] blk.18.ffn_norm.weight               - [  2048,      1,      1,      1], type =    f32, size =    0.008 MiB
[ 306/ 963] blk.18.ffn_up.bias                   - [ 11008,      1,      1,      1], type =    f32, size =    0.042 MiB
[ 307/ 963] blk.18.ffn_up.weight                 - [  2048,  11008,      1,      1], type =    f16, converting to q4_0 .. size =    43.00 MiB ->    12.09 MiB
[ 308/ 963] blk.19.attn_k.bias                   - [   256,      1,      1,      1], type =    f32, size =    0.001 MiB
[ 309/ 963] blk.19.attn_k.weight                 - [  2048,    256,      1,      1], type =    f16, converting to q4_0 .. size =     1.00 MiB ->     0.28 MiB
[ 310/ 963] blk.19.attn_norm.weight              - [  2048,      1,      1,      1], type =    f32, size =    0.008 MiB
[ 311/ 963] blk.19.attn_output.bias              - [  2048,      1,      1,      1], type =    f32, size =    0.008 MiB
[ 312/ 963] blk.19.attn_output.weight            - [  2048,   2048,      1,      1], type =    f16, converting to q4_0 .. size =     8.00 MiB ->     2.25 MiB
[ 313/ 963] blk.19.attn_q.bias                   - [  2048,      1,      1,      1], type =    f32, size =    0.008 MiB
[ 314/ 963] blk.19.attn_q.weight                 - [  2048,   2048,      1,      1], type =    f16, converting to q4_0 .. size =     8.00 MiB ->     2.25 MiB
[ 315/ 963] blk.19.attn_v.bias                   - [   256,      1,      1,      1], type =    f32, size =    0.001 MiB
[ 316/ 963] blk.19.attn_v.weight                 - [  2048,    256,      1,      1], type =    f16, converting to q4_0 .. size =     1.00 MiB ->     0.28 MiB
[ 317/ 963] blk.19.ffn_down.bias                 - [  2048,      1,      1,      1], type =    f32, size =    0.008 MiB
[ 318/ 963] blk.19.ffn_down.weight               - [ 11008,   2048,      1,      1], type =    f16, converting to q4_0 .. size =    43.00 MiB ->    12.09 MiB
[ 319/ 963] blk.19.ffn_gate.bias                 - [ 11008,      1,      1,      1], type =    f32, size =    0.042 MiB
[ 320/ 963] blk.19.ffn_gate.weight               - [  2048,  11008,      1,      1], type =    f16, converting to q4_0 .. size =    43.00 MiB ->    12.09 MiB
[ 321/ 963] blk.19.ffn_norm.weight               - [  2048,      1,      1,      1], type =    f32, size =    0.008 MiB
[ 322/ 963] blk.19.ffn_up.bias                   - [ 11008,      1,      1,      1], type =    f32, size =    0.042 MiB
[ 323/ 963] blk.19.ffn_up.weight                 - [  2048,  11008,      1,      1], type =    f16, converting to q4_0 .. size =    43.00 MiB ->    12.09 MiB
[ 324/ 963] blk.20.attn_k.bias                   - [   256,      1,      1,      1], type =    f32, size =    0.001 MiB
[ 325/ 963] blk.20.attn_k.weight                 - [  2048,    256,      1,      1], type =    f16, converting to q4_0 .. size =     1.00 MiB ->     0.28 MiB
[ 326/ 963] blk.20.attn_norm.weight              - [  2048,      1,      1,      1], type =    f32, size =    0.008 MiB
[ 327/ 963] blk.20.attn_output.bias              - [  2048,      1,      1,      1], type =    f32, size =    0.008 MiB
[ 328/ 963] blk.20.attn_output.weight            - [  2048,   2048,      1,      1], type =    f16, converting to q4_0 .. size =     8.00 MiB ->     2.25 MiB
[ 329/ 963] blk.20.attn_q.bias                   - [  2048,      1,      1,      1], type =    f32, size =    0.008 MiB
[ 330/ 963] blk.20.attn_q.weight                 - [  2048,   2048,      1,      1], type =    f16, converting to q4_0 .. size =     8.00 MiB ->     2.25 MiB
[ 331/ 963] blk.20.attn_v.bias                   - [   256,      1,      1,      1], type =    f32, size =    0.001 MiB
[ 332/ 963] blk.20.attn_v.weight                 - [  2048,    256,      1,      1], type =    f16, converting to q4_0 .. size =     1.00 MiB ->     0.28 MiB
[ 333/ 963] blk.20.ffn_down.bias                 - [  2048,      1,      1,      1], type =    f32, size =    0.008 MiB
[ 334/ 963] blk.20.ffn_down.weight               - [ 11008,   2048,      1,      1], type =    f16, converting to q4_0 .. size =    43.00 MiB ->    12.09 MiB
[ 335/ 963] blk.20.ffn_gate.bias                 - [ 11008,      1,      1,      1], type =    f32, size =    0.042 MiB
[ 336/ 963] blk.20.ffn_gate.weight               - [  2048,  11008,      1,      1], type =    f16, converting to q4_0 .. size =    43.00 MiB ->    12.09 MiB
[ 337/ 963] blk.20.ffn_norm.weight               - [  2048,      1,      1,      1], type =    f32, size =    0.008 MiB
[ 338/ 963] blk.20.ffn_up.bias                   - [ 11008,      1,      1,      1], type =    f32, size =    0.042 MiB
[ 339/ 963] blk.20.ffn_up.weight                 - [  2048,  11008,      1,      1], type =    f16, converting to q4_0 .. size =    43.00 MiB ->    12.09 MiB
[ 340/ 963] blk.21.attn_k.bias                   - [   256,      1,      1,      1], type =    f32, size =    0.001 MiB
[ 341/ 963] blk.21.attn_k.weight                 - [  2048,    256,      1,      1], type =    f16, converting to q4_0 .. size =     1.00 MiB ->     0.28 MiB
[ 342/ 963] blk.21.attn_norm.weight              - [  2048,      1,      1,      1], type =    f32, size =    0.008 MiB
[ 343/ 963] blk.21.attn_output.bias              - [  2048,      1,      1,      1], type =    f32, size =    0.008 MiB
[ 344/ 963] blk.21.attn_output.weight            - [  2048,   2048,      1,      1], type =    f16, converting to q4_0 .. size =     8.00 MiB ->     2.25 MiB
[ 345/ 963] blk.21.attn_q.bias                   - [  2048,      1,      1,      1], type =    f32, size =    0.008 MiB
[ 346/ 963] blk.21.attn_q.weight                 - [  2048,   2048,      1,      1], type =    f16, converting to q4_0 .. size =     8.00 MiB ->     2.25 MiB
[ 347/ 963] blk.21.attn_v.bias                   - [   256,      1,      1,      1], type =    f32, size =    0.001 MiB
[ 348/ 963] blk.21.attn_v.weight                 - [  2048,    256,      1,      1], type =    f16, converting to q4_0 .. size =     1.00 MiB ->     0.28 MiB
[ 349/ 963] blk.21.ffn_down.bias                 - [  2048,      1,      1,      1], type =    f32, size =    0.008 MiB
[ 350/ 963] blk.21.ffn_down.weight               - [ 11008,   2048,      1,      1], type =    f16, converting to q4_0 .. size =    43.00 MiB ->    12.09 MiB
[ 351/ 963] blk.21.ffn_gate.bias                 - [ 11008,      1,      1,      1], type =    f32, size =    0.042 MiB
[ 352/ 963] blk.21.ffn_gate.weight               - [  2048,  11008,      1,      1], type =    f16, converting to q4_0 .. size =    43.00 MiB ->    12.09 MiB
[ 353/ 963] blk.21.ffn_norm.weight               - [  2048,      1,      1,      1], type =    f32, size =    0.008 MiB
[ 354/ 963] blk.21.ffn_up.bias                   - [ 11008,      1,      1,      1], type =    f32, size =    0.042 MiB
[ 355/ 963] blk.21.ffn_up.weight                 - [  2048,  11008,      1,      1], type =    f16, converting to q4_0 .. size =    43.00 MiB ->    12.09 MiB
[ 356/ 963] blk.22.attn_k.bias                   - [   256,      1,      1,      1], type =    f32, size =    0.001 MiB
[ 357/ 963] blk.22.attn_k.weight                 - [  2048,    256,      1,      1], type =    f16, converting to q4_0 .. size =     1.00 MiB ->     0.28 MiB
[ 358/ 963] blk.22.attn_norm.weight              - [  2048,      1,      1,      1], type =    f32, size =    0.008 MiB
[ 359/ 963] blk.22.attn_output.bias              - [  2048,      1,      1,      1], type =    f32, size =    0.008 MiB
[ 360/ 963] blk.22.attn_output.weight            - [  2048,   2048,      1,      1], type =    f16, converting to q4_0 .. size =     8.00 MiB ->     2.25 MiB
[ 361/ 963] blk.22.attn_q.bias                   - [  2048,      1,      1,      1], type =    f32, size =    0.008 MiB
[ 362/ 963] blk.22.attn_q.weight                 - [  2048,   2048,      1,      1], type =    f16, converting to q4_0 .. size =     8.00 MiB ->     2.25 MiB
[ 363/ 963] blk.22.attn_v.bias                   - [   256,      1,      1,      1], type =    f32, size =    0.001 MiB
[ 364/ 963] blk.22.attn_v.weight                 - [  2048,    256,      1,      1], type =    f16, converting to q4_0 .. size =     1.00 MiB ->     0.28 MiB
[ 365/ 963] blk.22.ffn_down.bias                 - [  2048,      1,      1,      1], type =    f32, size =    0.008 MiB
[ 366/ 963] blk.22.ffn_down.weight               - [ 11008,   2048,      1,      1], type =    f16, converting to q4_0 .. size =    43.00 MiB ->    12.09 MiB
[ 367/ 963] blk.22.ffn_gate.bias                 - [ 11008,      1,      1,      1], type =    f32, size =    0.042 MiB
[ 368/ 963] blk.22.ffn_gate.weight               - [  2048,  11008,      1,      1], type =    f16, converting to q4_0 .. size =    43.00 MiB ->    12.09 MiB
[ 369/ 963] blk.22.ffn_norm.weight               - [  2048,      1,      1,      1], type =    f32, size =    0.008 MiB
[ 370/ 963] blk.22.ffn_up.bias                   - [ 11008,      1,      1,      1], type =    f32, size =    0.042 MiB
[ 371/ 963] blk.22.ffn_up.weight                 - [  2048,  11008,      1,      1], type =    f16, converting to q4_0 .. size =    43.00 MiB ->    12.09 MiB
[ 372/ 963] blk.23.attn_k.bias                   - [   256,      1,      1,      1], type =    f32, size =    0.001 MiB
[ 373/ 963] blk.23.attn_k.weight                 - [  2048,    256,      1,      1], type =    f16, converting to q4_0 .. size =     1.00 MiB ->     0.28 MiB
[ 374/ 963] blk.23.attn_norm.weight              - [  2048,      1,      1,      1], type =    f32, size =    0.008 MiB
[ 375/ 963] blk.23.attn_output.bias              - [  2048,      1,      1,      1], type =    f32, size =    0.008 MiB
[ 376/ 963] blk.23.attn_output.weight            - [  2048,   2048,      1,      1], type =    f16, converting to q4_0 .. size =     8.00 MiB ->     2.25 MiB
[ 377/ 963] blk.23.attn_q.bias                   - [  2048,      1,      1,      1], type =    f32, size =    0.008 MiB
[ 378/ 963] blk.23.attn_q.weight                 - [  2048,   2048,      1,      1], type =    f16, converting to q4_0 .. size =     8.00 MiB ->     2.25 MiB
[ 379/ 963] blk.23.attn_v.bias                   - [   256,      1,      1,      1], type =    f32, size =    0.001 MiB
[ 380/ 963] blk.23.attn_v.weight                 - [  2048,    256,      1,      1], type =    f16, converting to q4_0 .. size =     1.00 MiB ->     0.28 MiB
[ 381/ 963] blk.23.ffn_down.bias                 - [  2048,      1,      1,      1], type =    f32, size =    0.008 MiB
[ 382/ 963] blk.23.ffn_down.weight               - [ 11008,   2048,      1,      1], type =    f16, converting to q4_0 .. size =    43.00 MiB ->    12.09 MiB
[ 383/ 963] blk.23.ffn_gate.bias                 - [ 11008,      1,      1,      1], type =    f32, size =    0.042 MiB
[ 384/ 963] blk.23.ffn_gate.weight               - [  2048,  11008,      1,      1], type =    f16, converting to q4_0 .. size =    43.00 MiB ->    12.09 MiB
[ 385/ 963] blk.23.ffn_norm.weight               - [  2048,      1,      1,      1], type =    f32, size =    0.008 MiB
[ 386/ 963] blk.23.ffn_up.bias                   - [ 11008,      1,      1,      1], type =    f32, size =    0.042 MiB
[ 387/ 963] blk.23.ffn_up.weight                 - [  2048,  11008,      1,      1], type =    f16, converting to q4_0 .. size =    43.00 MiB ->    12.09 MiB
[ 388/ 963] blk.24.attn_k.bias                   - [   256,      1,      1,      1], type =    f32, size =    0.001 MiB
[ 389/ 963] blk.24.attn_k.weight                 - [  2048,    256,      1,      1], type =    f16, converting to q4_0 .. size =     1.00 MiB ->     0.28 MiB
[ 390/ 963] blk.24.attn_norm.weight              - [  2048,      1,      1,      1], type =    f32, size =    0.008 MiB
[ 391/ 963] blk.24.attn_output.bias              - [  2048,      1,      1,      1], type =    f32, size =    0.008 MiB
[ 392/ 963] blk.24.attn_output.weight            - [  2048,   2048,      1,      1], type =    f16, converting to q4_0 .. size =     8.00 MiB ->     2.25 MiB
[ 393/ 963] blk.24.attn_q.bias                   - [  2048,      1,      1,      1], type =    f32, size =    0.008 MiB
[ 394/ 963] blk.24.attn_q.weight                 - [  2048,   2048,      1,      1], type =    f16, converting to q4_0 .. size =     8.00 MiB ->     2.25 MiB
[ 395/ 963] blk.24.attn_v.bias                   - [   256,      1,      1,      1], type =    f32, size =    0.001 MiB
[ 396/ 963] blk.24.attn_v.weight                 - [  2048,    256,      1,      1], type =    f16, converting to q4_0 .. size =     1.00 MiB ->     0.28 MiB
[ 397/ 963] blk.24.ffn_down.bias                 - [  2048,      1,      1,      1], type =    f32, size =    0.008 MiB
[ 398/ 963] blk.24.ffn_down.weight               - [ 11008,   2048,      1,      1], type =    f16, converting to q4_0 .. size =    43.00 MiB ->    12.09 MiB
[ 399/ 963] blk.24.ffn_gate.bias                 - [ 11008,      1,      1,      1], type =    f32, size =    0.042 MiB
[ 400/ 963] blk.24.ffn_gate.weight               - [  2048,  11008,      1,      1], type =    f16, converting to q4_0 .. size =    43.00 MiB ->    12.09 MiB
[ 401/ 963] blk.24.ffn_norm.weight               - [  2048,      1,      1,      1], type =    f32, size =    0.008 MiB
[ 402/ 963] blk.24.ffn_up.bias                   - [ 11008,      1,      1,      1], type =    f32, size =    0.042 MiB
[ 403/ 963] blk.24.ffn_up.weight                 - [  2048,  11008,      1,      1], type =    f16, converting to q4_0 .. size =    43.00 MiB ->    12.09 MiB
[ 404/ 963] blk.25.attn_k.bias                   - [   256,      1,      1,      1], type =    f32, size =    0.001 MiB
[ 405/ 963] blk.25.attn_k.weight                 - [  2048,    256,      1,      1], type =    f16, converting to q4_0 .. size =     1.00 MiB ->     0.28 MiB
[ 406/ 963] blk.25.attn_norm.weight              - [  2048,      1,      1,      1], type =    f32, size =    0.008 MiB
[ 407/ 963] blk.25.attn_output.bias              - [  2048,      1,      1,      1], type =    f32, size =    0.008 MiB
[ 408/ 963] blk.25.attn_output.weight            - [  2048,   2048,      1,      1], type =    f16, converting to q4_0 .. size =     8.00 MiB ->     2.25 MiB
[ 409/ 963] blk.25.attn_q.bias                   - [  2048,      1,      1,      1], type =    f32, size =    0.008 MiB
[ 410/ 963] blk.25.attn_q.weight                 - [  2048,   2048,      1,      1], type =    f16, converting to q4_0 .. size =     8.00 MiB ->     2.25 MiB
[ 411/ 963] blk.25.attn_v.bias                   - [   256,      1,      1,      1], type =    f32, size =    0.001 MiB
[ 412/ 963] blk.25.attn_v.weight                 - [  2048,    256,      1,      1], type =    f16, converting to q4_0 .. size =     1.00 MiB ->     0.28 MiB
[ 413/ 963] blk.25.ffn_down.bias                 - [  2048,      1,      1,      1], type =    f32, size =    0.008 MiB
[ 414/ 963] blk.25.ffn_down.weight               - [ 11008,   2048,      1,      1], type =    f16, converting to q4_0 .. size =    43.00 MiB ->    12.09 MiB
[ 415/ 963] blk.25.ffn_gate.bias                 - [ 11008,      1,      1,      1], type =    f32, size =    0.042 MiB
[ 416/ 963] blk.25.ffn_gate.weight               - [  2048,  11008,      1,      1], type =    f16, converting to q4_0 .. size =    43.00 MiB ->    12.09 MiB
[ 417/ 963] blk.25.ffn_norm.weight               - [  2048,      1,      1,      1], type =    f32, size =    0.008 MiB
[ 418/ 963] blk.25.ffn_up.bias                   - [ 11008,      1,      1,      1], type =    f32, size =    0.042 MiB
[ 419/ 963] blk.25.ffn_up.weight                 - [  2048,  11008,      1,      1], type =    f16, converting to q4_0 .. size =    43.00 MiB ->    12.09 MiB
[ 420/ 963] blk.26.attn_k.bias                   - [   256,      1,      1,      1], type =    f32, size =    0.001 MiB
[ 421/ 963] blk.26.attn_k.weight                 - [  2048,    256,      1,      1], type =    f16, converting to q4_0 .. size =     1.00 MiB ->     0.28 MiB
[ 422/ 963] blk.26.attn_norm.weight              - [  2048,      1,      1,      1], type =    f32, size =    0.008 MiB
[ 423/ 963] blk.26.attn_output.bias              - [  2048,      1,      1,      1], type =    f32, size =    0.008 MiB
[ 424/ 963] blk.26.attn_output.weight            - [  2048,   2048,      1,      1], type =    f16, converting to q4_0 .. size =     8.00 MiB ->     2.25 MiB
[ 425/ 963] blk.26.attn_q.bias                   - [  2048,      1,      1,      1], type =    f32, size =    0.008 MiB
[ 426/ 963] blk.26.attn_q.weight                 - [  2048,   2048,      1,      1], type =    f16, converting to q4_0 .. size =     8.00 MiB ->     2.25 MiB
[ 427/ 963] blk.26.attn_v.bias                   - [   256,      1,      1,      1], type =    f32, size =    0.001 MiB
[ 428/ 963] blk.26.attn_v.weight                 - [  2048,    256,      1,      1], type =    f16, converting to q4_0 .. size =     1.00 MiB ->     0.28 MiB
[ 429/ 963] blk.26.ffn_down.bias                 - [  2048,      1,      1,      1], type =    f32, size =    0.008 MiB
[ 430/ 963] blk.26.ffn_down.weight               - [ 11008,   2048,      1,      1], type =    f16, converting to q4_0 .. size =    43.00 MiB ->    12.09 MiB
[ 431/ 963] blk.26.ffn_gate.bias                 - [ 11008,      1,      1,      1], type =    f32, size =    0.042 MiB
[ 432/ 963] blk.26.ffn_gate.weight               - [  2048,  11008,      1,      1], type =    f16, converting to q4_0 .. size =    43.00 MiB ->    12.09 MiB
[ 433/ 963] blk.26.ffn_norm.weight               - [  2048,      1,      1,      1], type =    f32, size =    0.008 MiB
[ 434/ 963] blk.26.ffn_up.bias                   - [ 11008,      1,      1,      1], type =    f32, size =    0.042 MiB
[ 435/ 963] blk.26.ffn_up.weight                 - [  2048,  11008,      1,      1], type =    f16, converting to q4_0 .. size =    43.00 MiB ->    12.09 MiB
[ 436/ 963] blk.27.attn_k.bias                   - [   256,      1,      1,      1], type =    f32, size =    0.001 MiB
[ 437/ 963] blk.27.attn_k.weight                 - [  2048,    256,      1,      1], type =    f16, converting to q4_0 .. size =     1.00 MiB ->     0.28 MiB
[ 438/ 963] blk.27.attn_norm.weight              - [  2048,      1,      1,      1], type =    f32, size =    0.008 MiB
[ 439/ 963] blk.27.attn_output.bias              - [  2048,      1,      1,      1], type =    f32, size =    0.008 MiB
[ 440/ 963] blk.27.attn_output.weight            - [  2048,   2048,      1,      1], type =    f16, converting to q4_0 .. size =     8.00 MiB ->     2.25 MiB
[ 441/ 963] blk.27.attn_q.bias                   - [  2048,      1,      1,      1], type =    f32, size =    0.008 MiB
[ 442/ 963] blk.27.attn_q.weight                 - [  2048,   2048,      1,      1], type =    f16, converting to q4_0 .. size =     8.00 MiB ->     2.25 MiB
[ 443/ 963] blk.27.attn_v.bias                   - [   256,      1,      1,      1], type =    f32, size =    0.001 MiB
[ 444/ 963] blk.27.attn_v.weight                 - [  2048,    256,      1,      1], type =    f16, converting to q4_0 .. size =     1.00 MiB ->     0.28 MiB
[ 445/ 963] blk.27.ffn_down.bias                 - [  2048,      1,      1,      1], type =    f32, size =    0.008 MiB
[ 446/ 963] blk.27.ffn_down.weight               - [ 11008,   2048,      1,      1], type =    f16, converting to q4_0 .. size =    43.00 MiB ->    12.09 MiB
[ 447/ 963] blk.27.ffn_gate.bias                 - [ 11008,      1,      1,      1], type =    f32, size =    0.042 MiB
[ 448/ 963] blk.27.ffn_gate.weight               - [  2048,  11008,      1,      1], type =    f16, converting to q4_0 .. size =    43.00 MiB ->    12.09 MiB
[ 449/ 963] blk.27.ffn_norm.weight               - [  2048,      1,      1,      1], type =    f32, size =    0.008 MiB
[ 450/ 963] blk.27.ffn_up.bias                   - [ 11008,      1,      1,      1], type =    f32, size =    0.042 MiB
[ 451/ 963] blk.27.ffn_up.weight                 - [  2048,  11008,      1,      1], type =    f16, converting to q4_0 .. size =    43.00 MiB ->    12.09 MiB
[ 452/ 963] blk.28.attn_k.bias                   - [   256,      1,      1,      1], type =    f32, size =    0.001 MiB
[ 453/ 963] blk.28.attn_k.weight                 - [  2048,    256,      1,      1], type =    f16, converting to q4_0 .. size =     1.00 MiB ->     0.28 MiB
[ 454/ 963] blk.28.attn_norm.weight              - [  2048,      1,      1,      1], type =    f32, size =    0.008 MiB
[ 455/ 963] blk.28.attn_output.bias              - [  2048,      1,      1,      1], type =    f32, size =    0.008 MiB
[ 456/ 963] blk.28.attn_output.weight            - [  2048,   2048,      1,      1], type =    f16, converting to q4_0 .. size =     8.00 MiB ->     2.25 MiB
[ 457/ 963] blk.28.attn_q.bias                   - [  2048,      1,      1,      1], type =    f32, size =    0.008 MiB
[ 458/ 963] blk.28.attn_q.weight                 - [  2048,   2048,      1,      1], type =    f16, converting to q4_0 .. size =     8.00 MiB ->     2.25 MiB
[ 459/ 963] blk.28.attn_v.bias                   - [   256,      1,      1,      1], type =    f32, size =    0.001 MiB
[ 460/ 963] blk.28.attn_v.weight                 - [  2048,    256,      1,      1], type =    f16, converting to q4_0 .. size =     1.00 MiB ->     0.28 MiB
[ 461/ 963] blk.28.ffn_down.bias                 - [  2048,      1,      1,      1], type =    f32, size =    0.008 MiB
[ 462/ 963] blk.28.ffn_down.weight               - [ 11008,   2048,      1,      1], type =    f16, converting to q4_0 .. size =    43.00 MiB ->    12.09 MiB
[ 463/ 963] blk.28.ffn_gate.bias                 - [ 11008,      1,      1,      1], type =    f32, size =    0.042 MiB
[ 464/ 963] blk.28.ffn_gate.weight               - [  2048,  11008,      1,      1], type =    f16, converting to q4_0 .. size =    43.00 MiB ->    12.09 MiB
[ 465/ 963] blk.28.ffn_norm.weight               - [  2048,      1,      1,      1], type =    f32, size =    0.008 MiB
[ 466/ 963] blk.28.ffn_up.bias                   - [ 11008,      1,      1,      1], type =    f32, size =    0.042 MiB
[ 467/ 963] blk.28.ffn_up.weight                 - [  2048,  11008,      1,      1], type =    f16, converting to q4_0 .. size =    43.00 MiB ->    12.09 MiB
[ 468/ 963] blk.29.attn_k.bias                   - [   256,      1,      1,      1], type =    f32, size =    0.001 MiB
[ 469/ 963] blk.29.attn_k.weight                 - [  2048,    256,      1,      1], type =    f16, converting to q4_0 .. size =     1.00 MiB ->     0.28 MiB
[ 470/ 963] blk.29.attn_norm.weight              - [  2048,      1,      1,      1], type =    f32, size =    0.008 MiB
[ 471/ 963] blk.29.attn_output.bias              - [  2048,      1,      1,      1], type =    f32, size =    0.008 MiB
[ 472/ 963] blk.29.attn_output.weight            - [  2048,   2048,      1,      1], type =    f16, converting to q4_0 .. size =     8.00 MiB ->     2.25 MiB
[ 473/ 963] blk.29.attn_q.bias                   - [  2048,      1,      1,      1], type =    f32, size =    0.008 MiB
[ 474/ 963] blk.29.attn_q.weight                 - [  2048,   2048,      1,      1], type =    f16, converting to q4_0 .. size =     8.00 MiB ->     2.25 MiB
[ 475/ 963] blk.29.attn_v.bias                   - [   256,      1,      1,      1], type =    f32, size =    0.001 MiB
[ 476/ 963] blk.29.attn_v.weight                 - [  2048,    256,      1,      1], type =    f16, converting to q4_0 .. size =     1.00 MiB ->     0.28 MiB
[ 477/ 963] blk.29.ffn_down.bias                 - [  2048,      1,      1,      1], type =    f32, size =    0.008 MiB
[ 478/ 963] blk.29.ffn_down.weight               - [ 11008,   2048,      1,      1], type =    f16, converting to q4_0 .. size =    43.00 MiB ->    12.09 MiB
[ 479/ 963] blk.29.ffn_gate.bias                 - [ 11008,      1,      1,      1], type =    f32, size =    0.042 MiB
[ 480/ 963] blk.29.ffn_gate.weight               - [  2048,  11008,      1,      1], type =    f16, converting to q4_0 .. size =    43.00 MiB ->    12.09 MiB
[ 481/ 963] blk.29.ffn_norm.weight               - [  2048,      1,      1,      1], type =    f32, size =    0.008 MiB
[ 482/ 963] blk.29.ffn_up.bias                   - [ 11008,      1,      1,      1], type =    f32, size =    0.042 MiB
[ 483/ 963] blk.29.ffn_up.weight                 - [  2048,  11008,      1,      1], type =    f16, converting to q4_0 .. size =    43.00 MiB ->    12.09 MiB
[ 484/ 963] blk.30.attn_k.bias                   - [   256,      1,      1,      1], type =    f32, size =    0.001 MiB
[ 485/ 963] blk.30.attn_k.weight                 - [  2048,    256,      1,      1], type =    f16, converting to q4_0 .. size =     1.00 MiB ->     0.28 MiB
[ 486/ 963] blk.30.attn_norm.weight              - [  2048,      1,      1,      1], type =    f32, size =    0.008 MiB
[ 487/ 963] blk.30.attn_output.bias              - [  2048,      1,      1,      1], type =    f32, size =    0.008 MiB
[ 488/ 963] blk.30.attn_output.weight            - [  2048,   2048,      1,      1], type =    f16, converting to q4_0 .. size =     8.00 MiB ->     2.25 MiB
[ 489/ 963] blk.30.attn_q.bias                   - [  2048,      1,      1,      1], type =    f32, size =    0.008 MiB
[ 490/ 963] blk.30.attn_q.weight                 - [  2048,   2048,      1,      1], type =    f16, converting to q4_0 .. size =     8.00 MiB ->     2.25 MiB
[ 491/ 963] blk.30.attn_v.bias                   - [   256,      1,      1,      1], type =    f32, size =    0.001 MiB
[ 492/ 963] blk.30.attn_v.weight                 - [  2048,    256,      1,      1], type =    f16, converting to q4_0 .. size =     1.00 MiB ->     0.28 MiB
[ 493/ 963] blk.30.ffn_down.bias                 - [  2048,      1,      1,      1], type =    f32, size =    0.008 MiB
[ 494/ 963] blk.30.ffn_down.weight               - [ 11008,   2048,      1,      1], type =    f16, converting to q4_0 .. size =    43.00 MiB ->    12.09 MiB
[ 495/ 963] blk.30.ffn_gate.bias                 - [ 11008,      1,      1,      1], type =    f32, size =    0.042 MiB
[ 496/ 963] blk.30.ffn_gate.weight               - [  2048,  11008,      1,      1], type =    f16, converting to q4_0 .. size =    43.00 MiB ->    12.09 MiB
[ 497/ 963] blk.30.ffn_norm.weight               - [  2048,      1,      1,      1], type =    f32, size =    0.008 MiB
[ 498/ 963] blk.30.ffn_up.bias                   - [ 11008,      1,      1,      1], type =    f32, size =    0.042 MiB
[ 499/ 963] blk.30.ffn_up.weight                 - [  2048,  11008,      1,      1], type =    f16, converting to q4_0 .. size =    43.00 MiB ->    12.09 MiB
[ 500/ 963] blk.31.attn_k.bias                   - [   256,      1,      1,      1], type =    f32, size =    0.001 MiB
[ 501/ 963] blk.31.attn_k.weight                 - [  2048,    256,      1,      1], type =    f16, converting to q4_0 .. size =     1.00 MiB ->     0.28 MiB
[ 502/ 963] blk.31.attn_norm.weight              - [  2048,      1,      1,      1], type =    f32, size =    0.008 MiB
[ 503/ 963] blk.31.attn_output.bias              - [  2048,      1,      1,      1], type =    f32, size =    0.008 MiB
[ 504/ 963] blk.31.attn_output.weight            - [  2048,   2048,      1,      1], type =    f16, converting to q4_0 .. size =     8.00 MiB ->     2.25 MiB
[ 505/ 963] blk.31.attn_q.bias                   - [  2048,      1,      1,      1], type =    f32, size =    0.008 MiB
[ 506/ 963] blk.31.attn_q.weight                 - [  2048,   2048,      1,      1], type =    f16, converting to q4_0 .. size =     8.00 MiB ->     2.25 MiB
[ 507/ 963] blk.31.attn_v.bias                   - [   256,      1,      1,      1], type =    f32, size =    0.001 MiB
[ 508/ 963] blk.31.attn_v.weight                 - [  2048,    256,      1,      1], type =    f16, converting to q4_0 .. size =     1.00 MiB ->     0.28 MiB
[ 509/ 963] blk.31.ffn_down.bias                 - [  2048,      1,      1,      1], type =    f32, size =    0.008 MiB
[ 510/ 963] blk.31.ffn_down.weight               - [ 11008,   2048,      1,      1], type =    f16, converting to q4_0 .. size =    43.00 MiB ->    12.09 MiB
[ 511/ 963] blk.31.ffn_gate.bias                 - [ 11008,      1,      1,      1], type =    f32, size =    0.042 MiB
[ 512/ 963] blk.31.ffn_gate.weight               - [  2048,  11008,      1,      1], type =    f16, converting to q4_0 .. size =    43.00 MiB ->    12.09 MiB
[ 513/ 963] blk.31.ffn_norm.weight               - [  2048,      1,      1,      1], type =    f32, size =    0.008 MiB
[ 514/ 963] blk.31.ffn_up.bias                   - [ 11008,      1,      1,      1], type =    f32, size =    0.042 MiB
[ 515/ 963] blk.31.ffn_up.weight                 - [  2048,  11008,      1,      1], type =    f16, converting to q4_0 .. size =    43.00 MiB ->    12.09 MiB
[ 516/ 963] blk.32.attn_k.bias                   - [   256,      1,      1,      1], type =    f32, size =    0.001 MiB
[ 517/ 963] blk.32.attn_k.weight                 - [  2048,    256,      1,      1], type =    f16, converting to q4_0 .. size =     1.00 MiB ->     0.28 MiB
[ 518/ 963] blk.32.attn_norm.weight              - [  2048,      1,      1,      1], type =    f32, size =    0.008 MiB
[ 519/ 963] blk.32.attn_output.bias              - [  2048,      1,      1,      1], type =    f32, size =    0.008 MiB
[ 520/ 963] blk.32.attn_output.weight            - [  2048,   2048,      1,      1], type =    f16, converting to q4_0 .. size =     8.00 MiB ->     2.25 MiB
[ 521/ 963] blk.32.attn_q.bias                   - [  2048,      1,      1,      1], type =    f32, size =    0.008 MiB
[ 522/ 963] blk.32.attn_q.weight                 - [  2048,   2048,      1,      1], type =    f16, converting to q4_0 .. size =     8.00 MiB ->     2.25 MiB
[ 523/ 963] blk.32.attn_v.bias                   - [   256,      1,      1,      1], type =    f32, size =    0.001 MiB
[ 524/ 963] blk.32.attn_v.weight                 - [  2048,    256,      1,      1], type =    f16, converting to q4_0 .. size =     1.00 MiB ->     0.28 MiB
[ 525/ 963] blk.32.ffn_down.bias                 - [  2048,      1,      1,      1], type =    f32, size =    0.008 MiB
[ 526/ 963] blk.32.ffn_down.weight               - [ 11008,   2048,      1,      1], type =    f16, converting to q4_0 .. size =    43.00 MiB ->    12.09 MiB
[ 527/ 963] blk.32.ffn_gate.bias                 - [ 11008,      1,      1,      1], type =    f32, size =    0.042 MiB
[ 528/ 963] blk.32.ffn_gate.weight               - [  2048,  11008,      1,      1], type =    f16, converting to q4_0 .. size =    43.00 MiB ->    12.09 MiB
[ 529/ 963] blk.32.ffn_norm.weight               - [  2048,      1,      1,      1], type =    f32, size =    0.008 MiB
[ 530/ 963] blk.32.ffn_up.bias                   - [ 11008,      1,      1,      1], type =    f32, size =    0.042 MiB
[ 531/ 963] blk.32.ffn_up.weight                 - [  2048,  11008,      1,      1], type =    f16, converting to q4_0 .. size =    43.00 MiB ->    12.09 MiB
[ 532/ 963] blk.33.attn_k.bias                   - [   256,      1,      1,      1], type =    f32, size =    0.001 MiB
[ 533/ 963] blk.33.attn_k.weight                 - [  2048,    256,      1,      1], type =    f16, converting to q4_0 .. size =     1.00 MiB ->     0.28 MiB
[ 534/ 963] blk.33.attn_norm.weight              - [  2048,      1,      1,      1], type =    f32, size =    0.008 MiB
[ 535/ 963] blk.33.attn_output.bias              - [  2048,      1,      1,      1], type =    f32, size =    0.008 MiB
[ 536/ 963] blk.33.attn_output.weight            - [  2048,   2048,      1,      1], type =    f16, converting to q4_0 .. size =     8.00 MiB ->     2.25 MiB
[ 537/ 963] blk.33.attn_q.bias                   - [  2048,      1,      1,      1], type =    f32, size =    0.008 MiB
[ 538/ 963] blk.33.attn_q.weight                 - [  2048,   2048,      1,      1], type =    f16, converting to q4_0 .. size =     8.00 MiB ->     2.25 MiB
[ 539/ 963] blk.33.attn_v.bias                   - [   256,      1,      1,      1], type =    f32, size =    0.001 MiB
[ 540/ 963] blk.33.attn_v.weight                 - [  2048,    256,      1,      1], type =    f16, converting to q4_0 .. size =     1.00 MiB ->     0.28 MiB
[ 541/ 963] blk.33.ffn_down.bias                 - [  2048,      1,      1,      1], type =    f32, size =    0.008 MiB
[ 542/ 963] blk.33.ffn_down.weight               - [ 11008,   2048,      1,      1], type =    f16, converting to q4_0 .. size =    43.00 MiB ->    12.09 MiB
[ 543/ 963] blk.33.ffn_gate.bias                 - [ 11008,      1,      1,      1], type =    f32, size =    0.042 MiB
[ 544/ 963] blk.33.ffn_gate.weight               - [  2048,  11008,      1,      1], type =    f16, converting to q4_0 .. size =    43.00 MiB ->    12.09 MiB
[ 545/ 963] blk.33.ffn_norm.weight               - [  2048,      1,      1,      1], type =    f32, size =    0.008 MiB
[ 546/ 963] blk.33.ffn_up.bias                   - [ 11008,      1,      1,      1], type =    f32, size =    0.042 MiB
[ 547/ 963] blk.33.ffn_up.weight                 - [  2048,  11008,      1,      1], type =    f16, converting to q4_0 .. size =    43.00 MiB ->    12.09 MiB
[ 548/ 963] blk.34.attn_k.bias                   - [   256,      1,      1,      1], type =    f32, size =    0.001 MiB
[ 549/ 963] blk.34.attn_k.weight                 - [  2048,    256,      1,      1], type =    f16, converting to q4_0 .. size =     1.00 MiB ->     0.28 MiB
[ 550/ 963] blk.34.attn_norm.weight              - [  2048,      1,      1,      1], type =    f32, size =    0.008 MiB
[ 551/ 963] blk.34.attn_output.bias              - [  2048,      1,      1,      1], type =    f32, size =    0.008 MiB
[ 552/ 963] blk.34.attn_output.weight            - [  2048,   2048,      1,      1], type =    f16, converting to q4_0 .. size =     8.00 MiB ->     2.25 MiB
[ 553/ 963] blk.34.attn_q.bias                   - [  2048,      1,      1,      1], type =    f32, size =    0.008 MiB
[ 554/ 963] blk.34.attn_q.weight                 - [  2048,   2048,      1,      1], type =    f16, converting to q4_0 .. size =     8.00 MiB ->     2.25 MiB
[ 555/ 963] blk.34.attn_v.bias                   - [   256,      1,      1,      1], type =    f32, size =    0.001 MiB
[ 556/ 963] blk.34.attn_v.weight                 - [  2048,    256,      1,      1], type =    f16, converting to q4_0 .. size =     1.00 MiB ->     0.28 MiB
[ 557/ 963] blk.34.ffn_down.bias                 - [  2048,      1,      1,      1], type =    f32, size =    0.008 MiB
[ 558/ 963] blk.34.ffn_down.weight               - [ 11008,   2048,      1,      1], type =    f16, converting to q4_0 .. size =    43.00 MiB ->    12.09 MiB
[ 559/ 963] blk.34.ffn_gate.bias                 - [ 11008,      1,      1,      1], type =    f32, size =    0.042 MiB
[ 560/ 963] blk.34.ffn_gate.weight               - [  2048,  11008,      1,      1], type =    f16, converting to q4_0 .. size =    43.00 MiB ->    12.09 MiB
[ 561/ 963] blk.34.ffn_norm.weight               - [  2048,      1,      1,      1], type =    f32, size =    0.008 MiB
[ 562/ 963] blk.34.ffn_up.bias                   - [ 11008,      1,      1,      1], type =    f32, size =    0.042 MiB
[ 563/ 963] blk.34.ffn_up.weight                 - [  2048,  11008,      1,      1], type =    f16, converting to q4_0 .. size =    43.00 MiB ->    12.09 MiB
[ 564/ 963] blk.35.attn_k.bias                   - [   256,      1,      1,      1], type =    f32, size =    0.001 MiB
[ 565/ 963] blk.35.attn_k.weight                 - [  2048,    256,      1,      1], type =    f16, converting to q4_0 .. size =     1.00 MiB ->     0.28 MiB
[ 566/ 963] blk.35.attn_norm.weight              - [  2048,      1,      1,      1], type =    f32, size =    0.008 MiB
[ 567/ 963] blk.35.attn_output.bias              - [  2048,      1,      1,      1], type =    f32, size =    0.008 MiB
[ 568/ 963] blk.35.attn_output.weight            - [  2048,   2048,      1,      1], type =    f16, converting to q4_0 .. size =     8.00 MiB ->     2.25 MiB
[ 569/ 963] blk.35.attn_q.bias                   - [  2048,      1,      1,      1], type =    f32, size =    0.008 MiB
[ 570/ 963] blk.35.attn_q.weight                 - [  2048,   2048,      1,      1], type =    f16, converting to q4_0 .. size =     8.00 MiB ->     2.25 MiB
[ 571/ 963] blk.35.attn_v.bias                   - [   256,      1,      1,      1], type =    f32, size =    0.001 MiB
[ 572/ 963] blk.35.attn_v.weight                 - [  2048,    256,      1,      1], type =    f16, converting to q4_0 .. size =     1.00 MiB ->     0.28 MiB
[ 573/ 963] blk.35.ffn_down.bias                 - [  2048,      1,      1,      1], type =    f32, size =    0.008 MiB
[ 574/ 963] blk.35.ffn_down.weight               - [ 11008,   2048,      1,      1], type =    f16, converting to q4_0 .. size =    43.00 MiB ->    12.09 MiB
[ 575/ 963] blk.35.ffn_gate.bias                 - [ 11008,      1,      1,      1], type =    f32, size =    0.042 MiB
[ 576/ 963] blk.35.ffn_gate.weight               - [  2048,  11008,      1,      1], type =    f16, converting to q4_0 .. size =    43.00 MiB ->    12.09 MiB
[ 577/ 963] blk.35.ffn_norm.weight               - [  2048,      1,      1,      1], type =    f32, size =    0.008 MiB
[ 578/ 963] blk.35.ffn_up.bias                   - [ 11008,      1,      1,      1], type =    f32, size =    0.042 MiB
[ 579/ 963] blk.35.ffn_up.weight                 - [  2048,  11008,      1,      1], type =    f16, converting to q4_0 .. size =    43.00 MiB ->    12.09 MiB
[ 580/ 963] blk.36.attn_k.bias                   - [   256,      1,      1,      1], type =    f32, size =    0.001 MiB
[ 581/ 963] blk.36.attn_k.weight                 - [  2048,    256,      1,      1], type =    f16, converting to q4_0 .. size =     1.00 MiB ->     0.28 MiB
[ 582/ 963] blk.36.attn_norm.weight              - [  2048,      1,      1,      1], type =    f32, size =    0.008 MiB
[ 583/ 963] blk.36.attn_output.bias              - [  2048,      1,      1,      1], type =    f32, size =    0.008 MiB
[ 584/ 963] blk.36.attn_output.weight            - [  2048,   2048,      1,      1], type =    f16, converting to q4_0 .. size =     8.00 MiB ->     2.25 MiB
[ 585/ 963] blk.36.attn_q.bias                   - [  2048,      1,      1,      1], type =    f32, size =    0.008 MiB
[ 586/ 963] blk.36.attn_q.weight                 - [  2048,   2048,      1,      1], type =    f16, converting to q4_0 .. size =     8.00 MiB ->     2.25 MiB
[ 587/ 963] blk.36.attn_v.bias                   - [   256,      1,      1,      1], type =    f32, size =    0.001 MiB
[ 588/ 963] blk.36.attn_v.weight                 - [  2048,    256,      1,      1], type =    f16, converting to q4_0 .. size =     1.00 MiB ->     0.28 MiB
[ 589/ 963] blk.36.ffn_down.bias                 - [  2048,      1,      1,      1], type =    f32, size =    0.008 MiB
[ 590/ 963] blk.36.ffn_down.weight               - [ 11008,   2048,      1,      1], type =    f16, converting to q4_0 .. size =    43.00 MiB ->    12.09 MiB
[ 591/ 963] blk.36.ffn_gate.bias                 - [ 11008,      1,      1,      1], type =    f32, size =    0.042 MiB
[ 592/ 963] blk.36.ffn_gate.weight               - [  2048,  11008,      1,      1], type =    f16, converting to q4_0 .. size =    43.00 MiB ->    12.09 MiB
[ 593/ 963] blk.36.ffn_norm.weight               - [  2048,      1,      1,      1], type =    f32, size =    0.008 MiB
[ 594/ 963] blk.36.ffn_up.bias                   - [ 11008,      1,      1,      1], type =    f32, size =    0.042 MiB
[ 595/ 963] blk.36.ffn_up.weight                 - [  2048,  11008,      1,      1], type =    f16, converting to q4_0 .. size =    43.00 MiB ->    12.09 MiB
[ 596/ 963] blk.37.attn_k.bias                   - [   256,      1,      1,      1], type =    f32, size =    0.001 MiB
[ 597/ 963] blk.37.attn_k.weight                 - [  2048,    256,      1,      1], type =    f16, converting to q4_0 .. size =     1.00 MiB ->     0.28 MiB
[ 598/ 963] blk.37.attn_norm.weight              - [  2048,      1,      1,      1], type =    f32, size =    0.008 MiB
[ 599/ 963] blk.37.attn_output.bias              - [  2048,      1,      1,      1], type =    f32, size =    0.008 MiB
[ 600/ 963] blk.37.attn_output.weight            - [  2048,   2048,      1,      1], type =    f16, converting to q4_0 .. size =     8.00 MiB ->     2.25 MiB
[ 601/ 963] blk.37.attn_q.bias                   - [  2048,      1,      1,      1], type =    f32, size =    0.008 MiB
[ 602/ 963] blk.37.attn_q.weight                 - [  2048,   2048,      1,      1], type =    f16, converting to q4_0 .. size =     8.00 MiB ->     2.25 MiB
[ 603/ 963] blk.37.attn_v.bias                   - [   256,      1,      1,      1], type =    f32, size =    0.001 MiB
[ 604/ 963] blk.37.attn_v.weight                 - [  2048,    256,      1,      1], type =    f16, converting to q4_0 .. size =     1.00 MiB ->     0.28 MiB
[ 605/ 963] blk.37.ffn_down.bias                 - [  2048,      1,      1,      1], type =    f32, size =    0.008 MiB
[ 606/ 963] blk.37.ffn_down.weight               - [ 11008,   2048,      1,      1], type =    f16, converting to q4_0 .. size =    43.00 MiB ->    12.09 MiB
[ 607/ 963] blk.37.ffn_gate.bias                 - [ 11008,      1,      1,      1], type =    f32, size =    0.042 MiB
[ 608/ 963] blk.37.ffn_gate.weight               - [  2048,  11008,      1,      1], type =    f16, converting to q4_0 .. size =    43.00 MiB ->    12.09 MiB
[ 609/ 963] blk.37.ffn_norm.weight               - [  2048,      1,      1,      1], type =    f32, size =    0.008 MiB
[ 610/ 963] blk.37.ffn_up.bias                   - [ 11008,      1,      1,      1], type =    f32, size =    0.042 MiB
[ 611/ 963] blk.37.ffn_up.weight                 - [  2048,  11008,      1,      1], type =    f16, converting to q4_0 .. size =    43.00 MiB ->    12.09 MiB
[ 612/ 963] blk.38.attn_k.bias                   - [   256,      1,      1,      1], type =    f32, size =    0.001 MiB
[ 613/ 963] blk.38.attn_k.weight                 - [  2048,    256,      1,      1], type =    f16, converting to q4_0 .. size =     1.00 MiB ->     0.28 MiB
[ 614/ 963] blk.38.attn_norm.weight              - [  2048,      1,      1,      1], type =    f32, size =    0.008 MiB
[ 615/ 963] blk.38.attn_output.bias              - [  2048,      1,      1,      1], type =    f32, size =    0.008 MiB
[ 616/ 963] blk.38.attn_output.weight            - [  2048,   2048,      1,      1], type =    f16, converting to q4_0 .. size =     8.00 MiB ->     2.25 MiB
[ 617/ 963] blk.38.attn_q.bias                   - [  2048,      1,      1,      1], type =    f32, size =    0.008 MiB
[ 618/ 963] blk.38.attn_q.weight                 - [  2048,   2048,      1,      1], type =    f16, converting to q4_0 .. size =     8.00 MiB ->     2.25 MiB
[ 619/ 963] blk.38.attn_v.bias                   - [   256,      1,      1,      1], type =    f32, size =    0.001 MiB
[ 620/ 963] blk.38.attn_v.weight                 - [  2048,    256,      1,      1], type =    f16, converting to q4_0 .. size =     1.00 MiB ->     0.28 MiB
[ 621/ 963] blk.38.ffn_down.bias                 - [  2048,      1,      1,      1], type =    f32, size =    0.008 MiB
[ 622/ 963] blk.38.ffn_down.weight               - [ 11008,   2048,      1,      1], type =    f16, converting to q4_0 .. size =    43.00 MiB ->    12.09 MiB
[ 623/ 963] blk.38.ffn_gate.bias                 - [ 11008,      1,      1,      1], type =    f32, size =    0.042 MiB
[ 624/ 963] blk.38.ffn_gate.weight               - [  2048,  11008,      1,      1], type =    f16, converting to q4_0 .. size =    43.00 MiB ->    12.09 MiB
[ 625/ 963] blk.38.ffn_norm.weight               - [  2048,      1,      1,      1], type =    f32, size =    0.008 MiB
[ 626/ 963] blk.38.ffn_up.bias                   - [ 11008,      1,      1,      1], type =    f32, size =    0.042 MiB
[ 627/ 963] blk.38.ffn_up.weight                 - [  2048,  11008,      1,      1], type =    f16, converting to q4_0 .. size =    43.00 MiB ->    12.09 MiB
[ 628/ 963] blk.39.attn_k.bias                   - [   256,      1,      1,      1], type =    f32, size =    0.001 MiB
[ 629/ 963] blk.39.attn_k.weight                 - [  2048,    256,      1,      1], type =    f16, converting to q4_0 .. size =     1.00 MiB ->     0.28 MiB
[ 630/ 963] blk.39.attn_norm.weight              - [  2048,      1,      1,      1], type =    f32, size =    0.008 MiB
[ 631/ 963] blk.39.attn_output.bias              - [  2048,      1,      1,      1], type =    f32, size =    0.008 MiB
[ 632/ 963] blk.39.attn_output.weight            - [  2048,   2048,      1,      1], type =    f16, converting to q4_0 .. size =     8.00 MiB ->     2.25 MiB
[ 633/ 963] blk.39.attn_q.bias                   - [  2048,      1,      1,      1], type =    f32, size =    0.008 MiB
[ 634/ 963] blk.39.attn_q.weight                 - [  2048,   2048,      1,      1], type =    f16, converting to q4_0 .. size =     8.00 MiB ->     2.25 MiB
[ 635/ 963] blk.39.attn_v.bias                   - [   256,      1,      1,      1], type =    f32, size =    0.001 MiB
[ 636/ 963] blk.39.attn_v.weight                 - [  2048,    256,      1,      1], type =    f16, converting to q4_0 .. size =     1.00 MiB ->     0.28 MiB
[ 637/ 963] blk.39.ffn_down.bias                 - [  2048,      1,      1,      1], type =    f32, size =    0.008 MiB
[ 638/ 963] blk.39.ffn_down.weight               - [ 11008,   2048,      1,      1], type =    f16, converting to q4_0 .. size =    43.00 MiB ->    12.09 MiB
[ 639/ 963] blk.39.ffn_gate.bias                 - [ 11008,      1,      1,      1], type =    f32, size =    0.042 MiB
[ 640/ 963] blk.39.ffn_gate.weight               - [  2048,  11008,      1,      1], type =    f16, converting to q4_0 .. size =    43.00 MiB ->    12.09 MiB
[ 641/ 963] blk.39.ffn_norm.weight               - [  2048,      1,      1,      1], type =    f32, size =    0.008 MiB
[ 642/ 963] blk.39.ffn_up.bias                   - [ 11008,      1,      1,      1], type =    f32, size =    0.042 MiB
[ 643/ 963] blk.39.ffn_up.weight                 - [  2048,  11008,      1,      1], type =    f16, converting to q4_0 .. size =    43.00 MiB ->    12.09 MiB
[ 644/ 963] blk.40.attn_k.bias                   - [   256,      1,      1,      1], type =    f32, size =    0.001 MiB
[ 645/ 963] blk.40.attn_k.weight                 - [  2048,    256,      1,      1], type =    f16, converting to q4_0 .. size =     1.00 MiB ->     0.28 MiB
[ 646/ 963] blk.40.attn_norm.weight              - [  2048,      1,      1,      1], type =    f32, size =    0.008 MiB
[ 647/ 963] blk.40.attn_output.bias              - [  2048,      1,      1,      1], type =    f32, size =    0.008 MiB
[ 648/ 963] blk.40.attn_output.weight            - [  2048,   2048,      1,      1], type =    f16, converting to q4_0 .. size =     8.00 MiB ->     2.25 MiB
[ 649/ 963] blk.40.attn_q.bias                   - [  2048,      1,      1,      1], type =    f32, size =    0.008 MiB
[ 650/ 963] blk.40.attn_q.weight                 - [  2048,   2048,      1,      1], type =    f16, converting to q4_0 .. size =     8.00 MiB ->     2.25 MiB
[ 651/ 963] blk.40.attn_v.bias                   - [   256,      1,      1,      1], type =    f32, size =    0.001 MiB
[ 652/ 963] blk.40.attn_v.weight                 - [  2048,    256,      1,      1], type =    f16, converting to q4_0 .. size =     1.00 MiB ->     0.28 MiB
[ 653/ 963] blk.40.ffn_down.bias                 - [  2048,      1,      1,      1], type =    f32, size =    0.008 MiB
[ 654/ 963] blk.40.ffn_down.weight               - [ 11008,   2048,      1,      1], type =    f16, converting to q4_0 .. size =    43.00 MiB ->    12.09 MiB
[ 655/ 963] blk.40.ffn_gate.bias                 - [ 11008,      1,      1,      1], type =    f32, size =    0.042 MiB
[ 656/ 963] blk.40.ffn_gate.weight               - [  2048,  11008,      1,      1], type =    f16, converting to q4_0 .. size =    43.00 MiB ->    12.09 MiB
[ 657/ 963] blk.40.ffn_norm.weight               - [  2048,      1,      1,      1], type =    f32, size =    0.008 MiB
[ 658/ 963] blk.40.ffn_up.bias                   - [ 11008,      1,      1,      1], type =    f32, size =    0.042 MiB
[ 659/ 963] blk.40.ffn_up.weight                 - [  2048,  11008,      1,      1], type =    f16, converting to q4_0 .. size =    43.00 MiB ->    12.09 MiB
[ 660/ 963] blk.41.attn_k.bias                   - [   256,      1,      1,      1], type =    f32, size =    0.001 MiB
[ 661/ 963] blk.41.attn_k.weight                 - [  2048,    256,      1,      1], type =    f16, converting to q4_0 .. size =     1.00 MiB ->     0.28 MiB
[ 662/ 963] blk.41.attn_norm.weight              - [  2048,      1,      1,      1], type =    f32, size =    0.008 MiB
[ 663/ 963] blk.41.attn_output.bias              - [  2048,      1,      1,      1], type =    f32, size =    0.008 MiB
[ 664/ 963] blk.41.attn_output.weight            - [  2048,   2048,      1,      1], type =    f16, converting to q4_0 .. size =     8.00 MiB ->     2.25 MiB
[ 665/ 963] blk.41.attn_q.bias                   - [  2048,      1,      1,      1], type =    f32, size =    0.008 MiB
[ 666/ 963] blk.41.attn_q.weight                 - [  2048,   2048,      1,      1], type =    f16, converting to q4_0 .. size =     8.00 MiB ->     2.25 MiB
[ 667/ 963] blk.41.attn_v.bias                   - [   256,      1,      1,      1], type =    f32, size =    0.001 MiB
[ 668/ 963] blk.41.attn_v.weight                 - [  2048,    256,      1,      1], type =    f16, converting to q4_0 .. size =     1.00 MiB ->     0.28 MiB
[ 669/ 963] blk.41.ffn_down.bias                 - [  2048,      1,      1,      1], type =    f32, size =    0.008 MiB
[ 670/ 963] blk.41.ffn_down.weight               - [ 11008,   2048,      1,      1], type =    f16, converting to q4_0 .. size =    43.00 MiB ->    12.09 MiB
[ 671/ 963] blk.41.ffn_gate.bias                 - [ 11008,      1,      1,      1], type =    f32, size =    0.042 MiB
[ 672/ 963] blk.41.ffn_gate.weight               - [  2048,  11008,      1,      1], type =    f16, converting to q4_0 .. size =    43.00 MiB ->    12.09 MiB
[ 673/ 963] blk.41.ffn_norm.weight               - [  2048,      1,      1,      1], type =    f32, size =    0.008 MiB
[ 674/ 963] blk.41.ffn_up.bias                   - [ 11008,      1,      1,      1], type =    f32, size =    0.042 MiB
[ 675/ 963] blk.41.ffn_up.weight                 - [  2048,  11008,      1,      1], type =    f16, converting to q4_0 .. size =    43.00 MiB ->    12.09 MiB
[ 676/ 963] blk.42.attn_k.bias                   - [   256,      1,      1,      1], type =    f32, size =    0.001 MiB
[ 677/ 963] blk.42.attn_k.weight                 - [  2048,    256,      1,      1], type =    f16, converting to q4_0 .. size =     1.00 MiB ->     0.28 MiB
[ 678/ 963] blk.42.attn_norm.weight              - [  2048,      1,      1,      1], type =    f32, size =    0.008 MiB
[ 679/ 963] blk.42.attn_output.bias              - [  2048,      1,      1,      1], type =    f32, size =    0.008 MiB
[ 680/ 963] blk.42.attn_output.weight            - [  2048,   2048,      1,      1], type =    f16, converting to q4_0 .. size =     8.00 MiB ->     2.25 MiB
[ 681/ 963] blk.42.attn_q.bias                   - [  2048,      1,      1,      1], type =    f32, size =    0.008 MiB
[ 682/ 963] blk.42.attn_q.weight                 - [  2048,   2048,      1,      1], type =    f16, converting to q4_0 .. size =     8.00 MiB ->     2.25 MiB
[ 683/ 963] blk.42.attn_v.bias                   - [   256,      1,      1,      1], type =    f32, size =    0.001 MiB
[ 684/ 963] blk.42.attn_v.weight                 - [  2048,    256,      1,      1], type =    f16, converting to q4_0 .. size =     1.00 MiB ->     0.28 MiB
[ 685/ 963] blk.42.ffn_down.bias                 - [  2048,      1,      1,      1], type =    f32, size =    0.008 MiB
[ 686/ 963] blk.42.ffn_down.weight               - [ 11008,   2048,      1,      1], type =    f16, converting to q4_0 .. size =    43.00 MiB ->    12.09 MiB
[ 687/ 963] blk.42.ffn_gate.bias                 - [ 11008,      1,      1,      1], type =    f32, size =    0.042 MiB
[ 688/ 963] blk.42.ffn_gate.weight               - [  2048,  11008,      1,      1], type =    f16, converting to q4_0 .. size =    43.00 MiB ->    12.09 MiB
[ 689/ 963] blk.42.ffn_norm.weight               - [  2048,      1,      1,      1], type =    f32, size =    0.008 MiB
[ 690/ 963] blk.42.ffn_up.bias                   - [ 11008,      1,      1,      1], type =    f32, size =    0.042 MiB
[ 691/ 963] blk.42.ffn_up.weight                 - [  2048,  11008,      1,      1], type =    f16, converting to q4_0 .. size =    43.00 MiB ->    12.09 MiB
[ 692/ 963] blk.43.attn_k.bias                   - [   256,      1,      1,      1], type =    f32, size =    0.001 MiB
[ 693/ 963] blk.43.attn_k.weight                 - [  2048,    256,      1,      1], type =    f16, converting to q4_0 .. size =     1.00 MiB ->     0.28 MiB
[ 694/ 963] blk.43.attn_norm.weight              - [  2048,      1,      1,      1], type =    f32, size =    0.008 MiB
[ 695/ 963] blk.43.attn_output.bias              - [  2048,      1,      1,      1], type =    f32, size =    0.008 MiB
[ 696/ 963] blk.43.attn_output.weight            - [  2048,   2048,      1,      1], type =    f16, converting to q4_0 .. size =     8.00 MiB ->     2.25 MiB
[ 697/ 963] blk.43.attn_q.bias                   - [  2048,      1,      1,      1], type =    f32, size =    0.008 MiB
[ 698/ 963] blk.43.attn_q.weight                 - [  2048,   2048,      1,      1], type =    f16, converting to q4_0 .. size =     8.00 MiB ->     2.25 MiB
[ 699/ 963] blk.43.attn_v.bias                   - [   256,      1,      1,      1], type =    f32, size =    0.001 MiB
[ 700/ 963] blk.43.attn_v.weight                 - [  2048,    256,      1,      1], type =    f16, converting to q4_0 .. size =     1.00 MiB ->     0.28 MiB
[ 701/ 963] blk.43.ffn_down.bias                 - [  2048,      1,      1,      1], type =    f32, size =    0.008 MiB
[ 702/ 963] blk.43.ffn_down.weight               - [ 11008,   2048,      1,      1], type =    f16, converting to q4_0 .. size =    43.00 MiB ->    12.09 MiB
[ 703/ 963] blk.43.ffn_gate.bias                 - [ 11008,      1,      1,      1], type =    f32, size =    0.042 MiB
[ 704/ 963] blk.43.ffn_gate.weight               - [  2048,  11008,      1,      1], type =    f16, converting to q4_0 .. size =    43.00 MiB ->    12.09 MiB
[ 705/ 963] blk.43.ffn_norm.weight               - [  2048,      1,      1,      1], type =    f32, size =    0.008 MiB
[ 706/ 963] blk.43.ffn_up.bias                   - [ 11008,      1,      1,      1], type =    f32, size =    0.042 MiB
[ 707/ 963] blk.43.ffn_up.weight                 - [  2048,  11008,      1,      1], type =    f16, converting to q4_0 .. size =    43.00 MiB ->    12.09 MiB
[ 708/ 963] blk.44.attn_k.bias                   - [   256,      1,      1,      1], type =    f32, size =    0.001 MiB
[ 709/ 963] blk.44.attn_k.weight                 - [  2048,    256,      1,      1], type =    f16, converting to q4_0 .. size =     1.00 MiB ->     0.28 MiB
[ 710/ 963] blk.44.attn_norm.weight              - [  2048,      1,      1,      1], type =    f32, size =    0.008 MiB
[ 711/ 963] blk.44.attn_output.bias              - [  2048,      1,      1,      1], type =    f32, size =    0.008 MiB
[ 712/ 963] blk.44.attn_output.weight            - [  2048,   2048,      1,      1], type =    f16, converting to q4_0 .. size =     8.00 MiB ->     2.25 MiB
[ 713/ 963] blk.44.attn_q.bias                   - [  2048,      1,      1,      1], type =    f32, size =    0.008 MiB
[ 714/ 963] blk.44.attn_q.weight                 - [  2048,   2048,      1,      1], type =    f16, converting to q4_0 .. size =     8.00 MiB ->     2.25 MiB
[ 715/ 963] blk.44.attn_v.bias                   - [   256,      1,      1,      1], type =    f32, size =    0.001 MiB
[ 716/ 963] blk.44.attn_v.weight                 - [  2048,    256,      1,      1], type =    f16, converting to q4_0 .. size =     1.00 MiB ->     0.28 MiB
[ 717/ 963] blk.44.ffn_down.bias                 - [  2048,      1,      1,      1], type =    f32, size =    0.008 MiB
[ 718/ 963] blk.44.ffn_down.weight               - [ 11008,   2048,      1,      1], type =    f16, converting to q4_0 .. size =    43.00 MiB ->    12.09 MiB
[ 719/ 963] blk.44.ffn_gate.bias                 - [ 11008,      1,      1,      1], type =    f32, size =    0.042 MiB
[ 720/ 963] blk.44.ffn_gate.weight               - [  2048,  11008,      1,      1], type =    f16, converting to q4_0 .. size =    43.00 MiB ->    12.09 MiB
[ 721/ 963] blk.44.ffn_norm.weight               - [  2048,      1,      1,      1], type =    f32, size =    0.008 MiB
[ 722/ 963] blk.44.ffn_up.bias                   - [ 11008,      1,      1,      1], type =    f32, size =    0.042 MiB
[ 723/ 963] blk.44.ffn_up.weight                 - [  2048,  11008,      1,      1], type =    f16, converting to q4_0 .. size =    43.00 MiB ->    12.09 MiB
[ 724/ 963] blk.45.attn_k.bias                   - [   256,      1,      1,      1], type =    f32, size =    0.001 MiB
[ 725/ 963] blk.45.attn_k.weight                 - [  2048,    256,      1,      1], type =    f16, converting to q4_0 .. size =     1.00 MiB ->     0.28 MiB
[ 726/ 963] blk.45.attn_norm.weight              - [  2048,      1,      1,      1], type =    f32, size =    0.008 MiB
[ 727/ 963] blk.45.attn_output.bias              - [  2048,      1,      1,      1], type =    f32, size =    0.008 MiB
[ 728/ 963] blk.45.attn_output.weight            - [  2048,   2048,      1,      1], type =    f16, converting to q4_0 .. size =     8.00 MiB ->     2.25 MiB
[ 729/ 963] blk.45.attn_q.bias                   - [  2048,      1,      1,      1], type =    f32, size =    0.008 MiB
[ 730/ 963] blk.45.attn_q.weight                 - [  2048,   2048,      1,      1], type =    f16, converting to q4_0 .. size =     8.00 MiB ->     2.25 MiB
[ 731/ 963] blk.45.attn_v.bias                   - [   256,      1,      1,      1], type =    f32, size =    0.001 MiB
[ 732/ 963] blk.45.attn_v.weight                 - [  2048,    256,      1,      1], type =    f16, converting to q4_0 .. size =     1.00 MiB ->     0.28 MiB
[ 733/ 963] blk.45.ffn_down.bias                 - [  2048,      1,      1,      1], type =    f32, size =    0.008 MiB
[ 734/ 963] blk.45.ffn_down.weight               - [ 11008,   2048,      1,      1], type =    f16, converting to q4_0 .. size =    43.00 MiB ->    12.09 MiB
[ 735/ 963] blk.45.ffn_gate.bias                 - [ 11008,      1,      1,      1], type =    f32, size =    0.042 MiB
[ 736/ 963] blk.45.ffn_gate.weight               - [  2048,  11008,      1,      1], type =    f16, converting to q4_0 .. size =    43.00 MiB ->    12.09 MiB
[ 737/ 963] blk.45.ffn_norm.weight               - [  2048,      1,      1,      1], type =    f32, size =    0.008 MiB
[ 738/ 963] blk.45.ffn_up.bias                   - [ 11008,      1,      1,      1], type =    f32, size =    0.042 MiB
[ 739/ 963] blk.45.ffn_up.weight                 - [  2048,  11008,      1,      1], type =    f16, converting to q4_0 .. size =    43.00 MiB ->    12.09 MiB
[ 740/ 963] blk.46.attn_k.bias                   - [   256,      1,      1,      1], type =    f32, size =    0.001 MiB
[ 741/ 963] blk.46.attn_k.weight                 - [  2048,    256,      1,      1], type =    f16, converting to q4_0 .. size =     1.00 MiB ->     0.28 MiB
[ 742/ 963] blk.46.attn_norm.weight              - [  2048,      1,      1,      1], type =    f32, size =    0.008 MiB
[ 743/ 963] blk.46.attn_output.bias              - [  2048,      1,      1,      1], type =    f32, size =    0.008 MiB
[ 744/ 963] blk.46.attn_output.weight            - [  2048,   2048,      1,      1], type =    f16, converting to q4_0 .. size =     8.00 MiB ->     2.25 MiB
[ 745/ 963] blk.46.attn_q.bias                   - [  2048,      1,      1,      1], type =    f32, size =    0.008 MiB
[ 746/ 963] blk.46.attn_q.weight                 - [  2048,   2048,      1,      1], type =    f16, converting to q4_0 .. size =     8.00 MiB ->     2.25 MiB
[ 747/ 963] blk.46.attn_v.bias                   - [   256,      1,      1,      1], type =    f32, size =    0.001 MiB
[ 748/ 963] blk.46.attn_v.weight                 - [  2048,    256,      1,      1], type =    f16, converting to q4_0 .. size =     1.00 MiB ->     0.28 MiB
[ 749/ 963] blk.46.ffn_down.bias                 - [  2048,      1,      1,      1], type =    f32, size =    0.008 MiB
[ 750/ 963] blk.46.ffn_down.weight               - [ 11008,   2048,      1,      1], type =    f16, converting to q4_0 .. size =    43.00 MiB ->    12.09 MiB
[ 751/ 963] blk.46.ffn_gate.bias                 - [ 11008,      1,      1,      1], type =    f32, size =    0.042 MiB
[ 752/ 963] blk.46.ffn_gate.weight               - [  2048,  11008,      1,      1], type =    f16, converting to q4_0 .. size =    43.00 MiB ->    12.09 MiB
[ 753/ 963] blk.46.ffn_norm.weight               - [  2048,      1,      1,      1], type =    f32, size =    0.008 MiB
[ 754/ 963] blk.46.ffn_up.bias                   - [ 11008,      1,      1,      1], type =    f32, size =    0.042 MiB
[ 755/ 963] blk.46.ffn_up.weight                 - [  2048,  11008,      1,      1], type =    f16, converting to q4_0 .. size =    43.00 MiB ->    12.09 MiB
[ 756/ 963] blk.47.attn_k.bias                   - [   256,      1,      1,      1], type =    f32, size =    0.001 MiB
[ 757/ 963] blk.47.attn_k.weight                 - [  2048,    256,      1,      1], type =    f16, converting to q4_0 .. size =     1.00 MiB ->     0.28 MiB
[ 758/ 963] blk.47.attn_norm.weight              - [  2048,      1,      1,      1], type =    f32, size =    0.008 MiB
[ 759/ 963] blk.47.attn_output.bias              - [  2048,      1,      1,      1], type =    f32, size =    0.008 MiB
[ 760/ 963] blk.47.attn_output.weight            - [  2048,   2048,      1,      1], type =    f16, converting to q4_0 .. size =     8.00 MiB ->     2.25 MiB
[ 761/ 963] blk.47.attn_q.bias                   - [  2048,      1,      1,      1], type =    f32, size =    0.008 MiB
[ 762/ 963] blk.47.attn_q.weight                 - [  2048,   2048,      1,      1], type =    f16, converting to q4_0 .. size =     8.00 MiB ->     2.25 MiB
[ 763/ 963] blk.47.attn_v.bias                   - [   256,      1,      1,      1], type =    f32, size =    0.001 MiB
[ 764/ 963] blk.47.attn_v.weight                 - [  2048,    256,      1,      1], type =    f16, converting to q4_0 .. size =     1.00 MiB ->     0.28 MiB
[ 765/ 963] blk.47.ffn_down.bias                 - [  2048,      1,      1,      1], type =    f32, size =    0.008 MiB
[ 766/ 963] blk.47.ffn_down.weight               - [ 11008,   2048,      1,      1], type =    f16, converting to q4_0 .. size =    43.00 MiB ->    12.09 MiB
[ 767/ 963] blk.47.ffn_gate.bias                 - [ 11008,      1,      1,      1], type =    f32, size =    0.042 MiB
[ 768/ 963] blk.47.ffn_gate.weight               - [  2048,  11008,      1,      1], type =    f16, converting to q4_0 .. size =    43.00 MiB ->    12.09 MiB
[ 769/ 963] blk.47.ffn_norm.weight               - [  2048,      1,      1,      1], type =    f32, size =    0.008 MiB
[ 770/ 963] blk.47.ffn_up.bias                   - [ 11008,      1,      1,      1], type =    f32, size =    0.042 MiB
[ 771/ 963] blk.47.ffn_up.weight                 - [  2048,  11008,      1,      1], type =    f16, converting to q4_0 .. size =    43.00 MiB ->    12.09 MiB
[ 772/ 963] blk.48.attn_k.bias                   - [   256,      1,      1,      1], type =    f32, size =    0.001 MiB
[ 773/ 963] blk.48.attn_k.weight                 - [  2048,    256,      1,      1], type =    f16, converting to q4_0 .. size =     1.00 MiB ->     0.28 MiB
[ 774/ 963] blk.48.attn_norm.weight              - [  2048,      1,      1,      1], type =    f32, size =    0.008 MiB
[ 775/ 963] blk.48.attn_output.bias              - [  2048,      1,      1,      1], type =    f32, size =    0.008 MiB
[ 776/ 963] blk.48.attn_output.weight            - [  2048,   2048,      1,      1], type =    f16, converting to q4_0 .. size =     8.00 MiB ->     2.25 MiB
[ 777/ 963] blk.48.attn_q.bias                   - [  2048,      1,      1,      1], type =    f32, size =    0.008 MiB
[ 778/ 963] blk.48.attn_q.weight                 - [  2048,   2048,      1,      1], type =    f16, converting to q4_0 .. size =     8.00 MiB ->     2.25 MiB
[ 779/ 963] blk.48.attn_v.bias                   - [   256,      1,      1,      1], type =    f32, size =    0.001 MiB
[ 780/ 963] blk.48.attn_v.weight                 - [  2048,    256,      1,      1], type =    f16, converting to q4_0 .. size =     1.00 MiB ->     0.28 MiB
[ 781/ 963] blk.48.ffn_down.bias                 - [  2048,      1,      1,      1], type =    f32, size =    0.008 MiB
[ 782/ 963] blk.48.ffn_down.weight               - [ 11008,   2048,      1,      1], type =    f16, converting to q4_0 .. size =    43.00 MiB ->    12.09 MiB
[ 783/ 963] blk.48.ffn_gate.bias                 - [ 11008,      1,      1,      1], type =    f32, size =    0.042 MiB
[ 784/ 963] blk.48.ffn_gate.weight               - [  2048,  11008,      1,      1], type =    f16, converting to q4_0 .. size =    43.00 MiB ->    12.09 MiB
[ 785/ 963] blk.48.ffn_norm.weight               - [  2048,      1,      1,      1], type =    f32, size =    0.008 MiB
[ 786/ 963] blk.48.ffn_up.bias                   - [ 11008,      1,      1,      1], type =    f32, size =    0.042 MiB
[ 787/ 963] blk.48.ffn_up.weight                 - [  2048,  11008,      1,      1], type =    f16, converting to q4_0 .. size =    43.00 MiB ->    12.09 MiB
[ 788/ 963] blk.49.attn_k.bias                   - [   256,      1,      1,      1], type =    f32, size =    0.001 MiB
[ 789/ 963] blk.49.attn_k.weight                 - [  2048,    256,      1,      1], type =    f16, converting to q4_0 .. size =     1.00 MiB ->     0.28 MiB
[ 790/ 963] blk.49.attn_norm.weight              - [  2048,      1,      1,      1], type =    f32, size =    0.008 MiB
[ 791/ 963] blk.49.attn_output.bias              - [  2048,      1,      1,      1], type =    f32, size =    0.008 MiB
[ 792/ 963] blk.49.attn_output.weight            - [  2048,   2048,      1,      1], type =    f16, converting to q4_0 .. size =     8.00 MiB ->     2.25 MiB
[ 793/ 963] blk.49.attn_q.bias                   - [  2048,      1,      1,      1], type =    f32, size =    0.008 MiB
[ 794/ 963] blk.49.attn_q.weight                 - [  2048,   2048,      1,      1], type =    f16, converting to q4_0 .. size =     8.00 MiB ->     2.25 MiB
[ 795/ 963] blk.49.attn_v.bias                   - [   256,      1,      1,      1], type =    f32, size =    0.001 MiB
[ 796/ 963] blk.49.attn_v.weight                 - [  2048,    256,      1,      1], type =    f16, converting to q4_0 .. size =     1.00 MiB ->     0.28 MiB
[ 797/ 963] blk.49.ffn_down.bias                 - [  2048,      1,      1,      1], type =    f32, size =    0.008 MiB
[ 798/ 963] blk.49.ffn_down.weight               - [ 11008,   2048,      1,      1], type =    f16, converting to q4_0 .. size =    43.00 MiB ->    12.09 MiB
[ 799/ 963] blk.49.ffn_gate.bias                 - [ 11008,      1,      1,      1], type =    f32, size =    0.042 MiB
[ 800/ 963] blk.49.ffn_gate.weight               - [  2048,  11008,      1,      1], type =    f16, converting to q4_0 .. size =    43.00 MiB ->    12.09 MiB
[ 801/ 963] blk.49.ffn_norm.weight               - [  2048,      1,      1,      1], type =    f32, size =    0.008 MiB
[ 802/ 963] blk.49.ffn_up.bias                   - [ 11008,      1,      1,      1], type =    f32, size =    0.042 MiB
[ 803/ 963] blk.49.ffn_up.weight                 - [  2048,  11008,      1,      1], type =    f16, converting to q4_0 .. size =    43.00 MiB ->    12.09 MiB
[ 804/ 963] blk.50.attn_k.bias                   - [   256,      1,      1,      1], type =    f32, size =    0.001 MiB
[ 805/ 963] blk.50.attn_k.weight                 - [  2048,    256,      1,      1], type =    f16, converting to q4_0 .. size =     1.00 MiB ->     0.28 MiB
[ 806/ 963] blk.50.attn_norm.weight              - [  2048,      1,      1,      1], type =    f32, size =    0.008 MiB
[ 807/ 963] blk.50.attn_output.bias              - [  2048,      1,      1,      1], type =    f32, size =    0.008 MiB
[ 808/ 963] blk.50.attn_output.weight            - [  2048,   2048,      1,      1], type =    f16, converting to q4_0 .. size =     8.00 MiB ->     2.25 MiB
[ 809/ 963] blk.50.attn_q.bias                   - [  2048,      1,      1,      1], type =    f32, size =    0.008 MiB
[ 810/ 963] blk.50.attn_q.weight                 - [  2048,   2048,      1,      1], type =    f16, converting to q4_0 .. size =     8.00 MiB ->     2.25 MiB
[ 811/ 963] blk.50.attn_v.bias                   - [   256,      1,      1,      1], type =    f32, size =    0.001 MiB
[ 812/ 963] blk.50.attn_v.weight                 - [  2048,    256,      1,      1], type =    f16, converting to q4_0 .. size =     1.00 MiB ->     0.28 MiB
[ 813/ 963] blk.50.ffn_down.bias                 - [  2048,      1,      1,      1], type =    f32, size =    0.008 MiB
[ 814/ 963] blk.50.ffn_down.weight               - [ 11008,   2048,      1,      1], type =    f16, converting to q4_0 .. size =    43.00 MiB ->    12.09 MiB
[ 815/ 963] blk.50.ffn_gate.bias                 - [ 11008,      1,      1,      1], type =    f32, size =    0.042 MiB
[ 816/ 963] blk.50.ffn_gate.weight               - [  2048,  11008,      1,      1], type =    f16, converting to q4_0 .. size =    43.00 MiB ->    12.09 MiB
[ 817/ 963] blk.50.ffn_norm.weight               - [  2048,      1,      1,      1], type =    f32, size =    0.008 MiB
[ 818/ 963] blk.50.ffn_up.bias                   - [ 11008,      1,      1,      1], type =    f32, size =    0.042 MiB
[ 819/ 963] blk.50.ffn_up.weight                 - [  2048,  11008,      1,      1], type =    f16, converting to q4_0 .. size =    43.00 MiB ->    12.09 MiB
[ 820/ 963] blk.51.attn_k.bias                   - [   256,      1,      1,      1], type =    f32, size =    0.001 MiB
[ 821/ 963] blk.51.attn_k.weight                 - [  2048,    256,      1,      1], type =    f16, converting to q4_0 .. size =     1.00 MiB ->     0.28 MiB
[ 822/ 963] blk.51.attn_norm.weight              - [  2048,      1,      1,      1], type =    f32, size =    0.008 MiB
[ 823/ 963] blk.51.attn_output.bias              - [  2048,      1,      1,      1], type =    f32, size =    0.008 MiB
[ 824/ 963] blk.51.attn_output.weight            - [  2048,   2048,      1,      1], type =    f16, converting to q4_0 .. size =     8.00 MiB ->     2.25 MiB
[ 825/ 963] blk.51.attn_q.bias                   - [  2048,      1,      1,      1], type =    f32, size =    0.008 MiB
[ 826/ 963] blk.51.attn_q.weight                 - [  2048,   2048,      1,      1], type =    f16, converting to q4_0 .. size =     8.00 MiB ->     2.25 MiB
[ 827/ 963] blk.51.attn_v.bias                   - [   256,      1,      1,      1], type =    f32, size =    0.001 MiB
[ 828/ 963] blk.51.attn_v.weight                 - [  2048,    256,      1,      1], type =    f16, converting to q4_0 .. size =     1.00 MiB ->     0.28 MiB
[ 829/ 963] blk.51.ffn_down.bias                 - [  2048,      1,      1,      1], type =    f32, size =    0.008 MiB
[ 830/ 963] blk.51.ffn_down.weight               - [ 11008,   2048,      1,      1], type =    f16, converting to q4_0 .. size =    43.00 MiB ->    12.09 MiB
[ 831/ 963] blk.51.ffn_gate.bias                 - [ 11008,      1,      1,      1], type =    f32, size =    0.042 MiB
[ 832/ 963] blk.51.ffn_gate.weight               - [  2048,  11008,      1,      1], type =    f16, converting to q4_0 .. size =    43.00 MiB ->    12.09 MiB
[ 833/ 963] blk.51.ffn_norm.weight               - [  2048,      1,      1,      1], type =    f32, size =    0.008 MiB
[ 834/ 963] blk.51.ffn_up.bias                   - [ 11008,      1,      1,      1], type =    f32, size =    0.042 MiB
[ 835/ 963] blk.51.ffn_up.weight                 - [  2048,  11008,      1,      1], type =    f16, converting to q4_0 .. size =    43.00 MiB ->    12.09 MiB
[ 836/ 963] blk.52.attn_k.bias                   - [   256,      1,      1,      1], type =    f32, size =    0.001 MiB
[ 837/ 963] blk.52.attn_k.weight                 - [  2048,    256,      1,      1], type =    f16, converting to q4_0 .. size =     1.00 MiB ->     0.28 MiB
[ 838/ 963] blk.52.attn_norm.weight              - [  2048,      1,      1,      1], type =    f32, size =    0.008 MiB
[ 839/ 963] blk.52.attn_output.bias              - [  2048,      1,      1,      1], type =    f32, size =    0.008 MiB
[ 840/ 963] blk.52.attn_output.weight            - [  2048,   2048,      1,      1], type =    f16, converting to q4_0 .. size =     8.00 MiB ->     2.25 MiB
[ 841/ 963] blk.52.attn_q.bias                   - [  2048,      1,      1,      1], type =    f32, size =    0.008 MiB
[ 842/ 963] blk.52.attn_q.weight                 - [  2048,   2048,      1,      1], type =    f16, converting to q4_0 .. size =     8.00 MiB ->     2.25 MiB
[ 843/ 963] blk.52.attn_v.bias                   - [   256,      1,      1,      1], type =    f32, size =    0.001 MiB
[ 844/ 963] blk.52.attn_v.weight                 - [  2048,    256,      1,      1], type =    f16, converting to q4_0 .. size =     1.00 MiB ->     0.28 MiB
[ 845/ 963] blk.52.ffn_down.bias                 - [  2048,      1,      1,      1], type =    f32, size =    0.008 MiB
[ 846/ 963] blk.52.ffn_down.weight               - [ 11008,   2048,      1,      1], type =    f16, converting to q4_0 .. size =    43.00 MiB ->    12.09 MiB
[ 847/ 963] blk.52.ffn_gate.bias                 - [ 11008,      1,      1,      1], type =    f32, size =    0.042 MiB
[ 848/ 963] blk.52.ffn_gate.weight               - [  2048,  11008,      1,      1], type =    f16, converting to q4_0 .. size =    43.00 MiB ->    12.09 MiB
[ 849/ 963] blk.52.ffn_norm.weight               - [  2048,      1,      1,      1], type =    f32, size =    0.008 MiB
[ 850/ 963] blk.52.ffn_up.bias                   - [ 11008,      1,      1,      1], type =    f32, size =    0.042 MiB
[ 851/ 963] blk.52.ffn_up.weight                 - [  2048,  11008,      1,      1], type =    f16, converting to q4_0 .. size =    43.00 MiB ->    12.09 MiB
[ 852/ 963] blk.53.attn_k.bias                   - [   256,      1,      1,      1], type =    f32, size =    0.001 MiB
[ 853/ 963] blk.53.attn_k.weight                 - [  2048,    256,      1,      1], type =    f16, converting to q4_0 .. size =     1.00 MiB ->     0.28 MiB
[ 854/ 963] blk.53.attn_norm.weight              - [  2048,      1,      1,      1], type =    f32, size =    0.008 MiB
[ 855/ 963] blk.53.attn_output.bias              - [  2048,      1,      1,      1], type =    f32, size =    0.008 MiB
[ 856/ 963] blk.53.attn_output.weight            - [  2048,   2048,      1,      1], type =    f16, converting to q4_0 .. size =     8.00 MiB ->     2.25 MiB
[ 857/ 963] blk.53.attn_q.bias                   - [  2048,      1,      1,      1], type =    f32, size =    0.008 MiB
[ 858/ 963] blk.53.attn_q.weight                 - [  2048,   2048,      1,      1], type =    f16, converting to q4_0 .. size =     8.00 MiB ->     2.25 MiB
[ 859/ 963] blk.53.attn_v.bias                   - [   256,      1,      1,      1], type =    f32, size =    0.001 MiB
[ 860/ 963] blk.53.attn_v.weight                 - [  2048,    256,      1,      1], type =    f16, converting to q4_0 .. size =     1.00 MiB ->     0.28 MiB
[ 861/ 963] blk.53.ffn_down.bias                 - [  2048,      1,      1,      1], type =    f32, size =    0.008 MiB
[ 862/ 963] blk.53.ffn_down.weight               - [ 11008,   2048,      1,      1], type =    f16, converting to q4_0 .. size =    43.00 MiB ->    12.09 MiB
[ 863/ 963] blk.53.ffn_gate.bias                 - [ 11008,      1,      1,      1], type =    f32, size =    0.042 MiB
[ 864/ 963] blk.53.ffn_gate.weight               - [  2048,  11008,      1,      1], type =    f16, converting to q4_0 .. size =    43.00 MiB ->    12.09 MiB
[ 865/ 963] blk.53.ffn_norm.weight               - [  2048,      1,      1,      1], type =    f32, size =    0.008 MiB
[ 866/ 963] blk.53.ffn_up.bias                   - [ 11008,      1,      1,      1], type =    f32, size =    0.042 MiB
[ 867/ 963] blk.53.ffn_up.weight                 - [  2048,  11008,      1,      1], type =    f16, converting to q4_0 .. size =    43.00 MiB ->    12.09 MiB
[ 868/ 963] blk.54.attn_k.bias                   - [   256,      1,      1,      1], type =    f32, size =    0.001 MiB
[ 869/ 963] blk.54.attn_k.weight                 - [  2048,    256,      1,      1], type =    f16, converting to q4_0 .. size =     1.00 MiB ->     0.28 MiB
[ 870/ 963] blk.54.attn_norm.weight              - [  2048,      1,      1,      1], type =    f32, size =    0.008 MiB
[ 871/ 963] blk.54.attn_output.bias              - [  2048,      1,      1,      1], type =    f32, size =    0.008 MiB
[ 872/ 963] blk.54.attn_output.weight            - [  2048,   2048,      1,      1], type =    f16, converting to q4_0 .. size =     8.00 MiB ->     2.25 MiB
[ 873/ 963] blk.54.attn_q.bias                   - [  2048,      1,      1,      1], type =    f32, size =    0.008 MiB
[ 874/ 963] blk.54.attn_q.weight                 - [  2048,   2048,      1,      1], type =    f16, converting to q4_0 .. size =     8.00 MiB ->     2.25 MiB
[ 875/ 963] blk.54.attn_v.bias                   - [   256,      1,      1,      1], type =    f32, size =    0.001 MiB
[ 876/ 963] blk.54.attn_v.weight                 - [  2048,    256,      1,      1], type =    f16, converting to q4_0 .. size =     1.00 MiB ->     0.28 MiB
[ 877/ 963] blk.54.ffn_down.bias                 - [  2048,      1,      1,      1], type =    f32, size =    0.008 MiB
[ 878/ 963] blk.54.ffn_down.weight               - [ 11008,   2048,      1,      1], type =    f16, converting to q4_0 .. size =    43.00 MiB ->    12.09 MiB
[ 879/ 963] blk.54.ffn_gate.bias                 - [ 11008,      1,      1,      1], type =    f32, size =    0.042 MiB
[ 880/ 963] blk.54.ffn_gate.weight               - [  2048,  11008,      1,      1], type =    f16, converting to q4_0 .. size =    43.00 MiB ->    12.09 MiB
[ 881/ 963] blk.54.ffn_norm.weight               - [  2048,      1,      1,      1], type =    f32, size =    0.008 MiB
[ 882/ 963] blk.54.ffn_up.bias                   - [ 11008,      1,      1,      1], type =    f32, size =    0.042 MiB
[ 883/ 963] blk.54.ffn_up.weight                 - [  2048,  11008,      1,      1], type =    f16, converting to q4_0 .. size =    43.00 MiB ->    12.09 MiB
[ 884/ 963] blk.55.attn_k.bias                   - [   256,      1,      1,      1], type =    f32, size =    0.001 MiB
[ 885/ 963] blk.55.attn_k.weight                 - [  2048,    256,      1,      1], type =    f16, converting to q4_0 .. size =     1.00 MiB ->     0.28 MiB
[ 886/ 963] blk.55.attn_norm.weight              - [  2048,      1,      1,      1], type =    f32, size =    0.008 MiB
[ 887/ 963] blk.55.attn_output.bias              - [  2048,      1,      1,      1], type =    f32, size =    0.008 MiB
[ 888/ 963] blk.55.attn_output.weight            - [  2048,   2048,      1,      1], type =    f16, converting to q4_0 .. size =     8.00 MiB ->     2.25 MiB
[ 889/ 963] blk.55.attn_q.bias                   - [  2048,      1,      1,      1], type =    f32, size =    0.008 MiB
[ 890/ 963] blk.55.attn_q.weight                 - [  2048,   2048,      1,      1], type =    f16, converting to q4_0 .. size =     8.00 MiB ->     2.25 MiB
[ 891/ 963] blk.55.attn_v.bias                   - [   256,      1,      1,      1], type =    f32, size =    0.001 MiB
[ 892/ 963] blk.55.attn_v.weight                 - [  2048,    256,      1,      1], type =    f16, converting to q4_0 .. size =     1.00 MiB ->     0.28 MiB
[ 893/ 963] blk.55.ffn_down.bias                 - [  2048,      1,      1,      1], type =    f32, size =    0.008 MiB
[ 894/ 963] blk.55.ffn_down.weight               - [ 11008,   2048,      1,      1], type =    f16, converting to q4_0 .. size =    43.00 MiB ->    12.09 MiB
[ 895/ 963] blk.55.ffn_gate.bias                 - [ 11008,      1,      1,      1], type =    f32, size =    0.042 MiB
[ 896/ 963] blk.55.ffn_gate.weight               - [  2048,  11008,      1,      1], type =    f16, converting to q4_0 .. size =    43.00 MiB ->    12.09 MiB
[ 897/ 963] blk.55.ffn_norm.weight               - [  2048,      1,      1,      1], type =    f32, size =    0.008 MiB
[ 898/ 963] blk.55.ffn_up.bias                   - [ 11008,      1,      1,      1], type =    f32, size =    0.042 MiB
[ 899/ 963] blk.55.ffn_up.weight                 - [  2048,  11008,      1,      1], type =    f16, converting to q4_0 .. size =    43.00 MiB ->    12.09 MiB
[ 900/ 963] blk.56.attn_k.bias                   - [   256,      1,      1,      1], type =    f32, size =    0.001 MiB
[ 901/ 963] blk.56.attn_k.weight                 - [  2048,    256,      1,      1], type =    f16, converting to q4_0 .. size =     1.00 MiB ->     0.28 MiB
[ 902/ 963] blk.56.attn_norm.weight              - [  2048,      1,      1,      1], type =    f32, size =    0.008 MiB
[ 903/ 963] blk.56.attn_output.bias              - [  2048,      1,      1,      1], type =    f32, size =    0.008 MiB
[ 904/ 963] blk.56.attn_output.weight            - [  2048,   2048,      1,      1], type =    f16, converting to q4_0 .. size =     8.00 MiB ->     2.25 MiB
[ 905/ 963] blk.56.attn_q.bias                   - [  2048,      1,      1,      1], type =    f32, size =    0.008 MiB
[ 906/ 963] blk.56.attn_q.weight                 - [  2048,   2048,      1,      1], type =    f16, converting to q4_0 .. size =     8.00 MiB ->     2.25 MiB
[ 907/ 963] blk.56.attn_v.bias                   - [   256,      1,      1,      1], type =    f32, size =    0.001 MiB
[ 908/ 963] blk.56.attn_v.weight                 - [  2048,    256,      1,      1], type =    f16, converting to q4_0 .. size =     1.00 MiB ->     0.28 MiB
[ 909/ 963] blk.56.ffn_down.bias                 - [  2048,      1,      1,      1], type =    f32, size =    0.008 MiB
[ 910/ 963] blk.56.ffn_down.weight               - [ 11008,   2048,      1,      1], type =    f16, converting to q4_0 .. size =    43.00 MiB ->    12.09 MiB
[ 911/ 963] blk.56.ffn_gate.bias                 - [ 11008,      1,      1,      1], type =    f32, size =    0.042 MiB
[ 912/ 963] blk.56.ffn_gate.weight               - [  2048,  11008,      1,      1], type =    f16, converting to q4_0 .. size =    43.00 MiB ->    12.09 MiB
[ 913/ 963] blk.56.ffn_norm.weight               - [  2048,      1,      1,      1], type =    f32, size =    0.008 MiB
[ 914/ 963] blk.56.ffn_up.bias                   - [ 11008,      1,      1,      1], type =    f32, size =    0.042 MiB
[ 915/ 963] blk.56.ffn_up.weight                 - [  2048,  11008,      1,      1], type =    f16, converting to q4_0 .. size =    43.00 MiB ->    12.09 MiB
[ 916/ 963] blk.57.attn_k.bias                   - [   256,      1,      1,      1], type =    f32, size =    0.001 MiB
[ 917/ 963] blk.57.attn_k.weight                 - [  2048,    256,      1,      1], type =    f16, converting to q4_0 .. size =     1.00 MiB ->     0.28 MiB
[ 918/ 963] blk.57.attn_norm.weight              - [  2048,      1,      1,      1], type =    f32, size =    0.008 MiB
[ 919/ 963] blk.57.attn_output.bias              - [  2048,      1,      1,      1], type =    f32, size =    0.008 MiB
[ 920/ 963] blk.57.attn_output.weight            - [  2048,   2048,      1,      1], type =    f16, converting to q4_0 .. size =     8.00 MiB ->     2.25 MiB
[ 921/ 963] blk.57.attn_q.bias                   - [  2048,      1,      1,      1], type =    f32, size =    0.008 MiB
[ 922/ 963] blk.57.attn_q.weight                 - [  2048,   2048,      1,      1], type =    f16, converting to q4_0 .. size =     8.00 MiB ->     2.25 MiB
[ 923/ 963] blk.57.attn_v.bias                   - [   256,      1,      1,      1], type =    f32, size =    0.001 MiB
[ 924/ 963] blk.57.attn_v.weight                 - [  2048,    256,      1,      1], type =    f16, converting to q4_0 .. size =     1.00 MiB ->     0.28 MiB
[ 925/ 963] blk.57.ffn_down.bias                 - [  2048,      1,      1,      1], type =    f32, size =    0.008 MiB
[ 926/ 963] blk.57.ffn_down.weight               - [ 11008,   2048,      1,      1], type =    f16, converting to q4_0 .. size =    43.00 MiB ->    12.09 MiB
[ 927/ 963] blk.57.ffn_gate.bias                 - [ 11008,      1,      1,      1], type =    f32, size =    0.042 MiB
[ 928/ 963] blk.57.ffn_gate.weight               - [  2048,  11008,      1,      1], type =    f16, converting to q4_0 .. size =    43.00 MiB ->    12.09 MiB
[ 929/ 963] blk.57.ffn_norm.weight               - [  2048,      1,      1,      1], type =    f32, size =    0.008 MiB
[ 930/ 963] blk.57.ffn_up.bias                   - [ 11008,      1,      1,      1], type =    f32, size =    0.042 MiB
[ 931/ 963] blk.57.ffn_up.weight                 - [  2048,  11008,      1,      1], type =    f16, converting to q4_0 .. size =    43.00 MiB ->    12.09 MiB
[ 932/ 963] blk.58.attn_k.bias                   - [   256,      1,      1,      1], type =    f32, size =    0.001 MiB
[ 933/ 963] blk.58.attn_k.weight                 - [  2048,    256,      1,      1], type =    f16, converting to q4_0 .. size =     1.00 MiB ->     0.28 MiB
[ 934/ 963] blk.58.attn_norm.weight              - [  2048,      1,      1,      1], type =    f32, size =    0.008 MiB
[ 935/ 963] blk.58.attn_output.bias              - [  2048,      1,      1,      1], type =    f32, size =    0.008 MiB
[ 936/ 963] blk.58.attn_output.weight            - [  2048,   2048,      1,      1], type =    f16, converting to q4_0 .. size =     8.00 MiB ->     2.25 MiB
[ 937/ 963] blk.58.attn_q.bias                   - [  2048,      1,      1,      1], type =    f32, size =    0.008 MiB
[ 938/ 963] blk.58.attn_q.weight                 - [  2048,   2048,      1,      1], type =    f16, converting to q4_0 .. size =     8.00 MiB ->     2.25 MiB
[ 939/ 963] blk.58.attn_v.bias                   - [   256,      1,      1,      1], type =    f32, size =    0.001 MiB
[ 940/ 963] blk.58.attn_v.weight                 - [  2048,    256,      1,      1], type =    f16, converting to q4_0 .. size =     1.00 MiB ->     0.28 MiB
[ 941/ 963] blk.58.ffn_down.bias                 - [  2048,      1,      1,      1], type =    f32, size =    0.008 MiB
[ 942/ 963] blk.58.ffn_down.weight               - [ 11008,   2048,      1,      1], type =    f16, converting to q4_0 .. size =    43.00 MiB ->    12.09 MiB
[ 943/ 963] blk.58.ffn_gate.bias                 - [ 11008,      1,      1,      1], type =    f32, size =    0.042 MiB
[ 944/ 963] blk.58.ffn_gate.weight               - [  2048,  11008,      1,      1], type =    f16, converting to q4_0 .. size =    43.00 MiB ->    12.09 MiB
[ 945/ 963] blk.58.ffn_norm.weight               - [  2048,      1,      1,      1], type =    f32, size =    0.008 MiB
[ 946/ 963] blk.58.ffn_up.bias                   - [ 11008,      1,      1,      1], type =    f32, size =    0.042 MiB
[ 947/ 963] blk.58.ffn_up.weight                 - [  2048,  11008,      1,      1], type =    f16, converting to q4_0 .. size =    43.00 MiB ->    12.09 MiB
[ 948/ 963] blk.59.attn_k.bias                   - [   256,      1,      1,      1], type =    f32, size =    0.001 MiB
[ 949/ 963] blk.59.attn_k.weight                 - [  2048,    256,      1,      1], type =    f16, converting to q4_0 .. size =     1.00 MiB ->     0.28 MiB
[ 950/ 963] blk.59.attn_norm.weight              - [  2048,      1,      1,      1], type =    f32, size =    0.008 MiB
[ 951/ 963] blk.59.attn_output.bias              - [  2048,      1,      1,      1], type =    f32, size =    0.008 MiB
[ 952/ 963] blk.59.attn_output.weight            - [  2048,   2048,      1,      1], type =    f16, converting to q4_0 .. size =     8.00 MiB ->     2.25 MiB
[ 953/ 963] blk.59.attn_q.bias                   - [  2048,      1,      1,      1], type =    f32, size =    0.008 MiB
[ 954/ 963] blk.59.attn_q.weight                 - [  2048,   2048,      1,      1], type =    f16, converting to q4_0 .. size =     8.00 MiB ->     2.25 MiB
[ 955/ 963] blk.59.attn_v.bias                   - [   256,      1,      1,      1], type =    f32, size =    0.001 MiB
[ 956/ 963] blk.59.attn_v.weight                 - [  2048,    256,      1,      1], type =    f16, converting to q4_0 .. size =     1.00 MiB ->     0.28 MiB
[ 957/ 963] blk.59.ffn_down.bias                 - [  2048,      1,      1,      1], type =    f32, size =    0.008 MiB
[ 958/ 963] blk.59.ffn_down.weight               - [ 11008,   2048,      1,      1], type =    f16, converting to q4_0 .. size =    43.00 MiB ->    12.09 MiB
[ 959/ 963] blk.59.ffn_gate.bias                 - [ 11008,      1,      1,      1], type =    f32, size =    0.042 MiB
[ 960/ 963] blk.59.ffn_gate.weight               - [  2048,  11008,      1,      1], type =    f16, converting to q4_0 .. size =    43.00 MiB ->    12.09 MiB
[ 961/ 963] blk.59.ffn_norm.weight               - [  2048,      1,      1,      1], type =    f32, size =    0.008 MiB
[ 962/ 963] blk.59.ffn_up.bias                   - [ 11008,      1,      1,      1], type =    f32, size =    0.042 MiB
[ 963/ 963] blk.59.ffn_up.weight                 - [  2048,  11008,      1,      1], type =    f16, converting to q4_0 .. size =    43.00 MiB ->    12.09 MiB
llama_model_quantize_impl: model size  =  9077.51 MiB (16.01 BPW)
llama_model_quantize_impl: quant size  =  2574.56 MiB (4.54 BPW)

llama_quantize: quantize time =  6273.89 ms
llama_quantize:    total time =  6273.89 ms
[prepare] done: ./models/bielik-4.5b/bielik-4.5b-Q4_0.gguf size=2.5G time=7s
[prepare] quantizing: ./models/bielik-4.5b/Bielik-4.5B-v3.0-Instruct-fp16.gguf -> ./models/bielik-4.5b/bielik-4.5b-Q2_K.gguf (Q2_K)
load_backend: loaded BLAS backend from /opt/homebrew/Cellar/ggml/0.13.1/libexec/libggml-blas.so
ggml_metal_device_init: tensor API disabled for pre-M5 and pre-A19 devices
ggml_metal_library_init: using embedded metal library
ggml_metal_library_init: loaded in 0.009 sec
ggml_metal_rsets_init: creating a residency set collection (keep_alive = 180 s)
ggml_metal_device_init: GPU name:   MTL0 (Apple M4)
ggml_metal_device_init: GPU family: MTLGPUFamilyApple9  (1009)
ggml_metal_device_init: GPU family: MTLGPUFamilyCommon3 (3003)
ggml_metal_device_init: GPU family: MTLGPUFamilyMetal4  (5002)
ggml_metal_device_init: simdgroup reduction   = true
ggml_metal_device_init: simdgroup matrix mul. = true
ggml_metal_device_init: has unified memory    = true
ggml_metal_device_init: has bfloat            = true
ggml_metal_device_init: has tensor            = false
ggml_metal_device_init: use residency sets    = true
ggml_metal_device_init: use shared buffers    = true
ggml_metal_device_init: recommendedMaxWorkingSetSize  = 12713.12 MB
load_backend: loaded MTL backend from /opt/homebrew/Cellar/ggml/0.13.1/libexec/libggml-metal.so
load_backend: loaded CPU backend from /opt/homebrew/Cellar/ggml/0.13.1/libexec/libggml-cpu-apple_m4.so
llama_print_build_info: build = 9430 (d48a56eff)
llama_print_build_info: built with AppleClang 21.0.0.21000099 for Darwin arm64
llama_quantize: quantizing './models/bielik-4.5b/Bielik-4.5B-v3.0-Instruct-fp16.gguf' to './models/bielik-4.5b/bielik-4.5b-Q2_K.gguf.incomplete' as Q2_K
llama_model_loader: loaded meta data with 42 key-value pairs and 963 tensors from ./models/bielik-4.5b/Bielik-4.5B-v3.0-Instruct-fp16.gguf (version GGUF V3 (latest))
llama_model_loader: Dumping metadata keys/values. Note: KV overrides do not apply in this output.
llama_model_loader: - kv   0:                       general.architecture str              = llama
llama_model_loader: - kv   1:                               general.type str              = model
llama_model_loader: - kv   2:                               general.name str              = Bielik-4.5B-v3.0-Instruct
llama_model_loader: - kv   3:                             general.author str              = Speakleash
llama_model_loader: - kv   4:                            general.version str              = v3.0
llama_model_loader: - kv   5:                       general.organization str              = Speakleash
llama_model_loader: - kv   6:                           general.finetune str              = instruct
llama_model_loader: - kv   7:                           general.basename str              = Bielik-1.5B-v3.0
llama_model_loader: - kv   8:                        general.description str              = Bielik LLM -  Bielik-1.5B-v3.0-Instru...
llama_model_loader: - kv   9:                       general.quantized_by str              = Remek Kinas
llama_model_loader: - kv  10:                         general.size_label str              = 4.8B
llama_model_loader: - kv  11:                       general.license.name str              = Apache License Version 2.0, January 2004
llama_model_loader: - kv  12:                           general.repo_url str              = https://huggingface.co/speakleash/Bie...
llama_model_loader: - kv  13:                               general.tags arr[str,5]       = ["text generation", "transformer", "l...
llama_model_loader: - kv  14:                          general.languages arr[str,1]       = ["pl"]
llama_model_loader: - kv  15:                          llama.block_count u32              = 60
llama_model_loader: - kv  16:                       llama.context_length u32              = 8192
llama_model_loader: - kv  17:                     llama.embedding_length u32              = 2048
llama_model_loader: - kv  18:                  llama.feed_forward_length u32              = 11008
llama_model_loader: - kv  19:                 llama.attention.head_count u32              = 16
llama_model_loader: - kv  20:              llama.attention.head_count_kv u32              = 2
llama_model_loader: - kv  21:                       llama.rope.freq_base f32              = 1000000.000000
llama_model_loader: - kv  22:     llama.attention.layer_norm_rms_epsilon f32              = 0.000001
llama_model_loader: - kv  23:                 llama.attention.key_length u32              = 128
llama_model_loader: - kv  24:               llama.attention.value_length u32              = 128
llama_model_loader: - kv  25:                          general.file_type u32              = 1
llama_model_loader: - kv  26:                           llama.vocab_size u32              = 32000
llama_model_loader: - kv  27:                 llama.rope.dimension_count u32              = 128
llama_model_loader: - kv  28:                       tokenizer.ggml.model str              = llama
llama_model_loader: - kv  29:                         tokenizer.ggml.pre str              = default
llama_model_loader: - kv  30:                      tokenizer.ggml.tokens arr[str,32000]   = ["<unk>", "<s>", "</s>", "<|im_start|...
llama_model_loader: - kv  31:                      tokenizer.ggml.scores arr[f32,32000]   = [-1000.000000, -1000.000000, -1000.00...
llama_model_loader: - kv  32:                  tokenizer.ggml.token_type arr[i32,32000]   = [3, 3, 3, 3, 3, 3, 3, 6, 6, 6, 6, 6, ...
llama_model_loader: - kv  33:                tokenizer.ggml.bos_token_id u32              = 1
llama_model_loader: - kv  34:                tokenizer.ggml.eos_token_id u32              = 4
llama_model_loader: - kv  35:            tokenizer.ggml.unknown_token_id u32              = 0
llama_model_loader: - kv  36:            tokenizer.ggml.padding_token_id u32              = 2
llama_model_loader: - kv  37:               tokenizer.ggml.add_bos_token bool             = true
llama_model_loader: - kv  38:               tokenizer.ggml.add_eos_token bool             = false
llama_model_loader: - kv  39:                    tokenizer.chat_template str              = {{bos_token}}{% for message in messag...
llama_model_loader: - kv  40:            tokenizer.ggml.add_space_prefix bool             = false
llama_model_loader: - kv  41:               general.quantization_version u32              = 2
llama_model_loader: - type  f32:  541 tensors
llama_model_loader: - type  f16:  422 tensors
[   1/ 963] output.weight                        - [  2048,  32000,      1,      1], type =    f16, converting to q6_K .. size =   125.00 MiB ->    51.27 MiB
[   2/ 963] output_norm.weight                   - [  2048,      1,      1,      1], type =    f32, size =    0.008 MiB
[   3/ 963] token_embd.weight                    - [  2048,  32000,      1,      1], type =    f16, converting to q2_K .. size =   125.00 MiB ->    20.51 MiB
[   4/ 963] blk.0.attn_k.bias                    - [   256,      1,      1,      1], type =    f32, size =    0.001 MiB
[   5/ 963] blk.0.attn_k.weight                  - [  2048,    256,      1,      1], type =    f16, converting to q2_K .. size =     1.00 MiB ->     0.16 MiB
[   6/ 963] blk.0.attn_norm.weight               - [  2048,      1,      1,      1], type =    f32, size =    0.008 MiB
[   7/ 963] blk.0.attn_output.bias               - [  2048,      1,      1,      1], type =    f32, size =    0.008 MiB
[   8/ 963] blk.0.attn_output.weight             - [  2048,   2048,      1,      1], type =    f16, converting to q3_K .. size =     8.00 MiB ->     1.72 MiB
[   9/ 963] blk.0.attn_q.bias                    - [  2048,      1,      1,      1], type =    f32, size =    0.008 MiB
[  10/ 963] blk.0.attn_q.weight                  - [  2048,   2048,      1,      1], type =    f16, converting to q2_K .. size =     8.00 MiB ->     1.31 MiB
[  11/ 963] blk.0.attn_v.bias                    - [   256,      1,      1,      1], type =    f32, size =    0.001 MiB
[  12/ 963] blk.0.attn_v.weight                  - [  2048,    256,      1,      1], type =    f16, converting to q4_K .. size =     1.00 MiB ->     0.28 MiB
[  13/ 963] blk.0.ffn_down.bias                  - [  2048,      1,      1,      1], type =    f32, size =    0.008 MiB
[  14/ 963] blk.0.ffn_down.weight                - [ 11008,   2048,      1,      1], type =    f16, converting to q3_K .. size =    43.00 MiB ->     9.24 MiB
[  15/ 963] blk.0.ffn_gate.bias                  - [ 11008,      1,      1,      1], type =    f32, size =    0.042 MiB
[  16/ 963] blk.0.ffn_gate.weight                - [  2048,  11008,      1,      1], type =    f16, converting to q2_K .. size =    43.00 MiB ->     7.05 MiB
[  17/ 963] blk.0.ffn_norm.weight                - [  2048,      1,      1,      1], type =    f32, size =    0.008 MiB
[  18/ 963] blk.0.ffn_up.bias                    - [ 11008,      1,      1,      1], type =    f32, size =    0.042 MiB
[  19/ 963] blk.0.ffn_up.weight                  - [  2048,  11008,      1,      1], type =    f16, converting to q2_K .. size =    43.00 MiB ->     7.05 MiB
[  20/ 963] blk.1.attn_k.bias                    - [   256,      1,      1,      1], type =    f32, size =    0.001 MiB
[  21/ 963] blk.1.attn_k.weight                  - [  2048,    256,      1,      1], type =    f16, converting to q2_K .. size =     1.00 MiB ->     0.16 MiB
[  22/ 963] blk.1.attn_norm.weight               - [  2048,      1,      1,      1], type =    f32, size =    0.008 MiB
[  23/ 963] blk.1.attn_output.bias               - [  2048,      1,      1,      1], type =    f32, size =    0.008 MiB
[  24/ 963] blk.1.attn_output.weight             - [  2048,   2048,      1,      1], type =    f16, converting to q3_K .. size =     8.00 MiB ->     1.72 MiB
[  25/ 963] blk.1.attn_q.bias                    - [  2048,      1,      1,      1], type =    f32, size =    0.008 MiB
[  26/ 963] blk.1.attn_q.weight                  - [  2048,   2048,      1,      1], type =    f16, converting to q2_K .. size =     8.00 MiB ->     1.31 MiB
[  27/ 963] blk.1.attn_v.bias                    - [   256,      1,      1,      1], type =    f32, size =    0.001 MiB
[  28/ 963] blk.1.attn_v.weight                  - [  2048,    256,      1,      1], type =    f16, converting to q4_K .. size =     1.00 MiB ->     0.28 MiB
[  29/ 963] blk.1.ffn_down.bias                  - [  2048,      1,      1,      1], type =    f32, size =    0.008 MiB
[  30/ 963] blk.1.ffn_down.weight                - [ 11008,   2048,      1,      1], type =    f16, converting to q3_K .. size =    43.00 MiB ->     9.24 MiB
[  31/ 963] blk.1.ffn_gate.bias                  - [ 11008,      1,      1,      1], type =    f32, size =    0.042 MiB
[  32/ 963] blk.1.ffn_gate.weight                - [  2048,  11008,      1,      1], type =    f16, converting to q2_K .. size =    43.00 MiB ->     7.05 MiB
[  33/ 963] blk.1.ffn_norm.weight                - [  2048,      1,      1,      1], type =    f32, size =    0.008 MiB
[  34/ 963] blk.1.ffn_up.bias                    - [ 11008,      1,      1,      1], type =    f32, size =    0.042 MiB
[  35/ 963] blk.1.ffn_up.weight                  - [  2048,  11008,      1,      1], type =    f16, converting to q2_K .. size =    43.00 MiB ->     7.05 MiB
[  36/ 963] blk.2.attn_k.bias                    - [   256,      1,      1,      1], type =    f32, size =    0.001 MiB
[  37/ 963] blk.2.attn_k.weight                  - [  2048,    256,      1,      1], type =    f16, converting to q2_K .. size =     1.00 MiB ->     0.16 MiB
[  38/ 963] blk.2.attn_norm.weight               - [  2048,      1,      1,      1], type =    f32, size =    0.008 MiB
[  39/ 963] blk.2.attn_output.bias               - [  2048,      1,      1,      1], type =    f32, size =    0.008 MiB
[  40/ 963] blk.2.attn_output.weight             - [  2048,   2048,      1,      1], type =    f16, converting to q3_K .. size =     8.00 MiB ->     1.72 MiB
[  41/ 963] blk.2.attn_q.bias                    - [  2048,      1,      1,      1], type =    f32, size =    0.008 MiB
[  42/ 963] blk.2.attn_q.weight                  - [  2048,   2048,      1,      1], type =    f16, converting to q2_K .. size =     8.00 MiB ->     1.31 MiB
[  43/ 963] blk.2.attn_v.bias                    - [   256,      1,      1,      1], type =    f32, size =    0.001 MiB
[  44/ 963] blk.2.attn_v.weight                  - [  2048,    256,      1,      1], type =    f16, converting to q4_K .. size =     1.00 MiB ->     0.28 MiB
[  45/ 963] blk.2.ffn_down.bias                  - [  2048,      1,      1,      1], type =    f32, size =    0.008 MiB
[  46/ 963] blk.2.ffn_down.weight                - [ 11008,   2048,      1,      1], type =    f16, converting to q3_K .. size =    43.00 MiB ->     9.24 MiB
[  47/ 963] blk.2.ffn_gate.bias                  - [ 11008,      1,      1,      1], type =    f32, size =    0.042 MiB
[  48/ 963] blk.2.ffn_gate.weight                - [  2048,  11008,      1,      1], type =    f16, converting to q2_K .. size =    43.00 MiB ->     7.05 MiB
[  49/ 963] blk.2.ffn_norm.weight                - [  2048,      1,      1,      1], type =    f32, size =    0.008 MiB
[  50/ 963] blk.2.ffn_up.bias                    - [ 11008,      1,      1,      1], type =    f32, size =    0.042 MiB
[  51/ 963] blk.2.ffn_up.weight                  - [  2048,  11008,      1,      1], type =    f16, converting to q2_K .. size =    43.00 MiB ->     7.05 MiB
[  52/ 963] blk.3.attn_k.bias                    - [   256,      1,      1,      1], type =    f32, size =    0.001 MiB
[  53/ 963] blk.3.attn_k.weight                  - [  2048,    256,      1,      1], type =    f16, converting to q2_K .. size =     1.00 MiB ->     0.16 MiB
[  54/ 963] blk.3.attn_norm.weight               - [  2048,      1,      1,      1], type =    f32, size =    0.008 MiB
[  55/ 963] blk.3.attn_output.bias               - [  2048,      1,      1,      1], type =    f32, size =    0.008 MiB
[  56/ 963] blk.3.attn_output.weight             - [  2048,   2048,      1,      1], type =    f16, converting to q3_K .. size =     8.00 MiB ->     1.72 MiB
[  57/ 963] blk.3.attn_q.bias                    - [  2048,      1,      1,      1], type =    f32, size =    0.008 MiB
[  58/ 963] blk.3.attn_q.weight                  - [  2048,   2048,      1,      1], type =    f16, converting to q2_K .. size =     8.00 MiB ->     1.31 MiB
[  59/ 963] blk.3.attn_v.bias                    - [   256,      1,      1,      1], type =    f32, size =    0.001 MiB
[  60/ 963] blk.3.attn_v.weight                  - [  2048,    256,      1,      1], type =    f16, converting to q4_K .. size =     1.00 MiB ->     0.28 MiB
[  61/ 963] blk.3.ffn_down.bias                  - [  2048,      1,      1,      1], type =    f32, size =    0.008 MiB
[  62/ 963] blk.3.ffn_down.weight                - [ 11008,   2048,      1,      1], type =    f16, converting to q3_K .. size =    43.00 MiB ->     9.24 MiB
[  63/ 963] blk.3.ffn_gate.bias                  - [ 11008,      1,      1,      1], type =    f32, size =    0.042 MiB
[  64/ 963] blk.3.ffn_gate.weight                - [  2048,  11008,      1,      1], type =    f16, converting to q2_K .. size =    43.00 MiB ->     7.05 MiB
[  65/ 963] blk.3.ffn_norm.weight                - [  2048,      1,      1,      1], type =    f32, size =    0.008 MiB
[  66/ 963] blk.3.ffn_up.bias                    - [ 11008,      1,      1,      1], type =    f32, size =    0.042 MiB
[  67/ 963] blk.3.ffn_up.weight                  - [  2048,  11008,      1,      1], type =    f16, converting to q2_K .. size =    43.00 MiB ->     7.05 MiB
[  68/ 963] blk.4.attn_k.bias                    - [   256,      1,      1,      1], type =    f32, size =    0.001 MiB
[  69/ 963] blk.4.attn_k.weight                  - [  2048,    256,      1,      1], type =    f16, converting to q2_K .. size =     1.00 MiB ->     0.16 MiB
[  70/ 963] blk.4.attn_norm.weight               - [  2048,      1,      1,      1], type =    f32, size =    0.008 MiB
[  71/ 963] blk.4.attn_output.bias               - [  2048,      1,      1,      1], type =    f32, size =    0.008 MiB
[  72/ 963] blk.4.attn_output.weight             - [  2048,   2048,      1,      1], type =    f16, converting to q3_K .. size =     8.00 MiB ->     1.72 MiB
[  73/ 963] blk.4.attn_q.bias                    - [  2048,      1,      1,      1], type =    f32, size =    0.008 MiB
[  74/ 963] blk.4.attn_q.weight                  - [  2048,   2048,      1,      1], type =    f16, converting to q2_K .. size =     8.00 MiB ->     1.31 MiB
[  75/ 963] blk.4.attn_v.bias                    - [   256,      1,      1,      1], type =    f32, size =    0.001 MiB
[  76/ 963] blk.4.attn_v.weight                  - [  2048,    256,      1,      1], type =    f16, converting to q4_K .. size =     1.00 MiB ->     0.28 MiB
[  77/ 963] blk.4.ffn_down.bias                  - [  2048,      1,      1,      1], type =    f32, size =    0.008 MiB
[  78/ 963] blk.4.ffn_down.weight                - [ 11008,   2048,      1,      1], type =    f16, converting to q3_K .. size =    43.00 MiB ->     9.24 MiB
[  79/ 963] blk.4.ffn_gate.bias                  - [ 11008,      1,      1,      1], type =    f32, size =    0.042 MiB
[  80/ 963] blk.4.ffn_gate.weight                - [  2048,  11008,      1,      1], type =    f16, converting to q2_K .. size =    43.00 MiB ->     7.05 MiB
[  81/ 963] blk.4.ffn_norm.weight                - [  2048,      1,      1,      1], type =    f32, size =    0.008 MiB
[  82/ 963] blk.4.ffn_up.bias                    - [ 11008,      1,      1,      1], type =    f32, size =    0.042 MiB
[  83/ 963] blk.4.ffn_up.weight                  - [  2048,  11008,      1,      1], type =    f16, converting to q2_K .. size =    43.00 MiB ->     7.05 MiB
[  84/ 963] blk.5.attn_k.bias                    - [   256,      1,      1,      1], type =    f32, size =    0.001 MiB
[  85/ 963] blk.5.attn_k.weight                  - [  2048,    256,      1,      1], type =    f16, converting to q2_K .. size =     1.00 MiB ->     0.16 MiB
[  86/ 963] blk.5.attn_norm.weight               - [  2048,      1,      1,      1], type =    f32, size =    0.008 MiB
[  87/ 963] blk.5.attn_output.bias               - [  2048,      1,      1,      1], type =    f32, size =    0.008 MiB
[  88/ 963] blk.5.attn_output.weight             - [  2048,   2048,      1,      1], type =    f16, converting to q3_K .. size =     8.00 MiB ->     1.72 MiB
[  89/ 963] blk.5.attn_q.bias                    - [  2048,      1,      1,      1], type =    f32, size =    0.008 MiB
[  90/ 963] blk.5.attn_q.weight                  - [  2048,   2048,      1,      1], type =    f16, converting to q2_K .. size =     8.00 MiB ->     1.31 MiB
[  91/ 963] blk.5.attn_v.bias                    - [   256,      1,      1,      1], type =    f32, size =    0.001 MiB
[  92/ 963] blk.5.attn_v.weight                  - [  2048,    256,      1,      1], type =    f16, converting to q4_K .. size =     1.00 MiB ->     0.28 MiB
[  93/ 963] blk.5.ffn_down.bias                  - [  2048,      1,      1,      1], type =    f32, size =    0.008 MiB
[  94/ 963] blk.5.ffn_down.weight                - [ 11008,   2048,      1,      1], type =    f16, converting to q3_K .. size =    43.00 MiB ->     9.24 MiB
[  95/ 963] blk.5.ffn_gate.bias                  - [ 11008,      1,      1,      1], type =    f32, size =    0.042 MiB
[  96/ 963] blk.5.ffn_gate.weight                - [  2048,  11008,      1,      1], type =    f16, converting to q2_K .. size =    43.00 MiB ->     7.05 MiB
[  97/ 963] blk.5.ffn_norm.weight                - [  2048,      1,      1,      1], type =    f32, size =    0.008 MiB
[  98/ 963] blk.5.ffn_up.bias                    - [ 11008,      1,      1,      1], type =    f32, size =    0.042 MiB
[  99/ 963] blk.5.ffn_up.weight                  - [  2048,  11008,      1,      1], type =    f16, converting to q2_K .. size =    43.00 MiB ->     7.05 MiB
[ 100/ 963] blk.6.attn_k.bias                    - [   256,      1,      1,      1], type =    f32, size =    0.001 MiB
[ 101/ 963] blk.6.attn_k.weight                  - [  2048,    256,      1,      1], type =    f16, converting to q2_K .. size =     1.00 MiB ->     0.16 MiB
[ 102/ 963] blk.6.attn_norm.weight               - [  2048,      1,      1,      1], type =    f32, size =    0.008 MiB
[ 103/ 963] blk.6.attn_output.bias               - [  2048,      1,      1,      1], type =    f32, size =    0.008 MiB
[ 104/ 963] blk.6.attn_output.weight             - [  2048,   2048,      1,      1], type =    f16, converting to q3_K .. size =     8.00 MiB ->     1.72 MiB
[ 105/ 963] blk.6.attn_q.bias                    - [  2048,      1,      1,      1], type =    f32, size =    0.008 MiB
[ 106/ 963] blk.6.attn_q.weight                  - [  2048,   2048,      1,      1], type =    f16, converting to q2_K .. size =     8.00 MiB ->     1.31 MiB
[ 107/ 963] blk.6.attn_v.bias                    - [   256,      1,      1,      1], type =    f32, size =    0.001 MiB
[ 108/ 963] blk.6.attn_v.weight                  - [  2048,    256,      1,      1], type =    f16, converting to q4_K .. size =     1.00 MiB ->     0.28 MiB
[ 109/ 963] blk.6.ffn_down.bias                  - [  2048,      1,      1,      1], type =    f32, size =    0.008 MiB
[ 110/ 963] blk.6.ffn_down.weight                - [ 11008,   2048,      1,      1], type =    f16, converting to q3_K .. size =    43.00 MiB ->     9.24 MiB
[ 111/ 963] blk.6.ffn_gate.bias                  - [ 11008,      1,      1,      1], type =    f32, size =    0.042 MiB
[ 112/ 963] blk.6.ffn_gate.weight                - [  2048,  11008,      1,      1], type =    f16, converting to q2_K .. size =    43.00 MiB ->     7.05 MiB
[ 113/ 963] blk.6.ffn_norm.weight                - [  2048,      1,      1,      1], type =    f32, size =    0.008 MiB
[ 114/ 963] blk.6.ffn_up.bias                    - [ 11008,      1,      1,      1], type =    f32, size =    0.042 MiB
[ 115/ 963] blk.6.ffn_up.weight                  - [  2048,  11008,      1,      1], type =    f16, converting to q2_K .. size =    43.00 MiB ->     7.05 MiB
[ 116/ 963] blk.7.attn_k.bias                    - [   256,      1,      1,      1], type =    f32, size =    0.001 MiB
[ 117/ 963] blk.7.attn_k.weight                  - [  2048,    256,      1,      1], type =    f16, converting to q2_K .. size =     1.00 MiB ->     0.16 MiB
[ 118/ 963] blk.7.attn_norm.weight               - [  2048,      1,      1,      1], type =    f32, size =    0.008 MiB
[ 119/ 963] blk.7.attn_output.bias               - [  2048,      1,      1,      1], type =    f32, size =    0.008 MiB
[ 120/ 963] blk.7.attn_output.weight             - [  2048,   2048,      1,      1], type =    f16, converting to q3_K .. size =     8.00 MiB ->     1.72 MiB
[ 121/ 963] blk.7.attn_q.bias                    - [  2048,      1,      1,      1], type =    f32, size =    0.008 MiB
[ 122/ 963] blk.7.attn_q.weight                  - [  2048,   2048,      1,      1], type =    f16, converting to q2_K .. size =     8.00 MiB ->     1.31 MiB
[ 123/ 963] blk.7.attn_v.bias                    - [   256,      1,      1,      1], type =    f32, size =    0.001 MiB
[ 124/ 963] blk.7.attn_v.weight                  - [  2048,    256,      1,      1], type =    f16, converting to q4_K .. size =     1.00 MiB ->     0.28 MiB
[ 125/ 963] blk.7.ffn_down.bias                  - [  2048,      1,      1,      1], type =    f32, size =    0.008 MiB
[ 126/ 963] blk.7.ffn_down.weight                - [ 11008,   2048,      1,      1], type =    f16, converting to q3_K .. size =    43.00 MiB ->     9.24 MiB
[ 127/ 963] blk.7.ffn_gate.bias                  - [ 11008,      1,      1,      1], type =    f32, size =    0.042 MiB
[ 128/ 963] blk.7.ffn_gate.weight                - [  2048,  11008,      1,      1], type =    f16, converting to q2_K .. size =    43.00 MiB ->     7.05 MiB
[ 129/ 963] blk.7.ffn_norm.weight                - [  2048,      1,      1,      1], type =    f32, size =    0.008 MiB
[ 130/ 963] blk.7.ffn_up.bias                    - [ 11008,      1,      1,      1], type =    f32, size =    0.042 MiB
[ 131/ 963] blk.7.ffn_up.weight                  - [  2048,  11008,      1,      1], type =    f16, converting to q2_K .. size =    43.00 MiB ->     7.05 MiB
[ 132/ 963] blk.8.attn_k.bias                    - [   256,      1,      1,      1], type =    f32, size =    0.001 MiB
[ 133/ 963] blk.8.attn_k.weight                  - [  2048,    256,      1,      1], type =    f16, converting to q2_K .. size =     1.00 MiB ->     0.16 MiB
[ 134/ 963] blk.8.attn_norm.weight               - [  2048,      1,      1,      1], type =    f32, size =    0.008 MiB
[ 135/ 963] blk.8.attn_output.bias               - [  2048,      1,      1,      1], type =    f32, size =    0.008 MiB
[ 136/ 963] blk.8.attn_output.weight             - [  2048,   2048,      1,      1], type =    f16, converting to q3_K .. size =     8.00 MiB ->     1.72 MiB
[ 137/ 963] blk.8.attn_q.bias                    - [  2048,      1,      1,      1], type =    f32, size =    0.008 MiB
[ 138/ 963] blk.8.attn_q.weight                  - [  2048,   2048,      1,      1], type =    f16, converting to q2_K .. size =     8.00 MiB ->     1.31 MiB
[ 139/ 963] blk.8.attn_v.bias                    - [   256,      1,      1,      1], type =    f32, size =    0.001 MiB
[ 140/ 963] blk.8.attn_v.weight                  - [  2048,    256,      1,      1], type =    f16, converting to q4_K .. size =     1.00 MiB ->     0.28 MiB
[ 141/ 963] blk.8.ffn_down.bias                  - [  2048,      1,      1,      1], type =    f32, size =    0.008 MiB
[ 142/ 963] blk.8.ffn_down.weight                - [ 11008,   2048,      1,      1], type =    f16, converting to q3_K .. size =    43.00 MiB ->     9.24 MiB
[ 143/ 963] blk.8.ffn_gate.bias                  - [ 11008,      1,      1,      1], type =    f32, size =    0.042 MiB
[ 144/ 963] blk.8.ffn_gate.weight                - [  2048,  11008,      1,      1], type =    f16, converting to q2_K .. size =    43.00 MiB ->     7.05 MiB
[ 145/ 963] blk.8.ffn_norm.weight                - [  2048,      1,      1,      1], type =    f32, size =    0.008 MiB
[ 146/ 963] blk.8.ffn_up.bias                    - [ 11008,      1,      1,      1], type =    f32, size =    0.042 MiB
[ 147/ 963] blk.8.ffn_up.weight                  - [  2048,  11008,      1,      1], type =    f16, converting to q2_K .. size =    43.00 MiB ->     7.05 MiB
[ 148/ 963] blk.9.attn_k.bias                    - [   256,      1,      1,      1], type =    f32, size =    0.001 MiB
[ 149/ 963] blk.9.attn_k.weight                  - [  2048,    256,      1,      1], type =    f16, converting to q2_K .. size =     1.00 MiB ->     0.16 MiB
[ 150/ 963] blk.9.attn_norm.weight               - [  2048,      1,      1,      1], type =    f32, size =    0.008 MiB
[ 151/ 963] blk.9.attn_output.bias               - [  2048,      1,      1,      1], type =    f32, size =    0.008 MiB
[ 152/ 963] blk.9.attn_output.weight             - [  2048,   2048,      1,      1], type =    f16, converting to q3_K .. size =     8.00 MiB ->     1.72 MiB
[ 153/ 963] blk.9.attn_q.bias                    - [  2048,      1,      1,      1], type =    f32, size =    0.008 MiB
[ 154/ 963] blk.9.attn_q.weight                  - [  2048,   2048,      1,      1], type =    f16, converting to q2_K .. size =     8.00 MiB ->     1.31 MiB
[ 155/ 963] blk.9.attn_v.bias                    - [   256,      1,      1,      1], type =    f32, size =    0.001 MiB
[ 156/ 963] blk.9.attn_v.weight                  - [  2048,    256,      1,      1], type =    f16, converting to q4_K .. size =     1.00 MiB ->     0.28 MiB
[ 157/ 963] blk.9.ffn_down.bias                  - [  2048,      1,      1,      1], type =    f32, size =    0.008 MiB
[ 158/ 963] blk.9.ffn_down.weight                - [ 11008,   2048,      1,      1], type =    f16, converting to q3_K .. size =    43.00 MiB ->     9.24 MiB
[ 159/ 963] blk.9.ffn_gate.bias                  - [ 11008,      1,      1,      1], type =    f32, size =    0.042 MiB
[ 160/ 963] blk.9.ffn_gate.weight                - [  2048,  11008,      1,      1], type =    f16, converting to q2_K .. size =    43.00 MiB ->     7.05 MiB
[ 161/ 963] blk.9.ffn_norm.weight                - [  2048,      1,      1,      1], type =    f32, size =    0.008 MiB
[ 162/ 963] blk.9.ffn_up.bias                    - [ 11008,      1,      1,      1], type =    f32, size =    0.042 MiB
[ 163/ 963] blk.9.ffn_up.weight                  - [  2048,  11008,      1,      1], type =    f16, converting to q2_K .. size =    43.00 MiB ->     7.05 MiB
[ 164/ 963] blk.10.attn_k.bias                   - [   256,      1,      1,      1], type =    f32, size =    0.001 MiB
[ 165/ 963] blk.10.attn_k.weight                 - [  2048,    256,      1,      1], type =    f16, converting to q2_K .. size =     1.00 MiB ->     0.16 MiB
[ 166/ 963] blk.10.attn_norm.weight              - [  2048,      1,      1,      1], type =    f32, size =    0.008 MiB
[ 167/ 963] blk.10.attn_output.bias              - [  2048,      1,      1,      1], type =    f32, size =    0.008 MiB
[ 168/ 963] blk.10.attn_output.weight            - [  2048,   2048,      1,      1], type =    f16, converting to q3_K .. size =     8.00 MiB ->     1.72 MiB
[ 169/ 963] blk.10.attn_q.bias                   - [  2048,      1,      1,      1], type =    f32, size =    0.008 MiB
[ 170/ 963] blk.10.attn_q.weight                 - [  2048,   2048,      1,      1], type =    f16, converting to q2_K .. size =     8.00 MiB ->     1.31 MiB
[ 171/ 963] blk.10.attn_v.bias                   - [   256,      1,      1,      1], type =    f32, size =    0.001 MiB
[ 172/ 963] blk.10.attn_v.weight                 - [  2048,    256,      1,      1], type =    f16, converting to q4_K .. size =     1.00 MiB ->     0.28 MiB
[ 173/ 963] blk.10.ffn_down.bias                 - [  2048,      1,      1,      1], type =    f32, size =    0.008 MiB
[ 174/ 963] blk.10.ffn_down.weight               - [ 11008,   2048,      1,      1], type =    f16, converting to q3_K .. size =    43.00 MiB ->     9.24 MiB
[ 175/ 963] blk.10.ffn_gate.bias                 - [ 11008,      1,      1,      1], type =    f32, size =    0.042 MiB
[ 176/ 963] blk.10.ffn_gate.weight               - [  2048,  11008,      1,      1], type =    f16, converting to q2_K .. size =    43.00 MiB ->     7.05 MiB
[ 177/ 963] blk.10.ffn_norm.weight               - [  2048,      1,      1,      1], type =    f32, size =    0.008 MiB
[ 178/ 963] blk.10.ffn_up.bias                   - [ 11008,      1,      1,      1], type =    f32, size =    0.042 MiB
[ 179/ 963] blk.10.ffn_up.weight                 - [  2048,  11008,      1,      1], type =    f16, converting to q2_K .. size =    43.00 MiB ->     7.05 MiB
[ 180/ 963] blk.11.attn_k.bias                   - [   256,      1,      1,      1], type =    f32, size =    0.001 MiB
[ 181/ 963] blk.11.attn_k.weight                 - [  2048,    256,      1,      1], type =    f16, converting to q2_K .. size =     1.00 MiB ->     0.16 MiB
[ 182/ 963] blk.11.attn_norm.weight              - [  2048,      1,      1,      1], type =    f32, size =    0.008 MiB
[ 183/ 963] blk.11.attn_output.bias              - [  2048,      1,      1,      1], type =    f32, size =    0.008 MiB
[ 184/ 963] blk.11.attn_output.weight            - [  2048,   2048,      1,      1], type =    f16, converting to q3_K .. size =     8.00 MiB ->     1.72 MiB
[ 185/ 963] blk.11.attn_q.bias                   - [  2048,      1,      1,      1], type =    f32, size =    0.008 MiB
[ 186/ 963] blk.11.attn_q.weight                 - [  2048,   2048,      1,      1], type =    f16, converting to q2_K .. size =     8.00 MiB ->     1.31 MiB
[ 187/ 963] blk.11.attn_v.bias                   - [   256,      1,      1,      1], type =    f32, size =    0.001 MiB
[ 188/ 963] blk.11.attn_v.weight                 - [  2048,    256,      1,      1], type =    f16, converting to q4_K .. size =     1.00 MiB ->     0.28 MiB
[ 189/ 963] blk.11.ffn_down.bias                 - [  2048,      1,      1,      1], type =    f32, size =    0.008 MiB
[ 190/ 963] blk.11.ffn_down.weight               - [ 11008,   2048,      1,      1], type =    f16, converting to q3_K .. size =    43.00 MiB ->     9.24 MiB
[ 191/ 963] blk.11.ffn_gate.bias                 - [ 11008,      1,      1,      1], type =    f32, size =    0.042 MiB
[ 192/ 963] blk.11.ffn_gate.weight               - [  2048,  11008,      1,      1], type =    f16, converting to q2_K .. size =    43.00 MiB ->     7.05 MiB
[ 193/ 963] blk.11.ffn_norm.weight               - [  2048,      1,      1,      1], type =    f32, size =    0.008 MiB
[ 194/ 963] blk.11.ffn_up.bias                   - [ 11008,      1,      1,      1], type =    f32, size =    0.042 MiB
[ 195/ 963] blk.11.ffn_up.weight                 - [  2048,  11008,      1,      1], type =    f16, converting to q2_K .. size =    43.00 MiB ->     7.05 MiB
[ 196/ 963] blk.12.attn_k.bias                   - [   256,      1,      1,      1], type =    f32, size =    0.001 MiB
[ 197/ 963] blk.12.attn_k.weight                 - [  2048,    256,      1,      1], type =    f16, converting to q2_K .. size =     1.00 MiB ->     0.16 MiB
[ 198/ 963] blk.12.attn_norm.weight              - [  2048,      1,      1,      1], type =    f32, size =    0.008 MiB
[ 199/ 963] blk.12.attn_output.bias              - [  2048,      1,      1,      1], type =    f32, size =    0.008 MiB
[ 200/ 963] blk.12.attn_output.weight            - [  2048,   2048,      1,      1], type =    f16, converting to q3_K .. size =     8.00 MiB ->     1.72 MiB
[ 201/ 963] blk.12.attn_q.bias                   - [  2048,      1,      1,      1], type =    f32, size =    0.008 MiB
[ 202/ 963] blk.12.attn_q.weight                 - [  2048,   2048,      1,      1], type =    f16, converting to q2_K .. size =     8.00 MiB ->     1.31 MiB
[ 203/ 963] blk.12.attn_v.bias                   - [   256,      1,      1,      1], type =    f32, size =    0.001 MiB
[ 204/ 963] blk.12.attn_v.weight                 - [  2048,    256,      1,      1], type =    f16, converting to q4_K .. size =     1.00 MiB ->     0.28 MiB
[ 205/ 963] blk.12.ffn_down.bias                 - [  2048,      1,      1,      1], type =    f32, size =    0.008 MiB
[ 206/ 963] blk.12.ffn_down.weight               - [ 11008,   2048,      1,      1], type =    f16, converting to q3_K .. size =    43.00 MiB ->     9.24 MiB
[ 207/ 963] blk.12.ffn_gate.bias                 - [ 11008,      1,      1,      1], type =    f32, size =    0.042 MiB
[ 208/ 963] blk.12.ffn_gate.weight               - [  2048,  11008,      1,      1], type =    f16, converting to q2_K .. size =    43.00 MiB ->     7.05 MiB
[ 209/ 963] blk.12.ffn_norm.weight               - [  2048,      1,      1,      1], type =    f32, size =    0.008 MiB
[ 210/ 963] blk.12.ffn_up.bias                   - [ 11008,      1,      1,      1], type =    f32, size =    0.042 MiB
[ 211/ 963] blk.12.ffn_up.weight                 - [  2048,  11008,      1,      1], type =    f16, converting to q2_K .. size =    43.00 MiB ->     7.05 MiB
[ 212/ 963] blk.13.attn_k.bias                   - [   256,      1,      1,      1], type =    f32, size =    0.001 MiB
[ 213/ 963] blk.13.attn_k.weight                 - [  2048,    256,      1,      1], type =    f16, converting to q2_K .. size =     1.00 MiB ->     0.16 MiB
[ 214/ 963] blk.13.attn_norm.weight              - [  2048,      1,      1,      1], type =    f32, size =    0.008 MiB
[ 215/ 963] blk.13.attn_output.bias              - [  2048,      1,      1,      1], type =    f32, size =    0.008 MiB
[ 216/ 963] blk.13.attn_output.weight            - [  2048,   2048,      1,      1], type =    f16, converting to q3_K .. size =     8.00 MiB ->     1.72 MiB
[ 217/ 963] blk.13.attn_q.bias                   - [  2048,      1,      1,      1], type =    f32, size =    0.008 MiB
[ 218/ 963] blk.13.attn_q.weight                 - [  2048,   2048,      1,      1], type =    f16, converting to q2_K .. size =     8.00 MiB ->     1.31 MiB
[ 219/ 963] blk.13.attn_v.bias                   - [   256,      1,      1,      1], type =    f32, size =    0.001 MiB
[ 220/ 963] blk.13.attn_v.weight                 - [  2048,    256,      1,      1], type =    f16, converting to q4_K .. size =     1.00 MiB ->     0.28 MiB
[ 221/ 963] blk.13.ffn_down.bias                 - [  2048,      1,      1,      1], type =    f32, size =    0.008 MiB
[ 222/ 963] blk.13.ffn_down.weight               - [ 11008,   2048,      1,      1], type =    f16, converting to q3_K .. size =    43.00 MiB ->     9.24 MiB
[ 223/ 963] blk.13.ffn_gate.bias                 - [ 11008,      1,      1,      1], type =    f32, size =    0.042 MiB
[ 224/ 963] blk.13.ffn_gate.weight               - [  2048,  11008,      1,      1], type =    f16, converting to q2_K .. size =    43.00 MiB ->     7.05 MiB
[ 225/ 963] blk.13.ffn_norm.weight               - [  2048,      1,      1,      1], type =    f32, size =    0.008 MiB
[ 226/ 963] blk.13.ffn_up.bias                   - [ 11008,      1,      1,      1], type =    f32, size =    0.042 MiB
[ 227/ 963] blk.13.ffn_up.weight                 - [  2048,  11008,      1,      1], type =    f16, converting to q2_K .. size =    43.00 MiB ->     7.05 MiB
[ 228/ 963] blk.14.attn_k.bias                   - [   256,      1,      1,      1], type =    f32, size =    0.001 MiB
[ 229/ 963] blk.14.attn_k.weight                 - [  2048,    256,      1,      1], type =    f16, converting to q2_K .. size =     1.00 MiB ->     0.16 MiB
[ 230/ 963] blk.14.attn_norm.weight              - [  2048,      1,      1,      1], type =    f32, size =    0.008 MiB
[ 231/ 963] blk.14.attn_output.bias              - [  2048,      1,      1,      1], type =    f32, size =    0.008 MiB
[ 232/ 963] blk.14.attn_output.weight            - [  2048,   2048,      1,      1], type =    f16, converting to q3_K .. size =     8.00 MiB ->     1.72 MiB
[ 233/ 963] blk.14.attn_q.bias                   - [  2048,      1,      1,      1], type =    f32, size =    0.008 MiB
[ 234/ 963] blk.14.attn_q.weight                 - [  2048,   2048,      1,      1], type =    f16, converting to q2_K .. size =     8.00 MiB ->     1.31 MiB
[ 235/ 963] blk.14.attn_v.bias                   - [   256,      1,      1,      1], type =    f32, size =    0.001 MiB
[ 236/ 963] blk.14.attn_v.weight                 - [  2048,    256,      1,      1], type =    f16, converting to q4_K .. size =     1.00 MiB ->     0.28 MiB
[ 237/ 963] blk.14.ffn_down.bias                 - [  2048,      1,      1,      1], type =    f32, size =    0.008 MiB
[ 238/ 963] blk.14.ffn_down.weight               - [ 11008,   2048,      1,      1], type =    f16, converting to q3_K .. size =    43.00 MiB ->     9.24 MiB
[ 239/ 963] blk.14.ffn_gate.bias                 - [ 11008,      1,      1,      1], type =    f32, size =    0.042 MiB
[ 240/ 963] blk.14.ffn_gate.weight               - [  2048,  11008,      1,      1], type =    f16, converting to q2_K .. size =    43.00 MiB ->     7.05 MiB
[ 241/ 963] blk.14.ffn_norm.weight               - [  2048,      1,      1,      1], type =    f32, size =    0.008 MiB
[ 242/ 963] blk.14.ffn_up.bias                   - [ 11008,      1,      1,      1], type =    f32, size =    0.042 MiB
[ 243/ 963] blk.14.ffn_up.weight                 - [  2048,  11008,      1,      1], type =    f16, converting to q2_K .. size =    43.00 MiB ->     7.05 MiB
[ 244/ 963] blk.15.attn_k.bias                   - [   256,      1,      1,      1], type =    f32, size =    0.001 MiB
[ 245/ 963] blk.15.attn_k.weight                 - [  2048,    256,      1,      1], type =    f16, converting to q2_K .. size =     1.00 MiB ->     0.16 MiB
[ 246/ 963] blk.15.attn_norm.weight              - [  2048,      1,      1,      1], type =    f32, size =    0.008 MiB
[ 247/ 963] blk.15.attn_output.bias              - [  2048,      1,      1,      1], type =    f32, size =    0.008 MiB
[ 248/ 963] blk.15.attn_output.weight            - [  2048,   2048,      1,      1], type =    f16, converting to q3_K .. size =     8.00 MiB ->     1.72 MiB
[ 249/ 963] blk.15.attn_q.bias                   - [  2048,      1,      1,      1], type =    f32, size =    0.008 MiB
[ 250/ 963] blk.15.attn_q.weight                 - [  2048,   2048,      1,      1], type =    f16, converting to q2_K .. size =     8.00 MiB ->     1.31 MiB
[ 251/ 963] blk.15.attn_v.bias                   - [   256,      1,      1,      1], type =    f32, size =    0.001 MiB
[ 252/ 963] blk.15.attn_v.weight                 - [  2048,    256,      1,      1], type =    f16, converting to q4_K .. size =     1.00 MiB ->     0.28 MiB
[ 253/ 963] blk.15.ffn_down.bias                 - [  2048,      1,      1,      1], type =    f32, size =    0.008 MiB
[ 254/ 963] blk.15.ffn_down.weight               - [ 11008,   2048,      1,      1], type =    f16, converting to q3_K .. size =    43.00 MiB ->     9.24 MiB
[ 255/ 963] blk.15.ffn_gate.bias                 - [ 11008,      1,      1,      1], type =    f32, size =    0.042 MiB
[ 256/ 963] blk.15.ffn_gate.weight               - [  2048,  11008,      1,      1], type =    f16, converting to q2_K .. size =    43.00 MiB ->     7.05 MiB
[ 257/ 963] blk.15.ffn_norm.weight               - [  2048,      1,      1,      1], type =    f32, size =    0.008 MiB
[ 258/ 963] blk.15.ffn_up.bias                   - [ 11008,      1,      1,      1], type =    f32, size =    0.042 MiB
[ 259/ 963] blk.15.ffn_up.weight                 - [  2048,  11008,      1,      1], type =    f16, converting to q2_K .. size =    43.00 MiB ->     7.05 MiB
[ 260/ 963] blk.16.attn_k.bias                   - [   256,      1,      1,      1], type =    f32, size =    0.001 MiB
[ 261/ 963] blk.16.attn_k.weight                 - [  2048,    256,      1,      1], type =    f16, converting to q2_K .. size =     1.00 MiB ->     0.16 MiB
[ 262/ 963] blk.16.attn_norm.weight              - [  2048,      1,      1,      1], type =    f32, size =    0.008 MiB
[ 263/ 963] blk.16.attn_output.bias              - [  2048,      1,      1,      1], type =    f32, size =    0.008 MiB
[ 264/ 963] blk.16.attn_output.weight            - [  2048,   2048,      1,      1], type =    f16, converting to q3_K .. size =     8.00 MiB ->     1.72 MiB
[ 265/ 963] blk.16.attn_q.bias                   - [  2048,      1,      1,      1], type =    f32, size =    0.008 MiB
[ 266/ 963] blk.16.attn_q.weight                 - [  2048,   2048,      1,      1], type =    f16, converting to q2_K .. size =     8.00 MiB ->     1.31 MiB
[ 267/ 963] blk.16.attn_v.bias                   - [   256,      1,      1,      1], type =    f32, size =    0.001 MiB
[ 268/ 963] blk.16.attn_v.weight                 - [  2048,    256,      1,      1], type =    f16, converting to q4_K .. size =     1.00 MiB ->     0.28 MiB
[ 269/ 963] blk.16.ffn_down.bias                 - [  2048,      1,      1,      1], type =    f32, size =    0.008 MiB
[ 270/ 963] blk.16.ffn_down.weight               - [ 11008,   2048,      1,      1], type =    f16, converting to q3_K .. size =    43.00 MiB ->     9.24 MiB
[ 271/ 963] blk.16.ffn_gate.bias                 - [ 11008,      1,      1,      1], type =    f32, size =    0.042 MiB
[ 272/ 963] blk.16.ffn_gate.weight               - [  2048,  11008,      1,      1], type =    f16, converting to q2_K .. size =    43.00 MiB ->     7.05 MiB
[ 273/ 963] blk.16.ffn_norm.weight               - [  2048,      1,      1,      1], type =    f32, size =    0.008 MiB
[ 274/ 963] blk.16.ffn_up.bias                   - [ 11008,      1,      1,      1], type =    f32, size =    0.042 MiB
[ 275/ 963] blk.16.ffn_up.weight                 - [  2048,  11008,      1,      1], type =    f16, converting to q2_K .. size =    43.00 MiB ->     7.05 MiB
[ 276/ 963] blk.17.attn_k.bias                   - [   256,      1,      1,      1], type =    f32, size =    0.001 MiB
[ 277/ 963] blk.17.attn_k.weight                 - [  2048,    256,      1,      1], type =    f16, converting to q2_K .. size =     1.00 MiB ->     0.16 MiB
[ 278/ 963] blk.17.attn_norm.weight              - [  2048,      1,      1,      1], type =    f32, size =    0.008 MiB
[ 279/ 963] blk.17.attn_output.bias              - [  2048,      1,      1,      1], type =    f32, size =    0.008 MiB
[ 280/ 963] blk.17.attn_output.weight            - [  2048,   2048,      1,      1], type =    f16, converting to q3_K .. size =     8.00 MiB ->     1.72 MiB
[ 281/ 963] blk.17.attn_q.bias                   - [  2048,      1,      1,      1], type =    f32, size =    0.008 MiB
[ 282/ 963] blk.17.attn_q.weight                 - [  2048,   2048,      1,      1], type =    f16, converting to q2_K .. size =     8.00 MiB ->     1.31 MiB
[ 283/ 963] blk.17.attn_v.bias                   - [   256,      1,      1,      1], type =    f32, size =    0.001 MiB
[ 284/ 963] blk.17.attn_v.weight                 - [  2048,    256,      1,      1], type =    f16, converting to q4_K .. size =     1.00 MiB ->     0.28 MiB
[ 285/ 963] blk.17.ffn_down.bias                 - [  2048,      1,      1,      1], type =    f32, size =    0.008 MiB
[ 286/ 963] blk.17.ffn_down.weight               - [ 11008,   2048,      1,      1], type =    f16, converting to q3_K .. size =    43.00 MiB ->     9.24 MiB
[ 287/ 963] blk.17.ffn_gate.bias                 - [ 11008,      1,      1,      1], type =    f32, size =    0.042 MiB
[ 288/ 963] blk.17.ffn_gate.weight               - [  2048,  11008,      1,      1], type =    f16, converting to q2_K .. size =    43.00 MiB ->     7.05 MiB
[ 289/ 963] blk.17.ffn_norm.weight               - [  2048,      1,      1,      1], type =    f32, size =    0.008 MiB
[ 290/ 963] blk.17.ffn_up.bias                   - [ 11008,      1,      1,      1], type =    f32, size =    0.042 MiB
[ 291/ 963] blk.17.ffn_up.weight                 - [  2048,  11008,      1,      1], type =    f16, converting to q2_K .. size =    43.00 MiB ->     7.05 MiB
[ 292/ 963] blk.18.attn_k.bias                   - [   256,      1,      1,      1], type =    f32, size =    0.001 MiB
[ 293/ 963] blk.18.attn_k.weight                 - [  2048,    256,      1,      1], type =    f16, converting to q2_K .. size =     1.00 MiB ->     0.16 MiB
[ 294/ 963] blk.18.attn_norm.weight              - [  2048,      1,      1,      1], type =    f32, size =    0.008 MiB
[ 295/ 963] blk.18.attn_output.bias              - [  2048,      1,      1,      1], type =    f32, size =    0.008 MiB
[ 296/ 963] blk.18.attn_output.weight            - [  2048,   2048,      1,      1], type =    f16, converting to q3_K .. size =     8.00 MiB ->     1.72 MiB
[ 297/ 963] blk.18.attn_q.bias                   - [  2048,      1,      1,      1], type =    f32, size =    0.008 MiB
[ 298/ 963] blk.18.attn_q.weight                 - [  2048,   2048,      1,      1], type =    f16, converting to q2_K .. size =     8.00 MiB ->     1.31 MiB
[ 299/ 963] blk.18.attn_v.bias                   - [   256,      1,      1,      1], type =    f32, size =    0.001 MiB
[ 300/ 963] blk.18.attn_v.weight                 - [  2048,    256,      1,      1], type =    f16, converting to q4_K .. size =     1.00 MiB ->     0.28 MiB
[ 301/ 963] blk.18.ffn_down.bias                 - [  2048,      1,      1,      1], type =    f32, size =    0.008 MiB
[ 302/ 963] blk.18.ffn_down.weight               - [ 11008,   2048,      1,      1], type =    f16, converting to q3_K .. size =    43.00 MiB ->     9.24 MiB
[ 303/ 963] blk.18.ffn_gate.bias                 - [ 11008,      1,      1,      1], type =    f32, size =    0.042 MiB
[ 304/ 963] blk.18.ffn_gate.weight               - [  2048,  11008,      1,      1], type =    f16, converting to q2_K .. size =    43.00 MiB ->     7.05 MiB
[ 305/ 963] blk.18.ffn_norm.weight               - [  2048,      1,      1,      1], type =    f32, size =    0.008 MiB
[ 306/ 963] blk.18.ffn_up.bias                   - [ 11008,      1,      1,      1], type =    f32, size =    0.042 MiB
[ 307/ 963] blk.18.ffn_up.weight                 - [  2048,  11008,      1,      1], type =    f16, converting to q2_K .. size =    43.00 MiB ->     7.05 MiB
[ 308/ 963] blk.19.attn_k.bias                   - [   256,      1,      1,      1], type =    f32, size =    0.001 MiB
[ 309/ 963] blk.19.attn_k.weight                 - [  2048,    256,      1,      1], type =    f16, converting to q2_K .. size =     1.00 MiB ->     0.16 MiB
[ 310/ 963] blk.19.attn_norm.weight              - [  2048,      1,      1,      1], type =    f32, size =    0.008 MiB
[ 311/ 963] blk.19.attn_output.bias              - [  2048,      1,      1,      1], type =    f32, size =    0.008 MiB
[ 312/ 963] blk.19.attn_output.weight            - [  2048,   2048,      1,      1], type =    f16, converting to q3_K .. size =     8.00 MiB ->     1.72 MiB
[ 313/ 963] blk.19.attn_q.bias                   - [  2048,      1,      1,      1], type =    f32, size =    0.008 MiB
[ 314/ 963] blk.19.attn_q.weight                 - [  2048,   2048,      1,      1], type =    f16, converting to q2_K .. size =     8.00 MiB ->     1.31 MiB
[ 315/ 963] blk.19.attn_v.bias                   - [   256,      1,      1,      1], type =    f32, size =    0.001 MiB
[ 316/ 963] blk.19.attn_v.weight                 - [  2048,    256,      1,      1], type =    f16, converting to q4_K .. size =     1.00 MiB ->     0.28 MiB
[ 317/ 963] blk.19.ffn_down.bias                 - [  2048,      1,      1,      1], type =    f32, size =    0.008 MiB
[ 318/ 963] blk.19.ffn_down.weight               - [ 11008,   2048,      1,      1], type =    f16, converting to q3_K .. size =    43.00 MiB ->     9.24 MiB
[ 319/ 963] blk.19.ffn_gate.bias                 - [ 11008,      1,      1,      1], type =    f32, size =    0.042 MiB
[ 320/ 963] blk.19.ffn_gate.weight               - [  2048,  11008,      1,      1], type =    f16, converting to q2_K .. size =    43.00 MiB ->     7.05 MiB
[ 321/ 963] blk.19.ffn_norm.weight               - [  2048,      1,      1,      1], type =    f32, size =    0.008 MiB
[ 322/ 963] blk.19.ffn_up.bias                   - [ 11008,      1,      1,      1], type =    f32, size =    0.042 MiB
[ 323/ 963] blk.19.ffn_up.weight                 - [  2048,  11008,      1,      1], type =    f16, converting to q2_K .. size =    43.00 MiB ->     7.05 MiB
[ 324/ 963] blk.20.attn_k.bias                   - [   256,      1,      1,      1], type =    f32, size =    0.001 MiB
[ 325/ 963] blk.20.attn_k.weight                 - [  2048,    256,      1,      1], type =    f16, converting to q2_K .. size =     1.00 MiB ->     0.16 MiB
[ 326/ 963] blk.20.attn_norm.weight              - [  2048,      1,      1,      1], type =    f32, size =    0.008 MiB
[ 327/ 963] blk.20.attn_output.bias              - [  2048,      1,      1,      1], type =    f32, size =    0.008 MiB
[ 328/ 963] blk.20.attn_output.weight            - [  2048,   2048,      1,      1], type =    f16, converting to q3_K .. size =     8.00 MiB ->     1.72 MiB
[ 329/ 963] blk.20.attn_q.bias                   - [  2048,      1,      1,      1], type =    f32, size =    0.008 MiB
[ 330/ 963] blk.20.attn_q.weight                 - [  2048,   2048,      1,      1], type =    f16, converting to q2_K .. size =     8.00 MiB ->     1.31 MiB
[ 331/ 963] blk.20.attn_v.bias                   - [   256,      1,      1,      1], type =    f32, size =    0.001 MiB
[ 332/ 963] blk.20.attn_v.weight                 - [  2048,    256,      1,      1], type =    f16, converting to q4_K .. size =     1.00 MiB ->     0.28 MiB
[ 333/ 963] blk.20.ffn_down.bias                 - [  2048,      1,      1,      1], type =    f32, size =    0.008 MiB
[ 334/ 963] blk.20.ffn_down.weight               - [ 11008,   2048,      1,      1], type =    f16, converting to q3_K .. size =    43.00 MiB ->     9.24 MiB
[ 335/ 963] blk.20.ffn_gate.bias                 - [ 11008,      1,      1,      1], type =    f32, size =    0.042 MiB
[ 336/ 963] blk.20.ffn_gate.weight               - [  2048,  11008,      1,      1], type =    f16, converting to q2_K .. size =    43.00 MiB ->     7.05 MiB
[ 337/ 963] blk.20.ffn_norm.weight               - [  2048,      1,      1,      1], type =    f32, size =    0.008 MiB
[ 338/ 963] blk.20.ffn_up.bias                   - [ 11008,      1,      1,      1], type =    f32, size =    0.042 MiB
[ 339/ 963] blk.20.ffn_up.weight                 - [  2048,  11008,      1,      1], type =    f16, converting to q2_K .. size =    43.00 MiB ->     7.05 MiB
[ 340/ 963] blk.21.attn_k.bias                   - [   256,      1,      1,      1], type =    f32, size =    0.001 MiB
[ 341/ 963] blk.21.attn_k.weight                 - [  2048,    256,      1,      1], type =    f16, converting to q2_K .. size =     1.00 MiB ->     0.16 MiB
[ 342/ 963] blk.21.attn_norm.weight              - [  2048,      1,      1,      1], type =    f32, size =    0.008 MiB
[ 343/ 963] blk.21.attn_output.bias              - [  2048,      1,      1,      1], type =    f32, size =    0.008 MiB
[ 344/ 963] blk.21.attn_output.weight            - [  2048,   2048,      1,      1], type =    f16, converting to q3_K .. size =     8.00 MiB ->     1.72 MiB
[ 345/ 963] blk.21.attn_q.bias                   - [  2048,      1,      1,      1], type =    f32, size =    0.008 MiB
[ 346/ 963] blk.21.attn_q.weight                 - [  2048,   2048,      1,      1], type =    f16, converting to q2_K .. size =     8.00 MiB ->     1.31 MiB
[ 347/ 963] blk.21.attn_v.bias                   - [   256,      1,      1,      1], type =    f32, size =    0.001 MiB
[ 348/ 963] blk.21.attn_v.weight                 - [  2048,    256,      1,      1], type =    f16, converting to q4_K .. size =     1.00 MiB ->     0.28 MiB
[ 349/ 963] blk.21.ffn_down.bias                 - [  2048,      1,      1,      1], type =    f32, size =    0.008 MiB
[ 350/ 963] blk.21.ffn_down.weight               - [ 11008,   2048,      1,      1], type =    f16, converting to q3_K .. size =    43.00 MiB ->     9.24 MiB
[ 351/ 963] blk.21.ffn_gate.bias                 - [ 11008,      1,      1,      1], type =    f32, size =    0.042 MiB
[ 352/ 963] blk.21.ffn_gate.weight               - [  2048,  11008,      1,      1], type =    f16, converting to q2_K .. size =    43.00 MiB ->     7.05 MiB
[ 353/ 963] blk.21.ffn_norm.weight               - [  2048,      1,      1,      1], type =    f32, size =    0.008 MiB
[ 354/ 963] blk.21.ffn_up.bias                   - [ 11008,      1,      1,      1], type =    f32, size =    0.042 MiB
[ 355/ 963] blk.21.ffn_up.weight                 - [  2048,  11008,      1,      1], type =    f16, converting to q2_K .. size =    43.00 MiB ->     7.05 MiB
[ 356/ 963] blk.22.attn_k.bias                   - [   256,      1,      1,      1], type =    f32, size =    0.001 MiB
[ 357/ 963] blk.22.attn_k.weight                 - [  2048,    256,      1,      1], type =    f16, converting to q2_K .. size =     1.00 MiB ->     0.16 MiB
[ 358/ 963] blk.22.attn_norm.weight              - [  2048,      1,      1,      1], type =    f32, size =    0.008 MiB
[ 359/ 963] blk.22.attn_output.bias              - [  2048,      1,      1,      1], type =    f32, size =    0.008 MiB
[ 360/ 963] blk.22.attn_output.weight            - [  2048,   2048,      1,      1], type =    f16, converting to q3_K .. size =     8.00 MiB ->     1.72 MiB
[ 361/ 963] blk.22.attn_q.bias                   - [  2048,      1,      1,      1], type =    f32, size =    0.008 MiB
[ 362/ 963] blk.22.attn_q.weight                 - [  2048,   2048,      1,      1], type =    f16, converting to q2_K .. size =     8.00 MiB ->     1.31 MiB
[ 363/ 963] blk.22.attn_v.bias                   - [   256,      1,      1,      1], type =    f32, size =    0.001 MiB
[ 364/ 963] blk.22.attn_v.weight                 - [  2048,    256,      1,      1], type =    f16, converting to q4_K .. size =     1.00 MiB ->     0.28 MiB
[ 365/ 963] blk.22.ffn_down.bias                 - [  2048,      1,      1,      1], type =    f32, size =    0.008 MiB
[ 366/ 963] blk.22.ffn_down.weight               - [ 11008,   2048,      1,      1], type =    f16, converting to q3_K .. size =    43.00 MiB ->     9.24 MiB
[ 367/ 963] blk.22.ffn_gate.bias                 - [ 11008,      1,      1,      1], type =    f32, size =    0.042 MiB
[ 368/ 963] blk.22.ffn_gate.weight               - [  2048,  11008,      1,      1], type =    f16, converting to q2_K .. size =    43.00 MiB ->     7.05 MiB
[ 369/ 963] blk.22.ffn_norm.weight               - [  2048,      1,      1,      1], type =    f32, size =    0.008 MiB
[ 370/ 963] blk.22.ffn_up.bias                   - [ 11008,      1,      1,      1], type =    f32, size =    0.042 MiB
[ 371/ 963] blk.22.ffn_up.weight                 - [  2048,  11008,      1,      1], type =    f16, converting to q2_K .. size =    43.00 MiB ->     7.05 MiB
[ 372/ 963] blk.23.attn_k.bias                   - [   256,      1,      1,      1], type =    f32, size =    0.001 MiB
[ 373/ 963] blk.23.attn_k.weight                 - [  2048,    256,      1,      1], type =    f16, converting to q2_K .. size =     1.00 MiB ->     0.16 MiB
[ 374/ 963] blk.23.attn_norm.weight              - [  2048,      1,      1,      1], type =    f32, size =    0.008 MiB
[ 375/ 963] blk.23.attn_output.bias              - [  2048,      1,      1,      1], type =    f32, size =    0.008 MiB
[ 376/ 963] blk.23.attn_output.weight            - [  2048,   2048,      1,      1], type =    f16, converting to q3_K .. size =     8.00 MiB ->     1.72 MiB
[ 377/ 963] blk.23.attn_q.bias                   - [  2048,      1,      1,      1], type =    f32, size =    0.008 MiB
[ 378/ 963] blk.23.attn_q.weight                 - [  2048,   2048,      1,      1], type =    f16, converting to q2_K .. size =     8.00 MiB ->     1.31 MiB
[ 379/ 963] blk.23.attn_v.bias                   - [   256,      1,      1,      1], type =    f32, size =    0.001 MiB
[ 380/ 963] blk.23.attn_v.weight                 - [  2048,    256,      1,      1], type =    f16, converting to q4_K .. size =     1.00 MiB ->     0.28 MiB
[ 381/ 963] blk.23.ffn_down.bias                 - [  2048,      1,      1,      1], type =    f32, size =    0.008 MiB
[ 382/ 963] blk.23.ffn_down.weight               - [ 11008,   2048,      1,      1], type =    f16, converting to q3_K .. size =    43.00 MiB ->     9.24 MiB
[ 383/ 963] blk.23.ffn_gate.bias                 - [ 11008,      1,      1,      1], type =    f32, size =    0.042 MiB
[ 384/ 963] blk.23.ffn_gate.weight               - [  2048,  11008,      1,      1], type =    f16, converting to q2_K .. size =    43.00 MiB ->     7.05 MiB
[ 385/ 963] blk.23.ffn_norm.weight               - [  2048,      1,      1,      1], type =    f32, size =    0.008 MiB
[ 386/ 963] blk.23.ffn_up.bias                   - [ 11008,      1,      1,      1], type =    f32, size =    0.042 MiB
[ 387/ 963] blk.23.ffn_up.weight                 - [  2048,  11008,      1,      1], type =    f16, converting to q2_K .. size =    43.00 MiB ->     7.05 MiB
[ 388/ 963] blk.24.attn_k.bias                   - [   256,      1,      1,      1], type =    f32, size =    0.001 MiB
[ 389/ 963] blk.24.attn_k.weight                 - [  2048,    256,      1,      1], type =    f16, converting to q2_K .. size =     1.00 MiB ->     0.16 MiB
[ 390/ 963] blk.24.attn_norm.weight              - [  2048,      1,      1,      1], type =    f32, size =    0.008 MiB
[ 391/ 963] blk.24.attn_output.bias              - [  2048,      1,      1,      1], type =    f32, size =    0.008 MiB
[ 392/ 963] blk.24.attn_output.weight            - [  2048,   2048,      1,      1], type =    f16, converting to q3_K .. size =     8.00 MiB ->     1.72 MiB
[ 393/ 963] blk.24.attn_q.bias                   - [  2048,      1,      1,      1], type =    f32, size =    0.008 MiB
[ 394/ 963] blk.24.attn_q.weight                 - [  2048,   2048,      1,      1], type =    f16, converting to q2_K .. size =     8.00 MiB ->     1.31 MiB
[ 395/ 963] blk.24.attn_v.bias                   - [   256,      1,      1,      1], type =    f32, size =    0.001 MiB
[ 396/ 963] blk.24.attn_v.weight                 - [  2048,    256,      1,      1], type =    f16, converting to q4_K .. size =     1.00 MiB ->     0.28 MiB
[ 397/ 963] blk.24.ffn_down.bias                 - [  2048,      1,      1,      1], type =    f32, size =    0.008 MiB
[ 398/ 963] blk.24.ffn_down.weight               - [ 11008,   2048,      1,      1], type =    f16, converting to q3_K .. size =    43.00 MiB ->     9.24 MiB
[ 399/ 963] blk.24.ffn_gate.bias                 - [ 11008,      1,      1,      1], type =    f32, size =    0.042 MiB
[ 400/ 963] blk.24.ffn_gate.weight               - [  2048,  11008,      1,      1], type =    f16, converting to q2_K .. size =    43.00 MiB ->     7.05 MiB
[ 401/ 963] blk.24.ffn_norm.weight               - [  2048,      1,      1,      1], type =    f32, size =    0.008 MiB
[ 402/ 963] blk.24.ffn_up.bias                   - [ 11008,      1,      1,      1], type =    f32, size =    0.042 MiB
[ 403/ 963] blk.24.ffn_up.weight                 - [  2048,  11008,      1,      1], type =    f16, converting to q2_K .. size =    43.00 MiB ->     7.05 MiB
[ 404/ 963] blk.25.attn_k.bias                   - [   256,      1,      1,      1], type =    f32, size =    0.001 MiB
[ 405/ 963] blk.25.attn_k.weight                 - [  2048,    256,      1,      1], type =    f16, converting to q2_K .. size =     1.00 MiB ->     0.16 MiB
[ 406/ 963] blk.25.attn_norm.weight              - [  2048,      1,      1,      1], type =    f32, size =    0.008 MiB
[ 407/ 963] blk.25.attn_output.bias              - [  2048,      1,      1,      1], type =    f32, size =    0.008 MiB
[ 408/ 963] blk.25.attn_output.weight            - [  2048,   2048,      1,      1], type =    f16, converting to q3_K .. size =     8.00 MiB ->     1.72 MiB
[ 409/ 963] blk.25.attn_q.bias                   - [  2048,      1,      1,      1], type =    f32, size =    0.008 MiB
[ 410/ 963] blk.25.attn_q.weight                 - [  2048,   2048,      1,      1], type =    f16, converting to q2_K .. size =     8.00 MiB ->     1.31 MiB
[ 411/ 963] blk.25.attn_v.bias                   - [   256,      1,      1,      1], type =    f32, size =    0.001 MiB
[ 412/ 963] blk.25.attn_v.weight                 - [  2048,    256,      1,      1], type =    f16, converting to q4_K .. size =     1.00 MiB ->     0.28 MiB
[ 413/ 963] blk.25.ffn_down.bias                 - [  2048,      1,      1,      1], type =    f32, size =    0.008 MiB
[ 414/ 963] blk.25.ffn_down.weight               - [ 11008,   2048,      1,      1], type =    f16, converting to q3_K .. size =    43.00 MiB ->     9.24 MiB
[ 415/ 963] blk.25.ffn_gate.bias                 - [ 11008,      1,      1,      1], type =    f32, size =    0.042 MiB
[ 416/ 963] blk.25.ffn_gate.weight               - [  2048,  11008,      1,      1], type =    f16, converting to q2_K .. size =    43.00 MiB ->     7.05 MiB
[ 417/ 963] blk.25.ffn_norm.weight               - [  2048,      1,      1,      1], type =    f32, size =    0.008 MiB
[ 418/ 963] blk.25.ffn_up.bias                   - [ 11008,      1,      1,      1], type =    f32, size =    0.042 MiB
[ 419/ 963] blk.25.ffn_up.weight                 - [  2048,  11008,      1,      1], type =    f16, converting to q2_K .. size =    43.00 MiB ->     7.05 MiB
[ 420/ 963] blk.26.attn_k.bias                   - [   256,      1,      1,      1], type =    f32, size =    0.001 MiB
[ 421/ 963] blk.26.attn_k.weight                 - [  2048,    256,      1,      1], type =    f16, converting to q2_K .. size =     1.00 MiB ->     0.16 MiB
[ 422/ 963] blk.26.attn_norm.weight              - [  2048,      1,      1,      1], type =    f32, size =    0.008 MiB
[ 423/ 963] blk.26.attn_output.bias              - [  2048,      1,      1,      1], type =    f32, size =    0.008 MiB
[ 424/ 963] blk.26.attn_output.weight            - [  2048,   2048,      1,      1], type =    f16, converting to q3_K .. size =     8.00 MiB ->     1.72 MiB
[ 425/ 963] blk.26.attn_q.bias                   - [  2048,      1,      1,      1], type =    f32, size =    0.008 MiB
[ 426/ 963] blk.26.attn_q.weight                 - [  2048,   2048,      1,      1], type =    f16, converting to q2_K .. size =     8.00 MiB ->     1.31 MiB
[ 427/ 963] blk.26.attn_v.bias                   - [   256,      1,      1,      1], type =    f32, size =    0.001 MiB
[ 428/ 963] blk.26.attn_v.weight                 - [  2048,    256,      1,      1], type =    f16, converting to q4_K .. size =     1.00 MiB ->     0.28 MiB
[ 429/ 963] blk.26.ffn_down.bias                 - [  2048,      1,      1,      1], type =    f32, size =    0.008 MiB
[ 430/ 963] blk.26.ffn_down.weight               - [ 11008,   2048,      1,      1], type =    f16, converting to q3_K .. size =    43.00 MiB ->     9.24 MiB
[ 431/ 963] blk.26.ffn_gate.bias                 - [ 11008,      1,      1,      1], type =    f32, size =    0.042 MiB
[ 432/ 963] blk.26.ffn_gate.weight               - [  2048,  11008,      1,      1], type =    f16, converting to q2_K .. size =    43.00 MiB ->     7.05 MiB
[ 433/ 963] blk.26.ffn_norm.weight               - [  2048,      1,      1,      1], type =    f32, size =    0.008 MiB
[ 434/ 963] blk.26.ffn_up.bias                   - [ 11008,      1,      1,      1], type =    f32, size =    0.042 MiB
[ 435/ 963] blk.26.ffn_up.weight                 - [  2048,  11008,      1,      1], type =    f16, converting to q2_K .. size =    43.00 MiB ->     7.05 MiB
[ 436/ 963] blk.27.attn_k.bias                   - [   256,      1,      1,      1], type =    f32, size =    0.001 MiB
[ 437/ 963] blk.27.attn_k.weight                 - [  2048,    256,      1,      1], type =    f16, converting to q2_K .. size =     1.00 MiB ->     0.16 MiB
[ 438/ 963] blk.27.attn_norm.weight              - [  2048,      1,      1,      1], type =    f32, size =    0.008 MiB
[ 439/ 963] blk.27.attn_output.bias              - [  2048,      1,      1,      1], type =    f32, size =    0.008 MiB
[ 440/ 963] blk.27.attn_output.weight            - [  2048,   2048,      1,      1], type =    f16, converting to q3_K .. size =     8.00 MiB ->     1.72 MiB
[ 441/ 963] blk.27.attn_q.bias                   - [  2048,      1,      1,      1], type =    f32, size =    0.008 MiB
[ 442/ 963] blk.27.attn_q.weight                 - [  2048,   2048,      1,      1], type =    f16, converting to q2_K .. size =     8.00 MiB ->     1.31 MiB
[ 443/ 963] blk.27.attn_v.bias                   - [   256,      1,      1,      1], type =    f32, size =    0.001 MiB
[ 444/ 963] blk.27.attn_v.weight                 - [  2048,    256,      1,      1], type =    f16, converting to q4_K .. size =     1.00 MiB ->     0.28 MiB
[ 445/ 963] blk.27.ffn_down.bias                 - [  2048,      1,      1,      1], type =    f32, size =    0.008 MiB
[ 446/ 963] blk.27.ffn_down.weight               - [ 11008,   2048,      1,      1], type =    f16, converting to q3_K .. size =    43.00 MiB ->     9.24 MiB
[ 447/ 963] blk.27.ffn_gate.bias                 - [ 11008,      1,      1,      1], type =    f32, size =    0.042 MiB
[ 448/ 963] blk.27.ffn_gate.weight               - [  2048,  11008,      1,      1], type =    f16, converting to q2_K .. size =    43.00 MiB ->     7.05 MiB
[ 449/ 963] blk.27.ffn_norm.weight               - [  2048,      1,      1,      1], type =    f32, size =    0.008 MiB
[ 450/ 963] blk.27.ffn_up.bias                   - [ 11008,      1,      1,      1], type =    f32, size =    0.042 MiB
[ 451/ 963] blk.27.ffn_up.weight                 - [  2048,  11008,      1,      1], type =    f16, converting to q2_K .. size =    43.00 MiB ->     7.05 MiB
[ 452/ 963] blk.28.attn_k.bias                   - [   256,      1,      1,      1], type =    f32, size =    0.001 MiB
[ 453/ 963] blk.28.attn_k.weight                 - [  2048,    256,      1,      1], type =    f16, converting to q2_K .. size =     1.00 MiB ->     0.16 MiB
[ 454/ 963] blk.28.attn_norm.weight              - [  2048,      1,      1,      1], type =    f32, size =    0.008 MiB
[ 455/ 963] blk.28.attn_output.bias              - [  2048,      1,      1,      1], type =    f32, size =    0.008 MiB
[ 456/ 963] blk.28.attn_output.weight            - [  2048,   2048,      1,      1], type =    f16, converting to q3_K .. size =     8.00 MiB ->     1.72 MiB
[ 457/ 963] blk.28.attn_q.bias                   - [  2048,      1,      1,      1], type =    f32, size =    0.008 MiB
[ 458/ 963] blk.28.attn_q.weight                 - [  2048,   2048,      1,      1], type =    f16, converting to q2_K .. size =     8.00 MiB ->     1.31 MiB
[ 459/ 963] blk.28.attn_v.bias                   - [   256,      1,      1,      1], type =    f32, size =    0.001 MiB
[ 460/ 963] blk.28.attn_v.weight                 - [  2048,    256,      1,      1], type =    f16, converting to q4_K .. size =     1.00 MiB ->     0.28 MiB
[ 461/ 963] blk.28.ffn_down.bias                 - [  2048,      1,      1,      1], type =    f32, size =    0.008 MiB
[ 462/ 963] blk.28.ffn_down.weight               - [ 11008,   2048,      1,      1], type =    f16, converting to q3_K .. size =    43.00 MiB ->     9.24 MiB
[ 463/ 963] blk.28.ffn_gate.bias                 - [ 11008,      1,      1,      1], type =    f32, size =    0.042 MiB
[ 464/ 963] blk.28.ffn_gate.weight               - [  2048,  11008,      1,      1], type =    f16, converting to q2_K .. size =    43.00 MiB ->     7.05 MiB
[ 465/ 963] blk.28.ffn_norm.weight               - [  2048,      1,      1,      1], type =    f32, size =    0.008 MiB
[ 466/ 963] blk.28.ffn_up.bias                   - [ 11008,      1,      1,      1], type =    f32, size =    0.042 MiB
[ 467/ 963] blk.28.ffn_up.weight                 - [  2048,  11008,      1,      1], type =    f16, converting to q2_K .. size =    43.00 MiB ->     7.05 MiB
[ 468/ 963] blk.29.attn_k.bias                   - [   256,      1,      1,      1], type =    f32, size =    0.001 MiB
[ 469/ 963] blk.29.attn_k.weight                 - [  2048,    256,      1,      1], type =    f16, converting to q2_K .. size =     1.00 MiB ->     0.16 MiB
[ 470/ 963] blk.29.attn_norm.weight              - [  2048,      1,      1,      1], type =    f32, size =    0.008 MiB
[ 471/ 963] blk.29.attn_output.bias              - [  2048,      1,      1,      1], type =    f32, size =    0.008 MiB
[ 472/ 963] blk.29.attn_output.weight            - [  2048,   2048,      1,      1], type =    f16, converting to q3_K .. size =     8.00 MiB ->     1.72 MiB
[ 473/ 963] blk.29.attn_q.bias                   - [  2048,      1,      1,      1], type =    f32, size =    0.008 MiB
[ 474/ 963] blk.29.attn_q.weight                 - [  2048,   2048,      1,      1], type =    f16, converting to q2_K .. size =     8.00 MiB ->     1.31 MiB
[ 475/ 963] blk.29.attn_v.bias                   - [   256,      1,      1,      1], type =    f32, size =    0.001 MiB
[ 476/ 963] blk.29.attn_v.weight                 - [  2048,    256,      1,      1], type =    f16, converting to q4_K .. size =     1.00 MiB ->     0.28 MiB
[ 477/ 963] blk.29.ffn_down.bias                 - [  2048,      1,      1,      1], type =    f32, size =    0.008 MiB
[ 478/ 963] blk.29.ffn_down.weight               - [ 11008,   2048,      1,      1], type =    f16, converting to q3_K .. size =    43.00 MiB ->     9.24 MiB
[ 479/ 963] blk.29.ffn_gate.bias                 - [ 11008,      1,      1,      1], type =    f32, size =    0.042 MiB
[ 480/ 963] blk.29.ffn_gate.weight               - [  2048,  11008,      1,      1], type =    f16, converting to q2_K .. size =    43.00 MiB ->     7.05 MiB
[ 481/ 963] blk.29.ffn_norm.weight               - [  2048,      1,      1,      1], type =    f32, size =    0.008 MiB
[ 482/ 963] blk.29.ffn_up.bias                   - [ 11008,      1,      1,      1], type =    f32, size =    0.042 MiB
[ 483/ 963] blk.29.ffn_up.weight                 - [  2048,  11008,      1,      1], type =    f16, converting to q2_K .. size =    43.00 MiB ->     7.05 MiB
[ 484/ 963] blk.30.attn_k.bias                   - [   256,      1,      1,      1], type =    f32, size =    0.001 MiB
[ 485/ 963] blk.30.attn_k.weight                 - [  2048,    256,      1,      1], type =    f16, converting to q2_K .. size =     1.00 MiB ->     0.16 MiB
[ 486/ 963] blk.30.attn_norm.weight              - [  2048,      1,      1,      1], type =    f32, size =    0.008 MiB
[ 487/ 963] blk.30.attn_output.bias              - [  2048,      1,      1,      1], type =    f32, size =    0.008 MiB
[ 488/ 963] blk.30.attn_output.weight            - [  2048,   2048,      1,      1], type =    f16, converting to q3_K .. size =     8.00 MiB ->     1.72 MiB
[ 489/ 963] blk.30.attn_q.bias                   - [  2048,      1,      1,      1], type =    f32, size =    0.008 MiB
[ 490/ 963] blk.30.attn_q.weight                 - [  2048,   2048,      1,      1], type =    f16, converting to q2_K .. size =     8.00 MiB ->     1.31 MiB
[ 491/ 963] blk.30.attn_v.bias                   - [   256,      1,      1,      1], type =    f32, size =    0.001 MiB
[ 492/ 963] blk.30.attn_v.weight                 - [  2048,    256,      1,      1], type =    f16, converting to q4_K .. size =     1.00 MiB ->     0.28 MiB
[ 493/ 963] blk.30.ffn_down.bias                 - [  2048,      1,      1,      1], type =    f32, size =    0.008 MiB
[ 494/ 963] blk.30.ffn_down.weight               - [ 11008,   2048,      1,      1], type =    f16, converting to q3_K .. size =    43.00 MiB ->     9.24 MiB
[ 495/ 963] blk.30.ffn_gate.bias                 - [ 11008,      1,      1,      1], type =    f32, size =    0.042 MiB
[ 496/ 963] blk.30.ffn_gate.weight               - [  2048,  11008,      1,      1], type =    f16, converting to q2_K .. size =    43.00 MiB ->     7.05 MiB
[ 497/ 963] blk.30.ffn_norm.weight               - [  2048,      1,      1,      1], type =    f32, size =    0.008 MiB
[ 498/ 963] blk.30.ffn_up.bias                   - [ 11008,      1,      1,      1], type =    f32, size =    0.042 MiB
[ 499/ 963] blk.30.ffn_up.weight                 - [  2048,  11008,      1,      1], type =    f16, converting to q2_K .. size =    43.00 MiB ->     7.05 MiB
[ 500/ 963] blk.31.attn_k.bias                   - [   256,      1,      1,      1], type =    f32, size =    0.001 MiB
[ 501/ 963] blk.31.attn_k.weight                 - [  2048,    256,      1,      1], type =    f16, converting to q2_K .. size =     1.00 MiB ->     0.16 MiB
[ 502/ 963] blk.31.attn_norm.weight              - [  2048,      1,      1,      1], type =    f32, size =    0.008 MiB
[ 503/ 963] blk.31.attn_output.bias              - [  2048,      1,      1,      1], type =    f32, size =    0.008 MiB
[ 504/ 963] blk.31.attn_output.weight            - [  2048,   2048,      1,      1], type =    f16, converting to q3_K .. size =     8.00 MiB ->     1.72 MiB
[ 505/ 963] blk.31.attn_q.bias                   - [  2048,      1,      1,      1], type =    f32, size =    0.008 MiB
[ 506/ 963] blk.31.attn_q.weight                 - [  2048,   2048,      1,      1], type =    f16, converting to q2_K .. size =     8.00 MiB ->     1.31 MiB
[ 507/ 963] blk.31.attn_v.bias                   - [   256,      1,      1,      1], type =    f32, size =    0.001 MiB
[ 508/ 963] blk.31.attn_v.weight                 - [  2048,    256,      1,      1], type =    f16, converting to q4_K .. size =     1.00 MiB ->     0.28 MiB
[ 509/ 963] blk.31.ffn_down.bias                 - [  2048,      1,      1,      1], type =    f32, size =    0.008 MiB
[ 510/ 963] blk.31.ffn_down.weight               - [ 11008,   2048,      1,      1], type =    f16, converting to q3_K .. size =    43.00 MiB ->     9.24 MiB
[ 511/ 963] blk.31.ffn_gate.bias                 - [ 11008,      1,      1,      1], type =    f32, size =    0.042 MiB
[ 512/ 963] blk.31.ffn_gate.weight               - [  2048,  11008,      1,      1], type =    f16, converting to q2_K .. size =    43.00 MiB ->     7.05 MiB
[ 513/ 963] blk.31.ffn_norm.weight               - [  2048,      1,      1,      1], type =    f32, size =    0.008 MiB
[ 514/ 963] blk.31.ffn_up.bias                   - [ 11008,      1,      1,      1], type =    f32, size =    0.042 MiB
[ 515/ 963] blk.31.ffn_up.weight                 - [  2048,  11008,      1,      1], type =    f16, converting to q2_K .. size =    43.00 MiB ->     7.05 MiB
[ 516/ 963] blk.32.attn_k.bias                   - [   256,      1,      1,      1], type =    f32, size =    0.001 MiB
[ 517/ 963] blk.32.attn_k.weight                 - [  2048,    256,      1,      1], type =    f16, converting to q2_K .. size =     1.00 MiB ->     0.16 MiB
[ 518/ 963] blk.32.attn_norm.weight              - [  2048,      1,      1,      1], type =    f32, size =    0.008 MiB
[ 519/ 963] blk.32.attn_output.bias              - [  2048,      1,      1,      1], type =    f32, size =    0.008 MiB
[ 520/ 963] blk.32.attn_output.weight            - [  2048,   2048,      1,      1], type =    f16, converting to q3_K .. size =     8.00 MiB ->     1.72 MiB
[ 521/ 963] blk.32.attn_q.bias                   - [  2048,      1,      1,      1], type =    f32, size =    0.008 MiB
[ 522/ 963] blk.32.attn_q.weight                 - [  2048,   2048,      1,      1], type =    f16, converting to q2_K .. size =     8.00 MiB ->     1.31 MiB
[ 523/ 963] blk.32.attn_v.bias                   - [   256,      1,      1,      1], type =    f32, size =    0.001 MiB
[ 524/ 963] blk.32.attn_v.weight                 - [  2048,    256,      1,      1], type =    f16, converting to q4_K .. size =     1.00 MiB ->     0.28 MiB
[ 525/ 963] blk.32.ffn_down.bias                 - [  2048,      1,      1,      1], type =    f32, size =    0.008 MiB
[ 526/ 963] blk.32.ffn_down.weight               - [ 11008,   2048,      1,      1], type =    f16, converting to q3_K .. size =    43.00 MiB ->     9.24 MiB
[ 527/ 963] blk.32.ffn_gate.bias                 - [ 11008,      1,      1,      1], type =    f32, size =    0.042 MiB
[ 528/ 963] blk.32.ffn_gate.weight               - [  2048,  11008,      1,      1], type =    f16, converting to q2_K .. size =    43.00 MiB ->     7.05 MiB
[ 529/ 963] blk.32.ffn_norm.weight               - [  2048,      1,      1,      1], type =    f32, size =    0.008 MiB
[ 530/ 963] blk.32.ffn_up.bias                   - [ 11008,      1,      1,      1], type =    f32, size =    0.042 MiB
[ 531/ 963] blk.32.ffn_up.weight                 - [  2048,  11008,      1,      1], type =    f16, converting to q2_K .. size =    43.00 MiB ->     7.05 MiB
[ 532/ 963] blk.33.attn_k.bias                   - [   256,      1,      1,      1], type =    f32, size =    0.001 MiB
[ 533/ 963] blk.33.attn_k.weight                 - [  2048,    256,      1,      1], type =    f16, converting to q2_K .. size =     1.00 MiB ->     0.16 MiB
[ 534/ 963] blk.33.attn_norm.weight              - [  2048,      1,      1,      1], type =    f32, size =    0.008 MiB
[ 535/ 963] blk.33.attn_output.bias              - [  2048,      1,      1,      1], type =    f32, size =    0.008 MiB
[ 536/ 963] blk.33.attn_output.weight            - [  2048,   2048,      1,      1], type =    f16, converting to q3_K .. size =     8.00 MiB ->     1.72 MiB
[ 537/ 963] blk.33.attn_q.bias                   - [  2048,      1,      1,      1], type =    f32, size =    0.008 MiB
[ 538/ 963] blk.33.attn_q.weight                 - [  2048,   2048,      1,      1], type =    f16, converting to q2_K .. size =     8.00 MiB ->     1.31 MiB
[ 539/ 963] blk.33.attn_v.bias                   - [   256,      1,      1,      1], type =    f32, size =    0.001 MiB
[ 540/ 963] blk.33.attn_v.weight                 - [  2048,    256,      1,      1], type =    f16, converting to q4_K .. size =     1.00 MiB ->     0.28 MiB
[ 541/ 963] blk.33.ffn_down.bias                 - [  2048,      1,      1,      1], type =    f32, size =    0.008 MiB
[ 542/ 963] blk.33.ffn_down.weight               - [ 11008,   2048,      1,      1], type =    f16, converting to q3_K .. size =    43.00 MiB ->     9.24 MiB
[ 543/ 963] blk.33.ffn_gate.bias                 - [ 11008,      1,      1,      1], type =    f32, size =    0.042 MiB
[ 544/ 963] blk.33.ffn_gate.weight               - [  2048,  11008,      1,      1], type =    f16, converting to q2_K .. size =    43.00 MiB ->     7.05 MiB
[ 545/ 963] blk.33.ffn_norm.weight               - [  2048,      1,      1,      1], type =    f32, size =    0.008 MiB
[ 546/ 963] blk.33.ffn_up.bias                   - [ 11008,      1,      1,      1], type =    f32, size =    0.042 MiB
[ 547/ 963] blk.33.ffn_up.weight                 - [  2048,  11008,      1,      1], type =    f16, converting to q2_K .. size =    43.00 MiB ->     7.05 MiB
[ 548/ 963] blk.34.attn_k.bias                   - [   256,      1,      1,      1], type =    f32, size =    0.001 MiB
[ 549/ 963] blk.34.attn_k.weight                 - [  2048,    256,      1,      1], type =    f16, converting to q2_K .. size =     1.00 MiB ->     0.16 MiB
[ 550/ 963] blk.34.attn_norm.weight              - [  2048,      1,      1,      1], type =    f32, size =    0.008 MiB
[ 551/ 963] blk.34.attn_output.bias              - [  2048,      1,      1,      1], type =    f32, size =    0.008 MiB
[ 552/ 963] blk.34.attn_output.weight            - [  2048,   2048,      1,      1], type =    f16, converting to q3_K .. size =     8.00 MiB ->     1.72 MiB
[ 553/ 963] blk.34.attn_q.bias                   - [  2048,      1,      1,      1], type =    f32, size =    0.008 MiB
[ 554/ 963] blk.34.attn_q.weight                 - [  2048,   2048,      1,      1], type =    f16, converting to q2_K .. size =     8.00 MiB ->     1.31 MiB
[ 555/ 963] blk.34.attn_v.bias                   - [   256,      1,      1,      1], type =    f32, size =    0.001 MiB
[ 556/ 963] blk.34.attn_v.weight                 - [  2048,    256,      1,      1], type =    f16, converting to q4_K .. size =     1.00 MiB ->     0.28 MiB
[ 557/ 963] blk.34.ffn_down.bias                 - [  2048,      1,      1,      1], type =    f32, size =    0.008 MiB
[ 558/ 963] blk.34.ffn_down.weight               - [ 11008,   2048,      1,      1], type =    f16, converting to q3_K .. size =    43.00 MiB ->     9.24 MiB
[ 559/ 963] blk.34.ffn_gate.bias                 - [ 11008,      1,      1,      1], type =    f32, size =    0.042 MiB
[ 560/ 963] blk.34.ffn_gate.weight               - [  2048,  11008,      1,      1], type =    f16, converting to q2_K .. size =    43.00 MiB ->     7.05 MiB
[ 561/ 963] blk.34.ffn_norm.weight               - [  2048,      1,      1,      1], type =    f32, size =    0.008 MiB
[ 562/ 963] blk.34.ffn_up.bias                   - [ 11008,      1,      1,      1], type =    f32, size =    0.042 MiB
[ 563/ 963] blk.34.ffn_up.weight                 - [  2048,  11008,      1,      1], type =    f16, converting to q2_K .. size =    43.00 MiB ->     7.05 MiB
[ 564/ 963] blk.35.attn_k.bias                   - [   256,      1,      1,      1], type =    f32, size =    0.001 MiB
[ 565/ 963] blk.35.attn_k.weight                 - [  2048,    256,      1,      1], type =    f16, converting to q2_K .. size =     1.00 MiB ->     0.16 MiB
[ 566/ 963] blk.35.attn_norm.weight              - [  2048,      1,      1,      1], type =    f32, size =    0.008 MiB
[ 567/ 963] blk.35.attn_output.bias              - [  2048,      1,      1,      1], type =    f32, size =    0.008 MiB
[ 568/ 963] blk.35.attn_output.weight            - [  2048,   2048,      1,      1], type =    f16, converting to q3_K .. size =     8.00 MiB ->     1.72 MiB
[ 569/ 963] blk.35.attn_q.bias                   - [  2048,      1,      1,      1], type =    f32, size =    0.008 MiB
[ 570/ 963] blk.35.attn_q.weight                 - [  2048,   2048,      1,      1], type =    f16, converting to q2_K .. size =     8.00 MiB ->     1.31 MiB
[ 571/ 963] blk.35.attn_v.bias                   - [   256,      1,      1,      1], type =    f32, size =    0.001 MiB
[ 572/ 963] blk.35.attn_v.weight                 - [  2048,    256,      1,      1], type =    f16, converting to q4_K .. size =     1.00 MiB ->     0.28 MiB
[ 573/ 963] blk.35.ffn_down.bias                 - [  2048,      1,      1,      1], type =    f32, size =    0.008 MiB
[ 574/ 963] blk.35.ffn_down.weight               - [ 11008,   2048,      1,      1], type =    f16, converting to q3_K .. size =    43.00 MiB ->     9.24 MiB
[ 575/ 963] blk.35.ffn_gate.bias                 - [ 11008,      1,      1,      1], type =    f32, size =    0.042 MiB
[ 576/ 963] blk.35.ffn_gate.weight               - [  2048,  11008,      1,      1], type =    f16, converting to q2_K .. size =    43.00 MiB ->     7.05 MiB
[ 577/ 963] blk.35.ffn_norm.weight               - [  2048,      1,      1,      1], type =    f32, size =    0.008 MiB
[ 578/ 963] blk.35.ffn_up.bias                   - [ 11008,      1,      1,      1], type =    f32, size =    0.042 MiB
[ 579/ 963] blk.35.ffn_up.weight                 - [  2048,  11008,      1,      1], type =    f16, converting to q2_K .. size =    43.00 MiB ->     7.05 MiB
[ 580/ 963] blk.36.attn_k.bias                   - [   256,      1,      1,      1], type =    f32, size =    0.001 MiB
[ 581/ 963] blk.36.attn_k.weight                 - [  2048,    256,      1,      1], type =    f16, converting to q2_K .. size =     1.00 MiB ->     0.16 MiB
[ 582/ 963] blk.36.attn_norm.weight              - [  2048,      1,      1,      1], type =    f32, size =    0.008 MiB
[ 583/ 963] blk.36.attn_output.bias              - [  2048,      1,      1,      1], type =    f32, size =    0.008 MiB
[ 584/ 963] blk.36.attn_output.weight            - [  2048,   2048,      1,      1], type =    f16, converting to q3_K .. size =     8.00 MiB ->     1.72 MiB
[ 585/ 963] blk.36.attn_q.bias                   - [  2048,      1,      1,      1], type =    f32, size =    0.008 MiB
[ 586/ 963] blk.36.attn_q.weight                 - [  2048,   2048,      1,      1], type =    f16, converting to q2_K .. size =     8.00 MiB ->     1.31 MiB
[ 587/ 963] blk.36.attn_v.bias                   - [   256,      1,      1,      1], type =    f32, size =    0.001 MiB
[ 588/ 963] blk.36.attn_v.weight                 - [  2048,    256,      1,      1], type =    f16, converting to q4_K .. size =     1.00 MiB ->     0.28 MiB
[ 589/ 963] blk.36.ffn_down.bias                 - [  2048,      1,      1,      1], type =    f32, size =    0.008 MiB
[ 590/ 963] blk.36.ffn_down.weight               - [ 11008,   2048,      1,      1], type =    f16, converting to q3_K .. size =    43.00 MiB ->     9.24 MiB
[ 591/ 963] blk.36.ffn_gate.bias                 - [ 11008,      1,      1,      1], type =    f32, size =    0.042 MiB
[ 592/ 963] blk.36.ffn_gate.weight               - [  2048,  11008,      1,      1], type =    f16, converting to q2_K .. size =    43.00 MiB ->     7.05 MiB
[ 593/ 963] blk.36.ffn_norm.weight               - [  2048,      1,      1,      1], type =    f32, size =    0.008 MiB
[ 594/ 963] blk.36.ffn_up.bias                   - [ 11008,      1,      1,      1], type =    f32, size =    0.042 MiB
[ 595/ 963] blk.36.ffn_up.weight                 - [  2048,  11008,      1,      1], type =    f16, converting to q2_K .. size =    43.00 MiB ->     7.05 MiB
[ 596/ 963] blk.37.attn_k.bias                   - [   256,      1,      1,      1], type =    f32, size =    0.001 MiB
[ 597/ 963] blk.37.attn_k.weight                 - [  2048,    256,      1,      1], type =    f16, converting to q2_K .. size =     1.00 MiB ->     0.16 MiB
[ 598/ 963] blk.37.attn_norm.weight              - [  2048,      1,      1,      1], type =    f32, size =    0.008 MiB
[ 599/ 963] blk.37.attn_output.bias              - [  2048,      1,      1,      1], type =    f32, size =    0.008 MiB
[ 600/ 963] blk.37.attn_output.weight            - [  2048,   2048,      1,      1], type =    f16, converting to q3_K .. size =     8.00 MiB ->     1.72 MiB
[ 601/ 963] blk.37.attn_q.bias                   - [  2048,      1,      1,      1], type =    f32, size =    0.008 MiB
[ 602/ 963] blk.37.attn_q.weight                 - [  2048,   2048,      1,      1], type =    f16, converting to q2_K .. size =     8.00 MiB ->     1.31 MiB
[ 603/ 963] blk.37.attn_v.bias                   - [   256,      1,      1,      1], type =    f32, size =    0.001 MiB
[ 604/ 963] blk.37.attn_v.weight                 - [  2048,    256,      1,      1], type =    f16, converting to q4_K .. size =     1.00 MiB ->     0.28 MiB
[ 605/ 963] blk.37.ffn_down.bias                 - [  2048,      1,      1,      1], type =    f32, size =    0.008 MiB
[ 606/ 963] blk.37.ffn_down.weight               - [ 11008,   2048,      1,      1], type =    f16, converting to q3_K .. size =    43.00 MiB ->     9.24 MiB
[ 607/ 963] blk.37.ffn_gate.bias                 - [ 11008,      1,      1,      1], type =    f32, size =    0.042 MiB
[ 608/ 963] blk.37.ffn_gate.weight               - [  2048,  11008,      1,      1], type =    f16, converting to q2_K .. size =    43.00 MiB ->     7.05 MiB
[ 609/ 963] blk.37.ffn_norm.weight               - [  2048,      1,      1,      1], type =    f32, size =    0.008 MiB
[ 610/ 963] blk.37.ffn_up.bias                   - [ 11008,      1,      1,      1], type =    f32, size =    0.042 MiB
[ 611/ 963] blk.37.ffn_up.weight                 - [  2048,  11008,      1,      1], type =    f16, converting to q2_K .. size =    43.00 MiB ->     7.05 MiB
[ 612/ 963] blk.38.attn_k.bias                   - [   256,      1,      1,      1], type =    f32, size =    0.001 MiB
[ 613/ 963] blk.38.attn_k.weight                 - [  2048,    256,      1,      1], type =    f16, converting to q2_K .. size =     1.00 MiB ->     0.16 MiB
[ 614/ 963] blk.38.attn_norm.weight              - [  2048,      1,      1,      1], type =    f32, size =    0.008 MiB
[ 615/ 963] blk.38.attn_output.bias              - [  2048,      1,      1,      1], type =    f32, size =    0.008 MiB
[ 616/ 963] blk.38.attn_output.weight            - [  2048,   2048,      1,      1], type =    f16, converting to q3_K .. size =     8.00 MiB ->     1.72 MiB
[ 617/ 963] blk.38.attn_q.bias                   - [  2048,      1,      1,      1], type =    f32, size =    0.008 MiB
[ 618/ 963] blk.38.attn_q.weight                 - [  2048,   2048,      1,      1], type =    f16, converting to q2_K .. size =     8.00 MiB ->     1.31 MiB
[ 619/ 963] blk.38.attn_v.bias                   - [   256,      1,      1,      1], type =    f32, size =    0.001 MiB
[ 620/ 963] blk.38.attn_v.weight                 - [  2048,    256,      1,      1], type =    f16, converting to q4_K .. size =     1.00 MiB ->     0.28 MiB
[ 621/ 963] blk.38.ffn_down.bias                 - [  2048,      1,      1,      1], type =    f32, size =    0.008 MiB
[ 622/ 963] blk.38.ffn_down.weight               - [ 11008,   2048,      1,      1], type =    f16, converting to q3_K .. size =    43.00 MiB ->     9.24 MiB
[ 623/ 963] blk.38.ffn_gate.bias                 - [ 11008,      1,      1,      1], type =    f32, size =    0.042 MiB
[ 624/ 963] blk.38.ffn_gate.weight               - [  2048,  11008,      1,      1], type =    f16, converting to q2_K .. size =    43.00 MiB ->     7.05 MiB
[ 625/ 963] blk.38.ffn_norm.weight               - [  2048,      1,      1,      1], type =    f32, size =    0.008 MiB
[ 626/ 963] blk.38.ffn_up.bias                   - [ 11008,      1,      1,      1], type =    f32, size =    0.042 MiB
[ 627/ 963] blk.38.ffn_up.weight                 - [  2048,  11008,      1,      1], type =    f16, converting to q2_K .. size =    43.00 MiB ->     7.05 MiB
[ 628/ 963] blk.39.attn_k.bias                   - [   256,      1,      1,      1], type =    f32, size =    0.001 MiB
[ 629/ 963] blk.39.attn_k.weight                 - [  2048,    256,      1,      1], type =    f16, converting to q2_K .. size =     1.00 MiB ->     0.16 MiB
[ 630/ 963] blk.39.attn_norm.weight              - [  2048,      1,      1,      1], type =    f32, size =    0.008 MiB
[ 631/ 963] blk.39.attn_output.bias              - [  2048,      1,      1,      1], type =    f32, size =    0.008 MiB
[ 632/ 963] blk.39.attn_output.weight            - [  2048,   2048,      1,      1], type =    f16, converting to q3_K .. size =     8.00 MiB ->     1.72 MiB
[ 633/ 963] blk.39.attn_q.bias                   - [  2048,      1,      1,      1], type =    f32, size =    0.008 MiB
[ 634/ 963] blk.39.attn_q.weight                 - [  2048,   2048,      1,      1], type =    f16, converting to q2_K .. size =     8.00 MiB ->     1.31 MiB
[ 635/ 963] blk.39.attn_v.bias                   - [   256,      1,      1,      1], type =    f32, size =    0.001 MiB
[ 636/ 963] blk.39.attn_v.weight                 - [  2048,    256,      1,      1], type =    f16, converting to q4_K .. size =     1.00 MiB ->     0.28 MiB
[ 637/ 963] blk.39.ffn_down.bias                 - [  2048,      1,      1,      1], type =    f32, size =    0.008 MiB
[ 638/ 963] blk.39.ffn_down.weight               - [ 11008,   2048,      1,      1], type =    f16, converting to q3_K .. size =    43.00 MiB ->     9.24 MiB
[ 639/ 963] blk.39.ffn_gate.bias                 - [ 11008,      1,      1,      1], type =    f32, size =    0.042 MiB
[ 640/ 963] blk.39.ffn_gate.weight               - [  2048,  11008,      1,      1], type =    f16, converting to q2_K .. size =    43.00 MiB ->     7.05 MiB
[ 641/ 963] blk.39.ffn_norm.weight               - [  2048,      1,      1,      1], type =    f32, size =    0.008 MiB
[ 642/ 963] blk.39.ffn_up.bias                   - [ 11008,      1,      1,      1], type =    f32, size =    0.042 MiB
[ 643/ 963] blk.39.ffn_up.weight                 - [  2048,  11008,      1,      1], type =    f16, converting to q2_K .. size =    43.00 MiB ->     7.05 MiB
[ 644/ 963] blk.40.attn_k.bias                   - [   256,      1,      1,      1], type =    f32, size =    0.001 MiB
[ 645/ 963] blk.40.attn_k.weight                 - [  2048,    256,      1,      1], type =    f16, converting to q2_K .. size =     1.00 MiB ->     0.16 MiB
[ 646/ 963] blk.40.attn_norm.weight              - [  2048,      1,      1,      1], type =    f32, size =    0.008 MiB
[ 647/ 963] blk.40.attn_output.bias              - [  2048,      1,      1,      1], type =    f32, size =    0.008 MiB
[ 648/ 963] blk.40.attn_output.weight            - [  2048,   2048,      1,      1], type =    f16, converting to q3_K .. size =     8.00 MiB ->     1.72 MiB
[ 649/ 963] blk.40.attn_q.bias                   - [  2048,      1,      1,      1], type =    f32, size =    0.008 MiB
[ 650/ 963] blk.40.attn_q.weight                 - [  2048,   2048,      1,      1], type =    f16, converting to q2_K .. size =     8.00 MiB ->     1.31 MiB
[ 651/ 963] blk.40.attn_v.bias                   - [   256,      1,      1,      1], type =    f32, size =    0.001 MiB
[ 652/ 963] blk.40.attn_v.weight                 - [  2048,    256,      1,      1], type =    f16, converting to q4_K .. size =     1.00 MiB ->     0.28 MiB
[ 653/ 963] blk.40.ffn_down.bias                 - [  2048,      1,      1,      1], type =    f32, size =    0.008 MiB
[ 654/ 963] blk.40.ffn_down.weight               - [ 11008,   2048,      1,      1], type =    f16, converting to q3_K .. size =    43.00 MiB ->     9.24 MiB
[ 655/ 963] blk.40.ffn_gate.bias                 - [ 11008,      1,      1,      1], type =    f32, size =    0.042 MiB
[ 656/ 963] blk.40.ffn_gate.weight               - [  2048,  11008,      1,      1], type =    f16, converting to q2_K .. size =    43.00 MiB ->     7.05 MiB
[ 657/ 963] blk.40.ffn_norm.weight               - [  2048,      1,      1,      1], type =    f32, size =    0.008 MiB
[ 658/ 963] blk.40.ffn_up.bias                   - [ 11008,      1,      1,      1], type =    f32, size =    0.042 MiB
[ 659/ 963] blk.40.ffn_up.weight                 - [  2048,  11008,      1,      1], type =    f16, converting to q2_K .. size =    43.00 MiB ->     7.05 MiB
[ 660/ 963] blk.41.attn_k.bias                   - [   256,      1,      1,      1], type =    f32, size =    0.001 MiB
[ 661/ 963] blk.41.attn_k.weight                 - [  2048,    256,      1,      1], type =    f16, converting to q2_K .. size =     1.00 MiB ->     0.16 MiB
[ 662/ 963] blk.41.attn_norm.weight              - [  2048,      1,      1,      1], type =    f32, size =    0.008 MiB
[ 663/ 963] blk.41.attn_output.bias              - [  2048,      1,      1,      1], type =    f32, size =    0.008 MiB
[ 664/ 963] blk.41.attn_output.weight            - [  2048,   2048,      1,      1], type =    f16, converting to q3_K .. size =     8.00 MiB ->     1.72 MiB
[ 665/ 963] blk.41.attn_q.bias                   - [  2048,      1,      1,      1], type =    f32, size =    0.008 MiB
[ 666/ 963] blk.41.attn_q.weight                 - [  2048,   2048,      1,      1], type =    f16, converting to q2_K .. size =     8.00 MiB ->     1.31 MiB
[ 667/ 963] blk.41.attn_v.bias                   - [   256,      1,      1,      1], type =    f32, size =    0.001 MiB
[ 668/ 963] blk.41.attn_v.weight                 - [  2048,    256,      1,      1], type =    f16, converting to q4_K .. size =     1.00 MiB ->     0.28 MiB
[ 669/ 963] blk.41.ffn_down.bias                 - [  2048,      1,      1,      1], type =    f32, size =    0.008 MiB
[ 670/ 963] blk.41.ffn_down.weight               - [ 11008,   2048,      1,      1], type =    f16, converting to q3_K .. size =    43.00 MiB ->     9.24 MiB
[ 671/ 963] blk.41.ffn_gate.bias                 - [ 11008,      1,      1,      1], type =    f32, size =    0.042 MiB
[ 672/ 963] blk.41.ffn_gate.weight               - [  2048,  11008,      1,      1], type =    f16, converting to q2_K .. size =    43.00 MiB ->     7.05 MiB
[ 673/ 963] blk.41.ffn_norm.weight               - [  2048,      1,      1,      1], type =    f32, size =    0.008 MiB
[ 674/ 963] blk.41.ffn_up.bias                   - [ 11008,      1,      1,      1], type =    f32, size =    0.042 MiB
[ 675/ 963] blk.41.ffn_up.weight                 - [  2048,  11008,      1,      1], type =    f16, converting to q2_K .. size =    43.00 MiB ->     7.05 MiB
[ 676/ 963] blk.42.attn_k.bias                   - [   256,      1,      1,      1], type =    f32, size =    0.001 MiB
[ 677/ 963] blk.42.attn_k.weight                 - [  2048,    256,      1,      1], type =    f16, converting to q2_K .. size =     1.00 MiB ->     0.16 MiB
[ 678/ 963] blk.42.attn_norm.weight              - [  2048,      1,      1,      1], type =    f32, size =    0.008 MiB
[ 679/ 963] blk.42.attn_output.bias              - [  2048,      1,      1,      1], type =    f32, size =    0.008 MiB
[ 680/ 963] blk.42.attn_output.weight            - [  2048,   2048,      1,      1], type =    f16, converting to q3_K .. size =     8.00 MiB ->     1.72 MiB
[ 681/ 963] blk.42.attn_q.bias                   - [  2048,      1,      1,      1], type =    f32, size =    0.008 MiB
[ 682/ 963] blk.42.attn_q.weight                 - [  2048,   2048,      1,      1], type =    f16, converting to q2_K .. size =     8.00 MiB ->     1.31 MiB
[ 683/ 963] blk.42.attn_v.bias                   - [   256,      1,      1,      1], type =    f32, size =    0.001 MiB
[ 684/ 963] blk.42.attn_v.weight                 - [  2048,    256,      1,      1], type =    f16, converting to q4_K .. size =     1.00 MiB ->     0.28 MiB
[ 685/ 963] blk.42.ffn_down.bias                 - [  2048,      1,      1,      1], type =    f32, size =    0.008 MiB
[ 686/ 963] blk.42.ffn_down.weight               - [ 11008,   2048,      1,      1], type =    f16, converting to q3_K .. size =    43.00 MiB ->     9.24 MiB
[ 687/ 963] blk.42.ffn_gate.bias                 - [ 11008,      1,      1,      1], type =    f32, size =    0.042 MiB
[ 688/ 963] blk.42.ffn_gate.weight               - [  2048,  11008,      1,      1], type =    f16, converting to q2_K .. size =    43.00 MiB ->     7.05 MiB
[ 689/ 963] blk.42.ffn_norm.weight               - [  2048,      1,      1,      1], type =    f32, size =    0.008 MiB
[ 690/ 963] blk.42.ffn_up.bias                   - [ 11008,      1,      1,      1], type =    f32, size =    0.042 MiB
[ 691/ 963] blk.42.ffn_up.weight                 - [  2048,  11008,      1,      1], type =    f16, converting to q2_K .. size =    43.00 MiB ->     7.05 MiB
[ 692/ 963] blk.43.attn_k.bias                   - [   256,      1,      1,      1], type =    f32, size =    0.001 MiB
[ 693/ 963] blk.43.attn_k.weight                 - [  2048,    256,      1,      1], type =    f16, converting to q2_K .. size =     1.00 MiB ->     0.16 MiB
[ 694/ 963] blk.43.attn_norm.weight              - [  2048,      1,      1,      1], type =    f32, size =    0.008 MiB
[ 695/ 963] blk.43.attn_output.bias              - [  2048,      1,      1,      1], type =    f32, size =    0.008 MiB
[ 696/ 963] blk.43.attn_output.weight            - [  2048,   2048,      1,      1], type =    f16, converting to q3_K .. size =     8.00 MiB ->     1.72 MiB
[ 697/ 963] blk.43.attn_q.bias                   - [  2048,      1,      1,      1], type =    f32, size =    0.008 MiB
[ 698/ 963] blk.43.attn_q.weight                 - [  2048,   2048,      1,      1], type =    f16, converting to q2_K .. size =     8.00 MiB ->     1.31 MiB
[ 699/ 963] blk.43.attn_v.bias                   - [   256,      1,      1,      1], type =    f32, size =    0.001 MiB
[ 700/ 963] blk.43.attn_v.weight                 - [  2048,    256,      1,      1], type =    f16, converting to q4_K .. size =     1.00 MiB ->     0.28 MiB
[ 701/ 963] blk.43.ffn_down.bias                 - [  2048,      1,      1,      1], type =    f32, size =    0.008 MiB
[ 702/ 963] blk.43.ffn_down.weight               - [ 11008,   2048,      1,      1], type =    f16, converting to q3_K .. size =    43.00 MiB ->     9.24 MiB
[ 703/ 963] blk.43.ffn_gate.bias                 - [ 11008,      1,      1,      1], type =    f32, size =    0.042 MiB
[ 704/ 963] blk.43.ffn_gate.weight               - [  2048,  11008,      1,      1], type =    f16, converting to q2_K .. size =    43.00 MiB ->     7.05 MiB
[ 705/ 963] blk.43.ffn_norm.weight               - [  2048,      1,      1,      1], type =    f32, size =    0.008 MiB
[ 706/ 963] blk.43.ffn_up.bias                   - [ 11008,      1,      1,      1], type =    f32, size =    0.042 MiB
[ 707/ 963] blk.43.ffn_up.weight                 - [  2048,  11008,      1,      1], type =    f16, converting to q2_K .. size =    43.00 MiB ->     7.05 MiB
[ 708/ 963] blk.44.attn_k.bias                   - [   256,      1,      1,      1], type =    f32, size =    0.001 MiB
[ 709/ 963] blk.44.attn_k.weight                 - [  2048,    256,      1,      1], type =    f16, converting to q2_K .. size =     1.00 MiB ->     0.16 MiB
[ 710/ 963] blk.44.attn_norm.weight              - [  2048,      1,      1,      1], type =    f32, size =    0.008 MiB
[ 711/ 963] blk.44.attn_output.bias              - [  2048,      1,      1,      1], type =    f32, size =    0.008 MiB
[ 712/ 963] blk.44.attn_output.weight            - [  2048,   2048,      1,      1], type =    f16, converting to q3_K .. size =     8.00 MiB ->     1.72 MiB
[ 713/ 963] blk.44.attn_q.bias                   - [  2048,      1,      1,      1], type =    f32, size =    0.008 MiB
[ 714/ 963] blk.44.attn_q.weight                 - [  2048,   2048,      1,      1], type =    f16, converting to q2_K .. size =     8.00 MiB ->     1.31 MiB
[ 715/ 963] blk.44.attn_v.bias                   - [   256,      1,      1,      1], type =    f32, size =    0.001 MiB
[ 716/ 963] blk.44.attn_v.weight                 - [  2048,    256,      1,      1], type =    f16, converting to q4_K .. size =     1.00 MiB ->     0.28 MiB
[ 717/ 963] blk.44.ffn_down.bias                 - [  2048,      1,      1,      1], type =    f32, size =    0.008 MiB
[ 718/ 963] blk.44.ffn_down.weight               - [ 11008,   2048,      1,      1], type =    f16, converting to q3_K .. size =    43.00 MiB ->     9.24 MiB
[ 719/ 963] blk.44.ffn_gate.bias                 - [ 11008,      1,      1,      1], type =    f32, size =    0.042 MiB
[ 720/ 963] blk.44.ffn_gate.weight               - [  2048,  11008,      1,      1], type =    f16, converting to q2_K .. size =    43.00 MiB ->     7.05 MiB
[ 721/ 963] blk.44.ffn_norm.weight               - [  2048,      1,      1,      1], type =    f32, size =    0.008 MiB
[ 722/ 963] blk.44.ffn_up.bias                   - [ 11008,      1,      1,      1], type =    f32, size =    0.042 MiB
[ 723/ 963] blk.44.ffn_up.weight                 - [  2048,  11008,      1,      1], type =    f16, converting to q2_K .. size =    43.00 MiB ->     7.05 MiB
[ 724/ 963] blk.45.attn_k.bias                   - [   256,      1,      1,      1], type =    f32, size =    0.001 MiB
[ 725/ 963] blk.45.attn_k.weight                 - [  2048,    256,      1,      1], type =    f16, converting to q2_K .. size =     1.00 MiB ->     0.16 MiB
[ 726/ 963] blk.45.attn_norm.weight              - [  2048,      1,      1,      1], type =    f32, size =    0.008 MiB
[ 727/ 963] blk.45.attn_output.bias              - [  2048,      1,      1,      1], type =    f32, size =    0.008 MiB
[ 728/ 963] blk.45.attn_output.weight            - [  2048,   2048,      1,      1], type =    f16, converting to q3_K .. size =     8.00 MiB ->     1.72 MiB
[ 729/ 963] blk.45.attn_q.bias                   - [  2048,      1,      1,      1], type =    f32, size =    0.008 MiB
[ 730/ 963] blk.45.attn_q.weight                 - [  2048,   2048,      1,      1], type =    f16, converting to q2_K .. size =     8.00 MiB ->     1.31 MiB
[ 731/ 963] blk.45.attn_v.bias                   - [   256,      1,      1,      1], type =    f32, size =    0.001 MiB
[ 732/ 963] blk.45.attn_v.weight                 - [  2048,    256,      1,      1], type =    f16, converting to q4_K .. size =     1.00 MiB ->     0.28 MiB
[ 733/ 963] blk.45.ffn_down.bias                 - [  2048,      1,      1,      1], type =    f32, size =    0.008 MiB
[ 734/ 963] blk.45.ffn_down.weight               - [ 11008,   2048,      1,      1], type =    f16, converting to q3_K .. size =    43.00 MiB ->     9.24 MiB
[ 735/ 963] blk.45.ffn_gate.bias                 - [ 11008,      1,      1,      1], type =    f32, size =    0.042 MiB
[ 736/ 963] blk.45.ffn_gate.weight               - [  2048,  11008,      1,      1], type =    f16, converting to q2_K .. size =    43.00 MiB ->     7.05 MiB
[ 737/ 963] blk.45.ffn_norm.weight               - [  2048,      1,      1,      1], type =    f32, size =    0.008 MiB
[ 738/ 963] blk.45.ffn_up.bias                   - [ 11008,      1,      1,      1], type =    f32, size =    0.042 MiB
[ 739/ 963] blk.45.ffn_up.weight                 - [  2048,  11008,      1,      1], type =    f16, converting to q2_K .. size =    43.00 MiB ->     7.05 MiB
[ 740/ 963] blk.46.attn_k.bias                   - [   256,      1,      1,      1], type =    f32, size =    0.001 MiB
[ 741/ 963] blk.46.attn_k.weight                 - [  2048,    256,      1,      1], type =    f16, converting to q2_K .. size =     1.00 MiB ->     0.16 MiB
[ 742/ 963] blk.46.attn_norm.weight              - [  2048,      1,      1,      1], type =    f32, size =    0.008 MiB
[ 743/ 963] blk.46.attn_output.bias              - [  2048,      1,      1,      1], type =    f32, size =    0.008 MiB
[ 744/ 963] blk.46.attn_output.weight            - [  2048,   2048,      1,      1], type =    f16, converting to q3_K .. size =     8.00 MiB ->     1.72 MiB
[ 745/ 963] blk.46.attn_q.bias                   - [  2048,      1,      1,      1], type =    f32, size =    0.008 MiB
[ 746/ 963] blk.46.attn_q.weight                 - [  2048,   2048,      1,      1], type =    f16, converting to q2_K .. size =     8.00 MiB ->     1.31 MiB
[ 747/ 963] blk.46.attn_v.bias                   - [   256,      1,      1,      1], type =    f32, size =    0.001 MiB
[ 748/ 963] blk.46.attn_v.weight                 - [  2048,    256,      1,      1], type =    f16, converting to q4_K .. size =     1.00 MiB ->     0.28 MiB
[ 749/ 963] blk.46.ffn_down.bias                 - [  2048,      1,      1,      1], type =    f32, size =    0.008 MiB
[ 750/ 963] blk.46.ffn_down.weight               - [ 11008,   2048,      1,      1], type =    f16, converting to q3_K .. size =    43.00 MiB ->     9.24 MiB
[ 751/ 963] blk.46.ffn_gate.bias                 - [ 11008,      1,      1,      1], type =    f32, size =    0.042 MiB
[ 752/ 963] blk.46.ffn_gate.weight               - [  2048,  11008,      1,      1], type =    f16, converting to q2_K .. size =    43.00 MiB ->     7.05 MiB
[ 753/ 963] blk.46.ffn_norm.weight               - [  2048,      1,      1,      1], type =    f32, size =    0.008 MiB
[ 754/ 963] blk.46.ffn_up.bias                   - [ 11008,      1,      1,      1], type =    f32, size =    0.042 MiB
[ 755/ 963] blk.46.ffn_up.weight                 - [  2048,  11008,      1,      1], type =    f16, converting to q2_K .. size =    43.00 MiB ->     7.05 MiB
[ 756/ 963] blk.47.attn_k.bias                   - [   256,      1,      1,      1], type =    f32, size =    0.001 MiB
[ 757/ 963] blk.47.attn_k.weight                 - [  2048,    256,      1,      1], type =    f16, converting to q2_K .. size =     1.00 MiB ->     0.16 MiB
[ 758/ 963] blk.47.attn_norm.weight              - [  2048,      1,      1,      1], type =    f32, size =    0.008 MiB
[ 759/ 963] blk.47.attn_output.bias              - [  2048,      1,      1,      1], type =    f32, size =    0.008 MiB
[ 760/ 963] blk.47.attn_output.weight            - [  2048,   2048,      1,      1], type =    f16, converting to q3_K .. size =     8.00 MiB ->     1.72 MiB
[ 761/ 963] blk.47.attn_q.bias                   - [  2048,      1,      1,      1], type =    f32, size =    0.008 MiB
[ 762/ 963] blk.47.attn_q.weight                 - [  2048,   2048,      1,      1], type =    f16, converting to q2_K .. size =     8.00 MiB ->     1.31 MiB
[ 763/ 963] blk.47.attn_v.bias                   - [   256,      1,      1,      1], type =    f32, size =    0.001 MiB
[ 764/ 963] blk.47.attn_v.weight                 - [  2048,    256,      1,      1], type =    f16, converting to q4_K .. size =     1.00 MiB ->     0.28 MiB
[ 765/ 963] blk.47.ffn_down.bias                 - [  2048,      1,      1,      1], type =    f32, size =    0.008 MiB
[ 766/ 963] blk.47.ffn_down.weight               - [ 11008,   2048,      1,      1], type =    f16, converting to q3_K .. size =    43.00 MiB ->     9.24 MiB
[ 767/ 963] blk.47.ffn_gate.bias                 - [ 11008,      1,      1,      1], type =    f32, size =    0.042 MiB
[ 768/ 963] blk.47.ffn_gate.weight               - [  2048,  11008,      1,      1], type =    f16, converting to q2_K .. size =    43.00 MiB ->     7.05 MiB
[ 769/ 963] blk.47.ffn_norm.weight               - [  2048,      1,      1,      1], type =    f32, size =    0.008 MiB
[ 770/ 963] blk.47.ffn_up.bias                   - [ 11008,      1,      1,      1], type =    f32, size =    0.042 MiB
[ 771/ 963] blk.47.ffn_up.weight                 - [  2048,  11008,      1,      1], type =    f16, converting to q2_K .. size =    43.00 MiB ->     7.05 MiB
[ 772/ 963] blk.48.attn_k.bias                   - [   256,      1,      1,      1], type =    f32, size =    0.001 MiB
[ 773/ 963] blk.48.attn_k.weight                 - [  2048,    256,      1,      1], type =    f16, converting to q2_K .. size =     1.00 MiB ->     0.16 MiB
[ 774/ 963] blk.48.attn_norm.weight              - [  2048,      1,      1,      1], type =    f32, size =    0.008 MiB
[ 775/ 963] blk.48.attn_output.bias              - [  2048,      1,      1,      1], type =    f32, size =    0.008 MiB
[ 776/ 963] blk.48.attn_output.weight            - [  2048,   2048,      1,      1], type =    f16, converting to q3_K .. size =     8.00 MiB ->     1.72 MiB
[ 777/ 963] blk.48.attn_q.bias                   - [  2048,      1,      1,      1], type =    f32, size =    0.008 MiB
[ 778/ 963] blk.48.attn_q.weight                 - [  2048,   2048,      1,      1], type =    f16, converting to q2_K .. size =     8.00 MiB ->     1.31 MiB
[ 779/ 963] blk.48.attn_v.bias                   - [   256,      1,      1,      1], type =    f32, size =    0.001 MiB
[ 780/ 963] blk.48.attn_v.weight                 - [  2048,    256,      1,      1], type =    f16, converting to q4_K .. size =     1.00 MiB ->     0.28 MiB
[ 781/ 963] blk.48.ffn_down.bias                 - [  2048,      1,      1,      1], type =    f32, size =    0.008 MiB
[ 782/ 963] blk.48.ffn_down.weight               - [ 11008,   2048,      1,      1], type =    f16, converting to q3_K .. size =    43.00 MiB ->     9.24 MiB
[ 783/ 963] blk.48.ffn_gate.bias                 - [ 11008,      1,      1,      1], type =    f32, size =    0.042 MiB
[ 784/ 963] blk.48.ffn_gate.weight               - [  2048,  11008,      1,      1], type =    f16, converting to q2_K .. size =    43.00 MiB ->     7.05 MiB
[ 785/ 963] blk.48.ffn_norm.weight               - [  2048,      1,      1,      1], type =    f32, size =    0.008 MiB
[ 786/ 963] blk.48.ffn_up.bias                   - [ 11008,      1,      1,      1], type =    f32, size =    0.042 MiB
[ 787/ 963] blk.48.ffn_up.weight                 - [  2048,  11008,      1,      1], type =    f16, converting to q2_K .. size =    43.00 MiB ->     7.05 MiB
[ 788/ 963] blk.49.attn_k.bias                   - [   256,      1,      1,      1], type =    f32, size =    0.001 MiB
[ 789/ 963] blk.49.attn_k.weight                 - [  2048,    256,      1,      1], type =    f16, converting to q2_K .. size =     1.00 MiB ->     0.16 MiB
[ 790/ 963] blk.49.attn_norm.weight              - [  2048,      1,      1,      1], type =    f32, size =    0.008 MiB
[ 791/ 963] blk.49.attn_output.bias              - [  2048,      1,      1,      1], type =    f32, size =    0.008 MiB
[ 792/ 963] blk.49.attn_output.weight            - [  2048,   2048,      1,      1], type =    f16, converting to q3_K .. size =     8.00 MiB ->     1.72 MiB
[ 793/ 963] blk.49.attn_q.bias                   - [  2048,      1,      1,      1], type =    f32, size =    0.008 MiB
[ 794/ 963] blk.49.attn_q.weight                 - [  2048,   2048,      1,      1], type =    f16, converting to q2_K .. size =     8.00 MiB ->     1.31 MiB
[ 795/ 963] blk.49.attn_v.bias                   - [   256,      1,      1,      1], type =    f32, size =    0.001 MiB
[ 796/ 963] blk.49.attn_v.weight                 - [  2048,    256,      1,      1], type =    f16, converting to q4_K .. size =     1.00 MiB ->     0.28 MiB
[ 797/ 963] blk.49.ffn_down.bias                 - [  2048,      1,      1,      1], type =    f32, size =    0.008 MiB
[ 798/ 963] blk.49.ffn_down.weight               - [ 11008,   2048,      1,      1], type =    f16, converting to q3_K .. size =    43.00 MiB ->     9.24 MiB
[ 799/ 963] blk.49.ffn_gate.bias                 - [ 11008,      1,      1,      1], type =    f32, size =    0.042 MiB
[ 800/ 963] blk.49.ffn_gate.weight               - [  2048,  11008,      1,      1], type =    f16, converting to q2_K .. size =    43.00 MiB ->     7.05 MiB
[ 801/ 963] blk.49.ffn_norm.weight               - [  2048,      1,      1,      1], type =    f32, size =    0.008 MiB
[ 802/ 963] blk.49.ffn_up.bias                   - [ 11008,      1,      1,      1], type =    f32, size =    0.042 MiB
[ 803/ 963] blk.49.ffn_up.weight                 - [  2048,  11008,      1,      1], type =    f16, converting to q2_K .. size =    43.00 MiB ->     7.05 MiB
[ 804/ 963] blk.50.attn_k.bias                   - [   256,      1,      1,      1], type =    f32, size =    0.001 MiB
[ 805/ 963] blk.50.attn_k.weight                 - [  2048,    256,      1,      1], type =    f16, converting to q2_K .. size =     1.00 MiB ->     0.16 MiB
[ 806/ 963] blk.50.attn_norm.weight              - [  2048,      1,      1,      1], type =    f32, size =    0.008 MiB
[ 807/ 963] blk.50.attn_output.bias              - [  2048,      1,      1,      1], type =    f32, size =    0.008 MiB
[ 808/ 963] blk.50.attn_output.weight            - [  2048,   2048,      1,      1], type =    f16, converting to q3_K .. size =     8.00 MiB ->     1.72 MiB
[ 809/ 963] blk.50.attn_q.bias                   - [  2048,      1,      1,      1], type =    f32, size =    0.008 MiB
[ 810/ 963] blk.50.attn_q.weight                 - [  2048,   2048,      1,      1], type =    f16, converting to q2_K .. size =     8.00 MiB ->     1.31 MiB
[ 811/ 963] blk.50.attn_v.bias                   - [   256,      1,      1,      1], type =    f32, size =    0.001 MiB
[ 812/ 963] blk.50.attn_v.weight                 - [  2048,    256,      1,      1], type =    f16, converting to q4_K .. size =     1.00 MiB ->     0.28 MiB
[ 813/ 963] blk.50.ffn_down.bias                 - [  2048,      1,      1,      1], type =    f32, size =    0.008 MiB
[ 814/ 963] blk.50.ffn_down.weight               - [ 11008,   2048,      1,      1], type =    f16, converting to q3_K .. size =    43.00 MiB ->     9.24 MiB
[ 815/ 963] blk.50.ffn_gate.bias                 - [ 11008,      1,      1,      1], type =    f32, size =    0.042 MiB
[ 816/ 963] blk.50.ffn_gate.weight               - [  2048,  11008,      1,      1], type =    f16, converting to q2_K .. size =    43.00 MiB ->     7.05 MiB
[ 817/ 963] blk.50.ffn_norm.weight               - [  2048,      1,      1,      1], type =    f32, size =    0.008 MiB
[ 818/ 963] blk.50.ffn_up.bias                   - [ 11008,      1,      1,      1], type =    f32, size =    0.042 MiB
[ 819/ 963] blk.50.ffn_up.weight                 - [  2048,  11008,      1,      1], type =    f16, converting to q2_K .. size =    43.00 MiB ->     7.05 MiB
[ 820/ 963] blk.51.attn_k.bias                   - [   256,      1,      1,      1], type =    f32, size =    0.001 MiB
[ 821/ 963] blk.51.attn_k.weight                 - [  2048,    256,      1,      1], type =    f16, converting to q2_K .. size =     1.00 MiB ->     0.16 MiB
[ 822/ 963] blk.51.attn_norm.weight              - [  2048,      1,      1,      1], type =    f32, size =    0.008 MiB
[ 823/ 963] blk.51.attn_output.bias              - [  2048,      1,      1,      1], type =    f32, size =    0.008 MiB
[ 824/ 963] blk.51.attn_output.weight            - [  2048,   2048,      1,      1], type =    f16, converting to q3_K .. size =     8.00 MiB ->     1.72 MiB
[ 825/ 963] blk.51.attn_q.bias                   - [  2048,      1,      1,      1], type =    f32, size =    0.008 MiB
[ 826/ 963] blk.51.attn_q.weight                 - [  2048,   2048,      1,      1], type =    f16, converting to q2_K .. size =     8.00 MiB ->     1.31 MiB
[ 827/ 963] blk.51.attn_v.bias                   - [   256,      1,      1,      1], type =    f32, size =    0.001 MiB
[ 828/ 963] blk.51.attn_v.weight                 - [  2048,    256,      1,      1], type =    f16, converting to q4_K .. size =     1.00 MiB ->     0.28 MiB
[ 829/ 963] blk.51.ffn_down.bias                 - [  2048,      1,      1,      1], type =    f32, size =    0.008 MiB
[ 830/ 963] blk.51.ffn_down.weight               - [ 11008,   2048,      1,      1], type =    f16, converting to q3_K .. size =    43.00 MiB ->     9.24 MiB
[ 831/ 963] blk.51.ffn_gate.bias                 - [ 11008,      1,      1,      1], type =    f32, size =    0.042 MiB
[ 832/ 963] blk.51.ffn_gate.weight               - [  2048,  11008,      1,      1], type =    f16, converting to q2_K .. size =    43.00 MiB ->     7.05 MiB
[ 833/ 963] blk.51.ffn_norm.weight               - [  2048,      1,      1,      1], type =    f32, size =    0.008 MiB
[ 834/ 963] blk.51.ffn_up.bias                   - [ 11008,      1,      1,      1], type =    f32, size =    0.042 MiB
[ 835/ 963] blk.51.ffn_up.weight                 - [  2048,  11008,      1,      1], type =    f16, converting to q2_K .. size =    43.00 MiB ->     7.05 MiB
[ 836/ 963] blk.52.attn_k.bias                   - [   256,      1,      1,      1], type =    f32, size =    0.001 MiB
[ 837/ 963] blk.52.attn_k.weight                 - [  2048,    256,      1,      1], type =    f16, converting to q2_K .. size =     1.00 MiB ->     0.16 MiB
[ 838/ 963] blk.52.attn_norm.weight              - [  2048,      1,      1,      1], type =    f32, size =    0.008 MiB
[ 839/ 963] blk.52.attn_output.bias              - [  2048,      1,      1,      1], type =    f32, size =    0.008 MiB
[ 840/ 963] blk.52.attn_output.weight            - [  2048,   2048,      1,      1], type =    f16, converting to q3_K .. size =     8.00 MiB ->     1.72 MiB
[ 841/ 963] blk.52.attn_q.bias                   - [  2048,      1,      1,      1], type =    f32, size =    0.008 MiB
[ 842/ 963] blk.52.attn_q.weight                 - [  2048,   2048,      1,      1], type =    f16, converting to q2_K .. size =     8.00 MiB ->     1.31 MiB
[ 843/ 963] blk.52.attn_v.bias                   - [   256,      1,      1,      1], type =    f32, size =    0.001 MiB
[ 844/ 963] blk.52.attn_v.weight                 - [  2048,    256,      1,      1], type =    f16, converting to q4_K .. size =     1.00 MiB ->     0.28 MiB
[ 845/ 963] blk.52.ffn_down.bias                 - [  2048,      1,      1,      1], type =    f32, size =    0.008 MiB
[ 846/ 963] blk.52.ffn_down.weight               - [ 11008,   2048,      1,      1], type =    f16, converting to q3_K .. size =    43.00 MiB ->     9.24 MiB
[ 847/ 963] blk.52.ffn_gate.bias                 - [ 11008,      1,      1,      1], type =    f32, size =    0.042 MiB
[ 848/ 963] blk.52.ffn_gate.weight               - [  2048,  11008,      1,      1], type =    f16, converting to q2_K .. size =    43.00 MiB ->     7.05 MiB
[ 849/ 963] blk.52.ffn_norm.weight               - [  2048,      1,      1,      1], type =    f32, size =    0.008 MiB
[ 850/ 963] blk.52.ffn_up.bias                   - [ 11008,      1,      1,      1], type =    f32, size =    0.042 MiB
[ 851/ 963] blk.52.ffn_up.weight                 - [  2048,  11008,      1,      1], type =    f16, converting to q2_K .. size =    43.00 MiB ->     7.05 MiB
[ 852/ 963] blk.53.attn_k.bias                   - [   256,      1,      1,      1], type =    f32, size =    0.001 MiB
[ 853/ 963] blk.53.attn_k.weight                 - [  2048,    256,      1,      1], type =    f16, converting to q2_K .. size =     1.00 MiB ->     0.16 MiB
[ 854/ 963] blk.53.attn_norm.weight              - [  2048,      1,      1,      1], type =    f32, size =    0.008 MiB
[ 855/ 963] blk.53.attn_output.bias              - [  2048,      1,      1,      1], type =    f32, size =    0.008 MiB
[ 856/ 963] blk.53.attn_output.weight            - [  2048,   2048,      1,      1], type =    f16, converting to q3_K .. size =     8.00 MiB ->     1.72 MiB
[ 857/ 963] blk.53.attn_q.bias                   - [  2048,      1,      1,      1], type =    f32, size =    0.008 MiB
[ 858/ 963] blk.53.attn_q.weight                 - [  2048,   2048,      1,      1], type =    f16, converting to q2_K .. size =     8.00 MiB ->     1.31 MiB
[ 859/ 963] blk.53.attn_v.bias                   - [   256,      1,      1,      1], type =    f32, size =    0.001 MiB
[ 860/ 963] blk.53.attn_v.weight                 - [  2048,    256,      1,      1], type =    f16, converting to q4_K .. size =     1.00 MiB ->     0.28 MiB
[ 861/ 963] blk.53.ffn_down.bias                 - [  2048,      1,      1,      1], type =    f32, size =    0.008 MiB
[ 862/ 963] blk.53.ffn_down.weight               - [ 11008,   2048,      1,      1], type =    f16, converting to q3_K .. size =    43.00 MiB ->     9.24 MiB
[ 863/ 963] blk.53.ffn_gate.bias                 - [ 11008,      1,      1,      1], type =    f32, size =    0.042 MiB
[ 864/ 963] blk.53.ffn_gate.weight               - [  2048,  11008,      1,      1], type =    f16, converting to q2_K .. size =    43.00 MiB ->     7.05 MiB
[ 865/ 963] blk.53.ffn_norm.weight               - [  2048,      1,      1,      1], type =    f32, size =    0.008 MiB
[ 866/ 963] blk.53.ffn_up.bias                   - [ 11008,      1,      1,      1], type =    f32, size =    0.042 MiB
[ 867/ 963] blk.53.ffn_up.weight                 - [  2048,  11008,      1,      1], type =    f16, converting to q2_K .. size =    43.00 MiB ->     7.05 MiB
[ 868/ 963] blk.54.attn_k.bias                   - [   256,      1,      1,      1], type =    f32, size =    0.001 MiB
[ 869/ 963] blk.54.attn_k.weight                 - [  2048,    256,      1,      1], type =    f16, converting to q2_K .. size =     1.00 MiB ->     0.16 MiB
[ 870/ 963] blk.54.attn_norm.weight              - [  2048,      1,      1,      1], type =    f32, size =    0.008 MiB
[ 871/ 963] blk.54.attn_output.bias              - [  2048,      1,      1,      1], type =    f32, size =    0.008 MiB
[ 872/ 963] blk.54.attn_output.weight            - [  2048,   2048,      1,      1], type =    f16, converting to q3_K .. size =     8.00 MiB ->     1.72 MiB
[ 873/ 963] blk.54.attn_q.bias                   - [  2048,      1,      1,      1], type =    f32, size =    0.008 MiB
[ 874/ 963] blk.54.attn_q.weight                 - [  2048,   2048,      1,      1], type =    f16, converting to q2_K .. size =     8.00 MiB ->     1.31 MiB
[ 875/ 963] blk.54.attn_v.bias                   - [   256,      1,      1,      1], type =    f32, size =    0.001 MiB
[ 876/ 963] blk.54.attn_v.weight                 - [  2048,    256,      1,      1], type =    f16, converting to q4_K .. size =     1.00 MiB ->     0.28 MiB
[ 877/ 963] blk.54.ffn_down.bias                 - [  2048,      1,      1,      1], type =    f32, size =    0.008 MiB
[ 878/ 963] blk.54.ffn_down.weight               - [ 11008,   2048,      1,      1], type =    f16, converting to q3_K .. size =    43.00 MiB ->     9.24 MiB
[ 879/ 963] blk.54.ffn_gate.bias                 - [ 11008,      1,      1,      1], type =    f32, size =    0.042 MiB
[ 880/ 963] blk.54.ffn_gate.weight               - [  2048,  11008,      1,      1], type =    f16, converting to q2_K .. size =    43.00 MiB ->     7.05 MiB
[ 881/ 963] blk.54.ffn_norm.weight               - [  2048,      1,      1,      1], type =    f32, size =    0.008 MiB
[ 882/ 963] blk.54.ffn_up.bias                   - [ 11008,      1,      1,      1], type =    f32, size =    0.042 MiB
[ 883/ 963] blk.54.ffn_up.weight                 - [  2048,  11008,      1,      1], type =    f16, converting to q2_K .. size =    43.00 MiB ->     7.05 MiB
[ 884/ 963] blk.55.attn_k.bias                   - [   256,      1,      1,      1], type =    f32, size =    0.001 MiB
[ 885/ 963] blk.55.attn_k.weight                 - [  2048,    256,      1,      1], type =    f16, converting to q2_K .. size =     1.00 MiB ->     0.16 MiB
[ 886/ 963] blk.55.attn_norm.weight              - [  2048,      1,      1,      1], type =    f32, size =    0.008 MiB
[ 887/ 963] blk.55.attn_output.bias              - [  2048,      1,      1,      1], type =    f32, size =    0.008 MiB
[ 888/ 963] blk.55.attn_output.weight            - [  2048,   2048,      1,      1], type =    f16, converting to q3_K .. size =     8.00 MiB ->     1.72 MiB
[ 889/ 963] blk.55.attn_q.bias                   - [  2048,      1,      1,      1], type =    f32, size =    0.008 MiB
[ 890/ 963] blk.55.attn_q.weight                 - [  2048,   2048,      1,      1], type =    f16, converting to q2_K .. size =     8.00 MiB ->     1.31 MiB
[ 891/ 963] blk.55.attn_v.bias                   - [   256,      1,      1,      1], type =    f32, size =    0.001 MiB
[ 892/ 963] blk.55.attn_v.weight                 - [  2048,    256,      1,      1], type =    f16, converting to q4_K .. size =     1.00 MiB ->     0.28 MiB
[ 893/ 963] blk.55.ffn_down.bias                 - [  2048,      1,      1,      1], type =    f32, size =    0.008 MiB
[ 894/ 963] blk.55.ffn_down.weight               - [ 11008,   2048,      1,      1], type =    f16, converting to q3_K .. size =    43.00 MiB ->     9.24 MiB
[ 895/ 963] blk.55.ffn_gate.bias                 - [ 11008,      1,      1,      1], type =    f32, size =    0.042 MiB
[ 896/ 963] blk.55.ffn_gate.weight               - [  2048,  11008,      1,      1], type =    f16, converting to q2_K .. size =    43.00 MiB ->     7.05 MiB
[ 897/ 963] blk.55.ffn_norm.weight               - [  2048,      1,      1,      1], type =    f32, size =    0.008 MiB
[ 898/ 963] blk.55.ffn_up.bias                   - [ 11008,      1,      1,      1], type =    f32, size =    0.042 MiB
[ 899/ 963] blk.55.ffn_up.weight                 - [  2048,  11008,      1,      1], type =    f16, converting to q2_K .. size =    43.00 MiB ->     7.05 MiB
[ 900/ 963] blk.56.attn_k.bias                   - [   256,      1,      1,      1], type =    f32, size =    0.001 MiB
[ 901/ 963] blk.56.attn_k.weight                 - [  2048,    256,      1,      1], type =    f16, converting to q2_K .. size =     1.00 MiB ->     0.16 MiB
[ 902/ 963] blk.56.attn_norm.weight              - [  2048,      1,      1,      1], type =    f32, size =    0.008 MiB
[ 903/ 963] blk.56.attn_output.bias              - [  2048,      1,      1,      1], type =    f32, size =    0.008 MiB
[ 904/ 963] blk.56.attn_output.weight            - [  2048,   2048,      1,      1], type =    f16, converting to q3_K .. size =     8.00 MiB ->     1.72 MiB
[ 905/ 963] blk.56.attn_q.bias                   - [  2048,      1,      1,      1], type =    f32, size =    0.008 MiB
[ 906/ 963] blk.56.attn_q.weight                 - [  2048,   2048,      1,      1], type =    f16, converting to q2_K .. size =     8.00 MiB ->     1.31 MiB
[ 907/ 963] blk.56.attn_v.bias                   - [   256,      1,      1,      1], type =    f32, size =    0.001 MiB
[ 908/ 963] blk.56.attn_v.weight                 - [  2048,    256,      1,      1], type =    f16, converting to q4_K .. size =     1.00 MiB ->     0.28 MiB
[ 909/ 963] blk.56.ffn_down.bias                 - [  2048,      1,      1,      1], type =    f32, size =    0.008 MiB
[ 910/ 963] blk.56.ffn_down.weight               - [ 11008,   2048,      1,      1], type =    f16, converting to q3_K .. size =    43.00 MiB ->     9.24 MiB
[ 911/ 963] blk.56.ffn_gate.bias                 - [ 11008,      1,      1,      1], type =    f32, size =    0.042 MiB
[ 912/ 963] blk.56.ffn_gate.weight               - [  2048,  11008,      1,      1], type =    f16, converting to q2_K .. size =    43.00 MiB ->     7.05 MiB
[ 913/ 963] blk.56.ffn_norm.weight               - [  2048,      1,      1,      1], type =    f32, size =    0.008 MiB
[ 914/ 963] blk.56.ffn_up.bias                   - [ 11008,      1,      1,      1], type =    f32, size =    0.042 MiB
[ 915/ 963] blk.56.ffn_up.weight                 - [  2048,  11008,      1,      1], type =    f16, converting to q2_K .. size =    43.00 MiB ->     7.05 MiB
[ 916/ 963] blk.57.attn_k.bias                   - [   256,      1,      1,      1], type =    f32, size =    0.001 MiB
[ 917/ 963] blk.57.attn_k.weight                 - [  2048,    256,      1,      1], type =    f16, converting to q2_K .. size =     1.00 MiB ->     0.16 MiB
[ 918/ 963] blk.57.attn_norm.weight              - [  2048,      1,      1,      1], type =    f32, size =    0.008 MiB
[ 919/ 963] blk.57.attn_output.bias              - [  2048,      1,      1,      1], type =    f32, size =    0.008 MiB
[ 920/ 963] blk.57.attn_output.weight            - [  2048,   2048,      1,      1], type =    f16, converting to q3_K .. size =     8.00 MiB ->     1.72 MiB
[ 921/ 963] blk.57.attn_q.bias                   - [  2048,      1,      1,      1], type =    f32, size =    0.008 MiB
[ 922/ 963] blk.57.attn_q.weight                 - [  2048,   2048,      1,      1], type =    f16, converting to q2_K .. size =     8.00 MiB ->     1.31 MiB
[ 923/ 963] blk.57.attn_v.bias                   - [   256,      1,      1,      1], type =    f32, size =    0.001 MiB
[ 924/ 963] blk.57.attn_v.weight                 - [  2048,    256,      1,      1], type =    f16, converting to q4_K .. size =     1.00 MiB ->     0.28 MiB
[ 925/ 963] blk.57.ffn_down.bias                 - [  2048,      1,      1,      1], type =    f32, size =    0.008 MiB
[ 926/ 963] blk.57.ffn_down.weight               - [ 11008,   2048,      1,      1], type =    f16, converting to q3_K .. size =    43.00 MiB ->     9.24 MiB
[ 927/ 963] blk.57.ffn_gate.bias                 - [ 11008,      1,      1,      1], type =    f32, size =    0.042 MiB
[ 928/ 963] blk.57.ffn_gate.weight               - [  2048,  11008,      1,      1], type =    f16, converting to q2_K .. size =    43.00 MiB ->     7.05 MiB
[ 929/ 963] blk.57.ffn_norm.weight               - [  2048,      1,      1,      1], type =    f32, size =    0.008 MiB
[ 930/ 963] blk.57.ffn_up.bias                   - [ 11008,      1,      1,      1], type =    f32, size =    0.042 MiB
[ 931/ 963] blk.57.ffn_up.weight                 - [  2048,  11008,      1,      1], type =    f16, converting to q2_K .. size =    43.00 MiB ->     7.05 MiB
[ 932/ 963] blk.58.attn_k.bias                   - [   256,      1,      1,      1], type =    f32, size =    0.001 MiB
[ 933/ 963] blk.58.attn_k.weight                 - [  2048,    256,      1,      1], type =    f16, converting to q2_K .. size =     1.00 MiB ->     0.16 MiB
[ 934/ 963] blk.58.attn_norm.weight              - [  2048,      1,      1,      1], type =    f32, size =    0.008 MiB
[ 935/ 963] blk.58.attn_output.bias              - [  2048,      1,      1,      1], type =    f32, size =    0.008 MiB
[ 936/ 963] blk.58.attn_output.weight            - [  2048,   2048,      1,      1], type =    f16, converting to q3_K .. size =     8.00 MiB ->     1.72 MiB
[ 937/ 963] blk.58.attn_q.bias                   - [  2048,      1,      1,      1], type =    f32, size =    0.008 MiB
[ 938/ 963] blk.58.attn_q.weight                 - [  2048,   2048,      1,      1], type =    f16, converting to q2_K .. size =     8.00 MiB ->     1.31 MiB
[ 939/ 963] blk.58.attn_v.bias                   - [   256,      1,      1,      1], type =    f32, size =    0.001 MiB
[ 940/ 963] blk.58.attn_v.weight                 - [  2048,    256,      1,      1], type =    f16, converting to q4_K .. size =     1.00 MiB ->     0.28 MiB
[ 941/ 963] blk.58.ffn_down.bias                 - [  2048,      1,      1,      1], type =    f32, size =    0.008 MiB
[ 942/ 963] blk.58.ffn_down.weight               - [ 11008,   2048,      1,      1], type =    f16, converting to q3_K .. size =    43.00 MiB ->     9.24 MiB
[ 943/ 963] blk.58.ffn_gate.bias                 - [ 11008,      1,      1,      1], type =    f32, size =    0.042 MiB
[ 944/ 963] blk.58.ffn_gate.weight               - [  2048,  11008,      1,      1], type =    f16, converting to q2_K .. size =    43.00 MiB ->     7.05 MiB
[ 945/ 963] blk.58.ffn_norm.weight               - [  2048,      1,      1,      1], type =    f32, size =    0.008 MiB
[ 946/ 963] blk.58.ffn_up.bias                   - [ 11008,      1,      1,      1], type =    f32, size =    0.042 MiB
[ 947/ 963] blk.58.ffn_up.weight                 - [  2048,  11008,      1,      1], type =    f16, converting to q2_K .. size =    43.00 MiB ->     7.05 MiB
[ 948/ 963] blk.59.attn_k.bias                   - [   256,      1,      1,      1], type =    f32, size =    0.001 MiB
[ 949/ 963] blk.59.attn_k.weight                 - [  2048,    256,      1,      1], type =    f16, converting to q2_K .. size =     1.00 MiB ->     0.16 MiB
[ 950/ 963] blk.59.attn_norm.weight              - [  2048,      1,      1,      1], type =    f32, size =    0.008 MiB
[ 951/ 963] blk.59.attn_output.bias              - [  2048,      1,      1,      1], type =    f32, size =    0.008 MiB
[ 952/ 963] blk.59.attn_output.weight            - [  2048,   2048,      1,      1], type =    f16, converting to q3_K .. size =     8.00 MiB ->     1.72 MiB
[ 953/ 963] blk.59.attn_q.bias                   - [  2048,      1,      1,      1], type =    f32, size =    0.008 MiB
[ 954/ 963] blk.59.attn_q.weight                 - [  2048,   2048,      1,      1], type =    f16, converting to q2_K .. size =     8.00 MiB ->     1.31 MiB
[ 955/ 963] blk.59.attn_v.bias                   - [   256,      1,      1,      1], type =    f32, size =    0.001 MiB
[ 956/ 963] blk.59.attn_v.weight                 - [  2048,    256,      1,      1], type =    f16, converting to q4_K .. size =     1.00 MiB ->     0.28 MiB
[ 957/ 963] blk.59.ffn_down.bias                 - [  2048,      1,      1,      1], type =    f32, size =    0.008 MiB
[ 958/ 963] blk.59.ffn_down.weight               - [ 11008,   2048,      1,      1], type =    f16, converting to q3_K .. size =    43.00 MiB ->     9.24 MiB
[ 959/ 963] blk.59.ffn_gate.bias                 - [ 11008,      1,      1,      1], type =    f32, size =    0.042 MiB
[ 960/ 963] blk.59.ffn_gate.weight               - [  2048,  11008,      1,      1], type =    f16, converting to q2_K .. size =    43.00 MiB ->     7.05 MiB
[ 961/ 963] blk.59.ffn_norm.weight               - [  2048,      1,      1,      1], type =    f32, size =    0.008 MiB
[ 962/ 963] blk.59.ffn_up.bias                   - [ 11008,      1,      1,      1], type =    f32, size =    0.042 MiB
[ 963/ 963] blk.59.ffn_up.weight                 - [  2048,  11008,      1,      1], type =    f16, converting to q2_K .. size =    43.00 MiB ->     7.05 MiB
llama_model_quantize_impl: model size  =  9077.51 MiB (16.01 BPW)
llama_model_quantize_impl: quant size  =  1688.74 MiB (2.98 BPW)

llama_quantize: quantize time = 20631.64 ms
llama_quantize:    total time = 20631.64 ms
[prepare] done: ./models/bielik-4.5b/bielik-4.5b-Q2_K.gguf size=1.7G time=21s
[prepare] generated/source GGUF files:
MODEL                  SIZE               FILE
bielik-4.5b            8.9G               ./models/bielik-4.5b/Bielik-4.5B-v3.0-Instruct-fp16.gguf
bielik-4.5b            1.7G               ./models/bielik-4.5b/bielik-4.5b-Q2_K.gguf
bielik-4.5b            2.5G               ./models/bielik-4.5b/bielik-4.5b-Q4_0.gguf
bielik-4.5b            2.7G               ./models/bielik-4.5b/bielik-4.5b-Q4_K_M.gguf
bielik-4.5b            4.7G               ./models/bielik-4.5b/bielik-4.5b-Q8_0.gguf
gemma3-4b              1.6G               ./models/gemma3-4b/gemma3-4b-Q2_K.gguf
gemma3-4b              2.2G               ./models/gemma3-4b/gemma3-4b-Q4_0.gguf
gemma3-4b              2.3G               ./models/gemma3-4b/gemma3-4b-Q4_K_M.gguf
gemma3-4b              3.9G               ./models/gemma3-4b/gemma3-4b-Q8_0.gguf
gemma3-4b              7.2G               ./models/gemma3-4b/google_gemma-3-4b-it-bf16.gguf
gemma4-e2b             2.8G               ./models/gemma4-e2b/gemma4-e2b-Q2_K.gguf
gemma4-e2b             3.1G               ./models/gemma4-e2b/gemma4-e2b-Q4_0.gguf
gemma4-e2b             3.2G               ./models/gemma4-e2b/gemma4-e2b-Q4_K_M.gguf
gemma4-e2b             4.6G               ./models/gemma4-e2b/gemma4-e2b-Q8_0.gguf
gemma4-e2b             8.7G               ./models/gemma4-e2b/google_gemma-4-E2B-it-bf16.gguf
